order_id,order_ts,customer_id,region,channel,product_sku,product_name,category,quantity,unit_price_usd,discount_pct,order_status,shipping_days
ORD-004291,2026-01-28 16:29:16,CUST-00318,North America,partner,SKU-1003,500pc Night Market,  Puzzles ,1,26.98,0.00,refunded,2
ORD-003561,07/25/2025,CUST-01587,APAC,retail,SKU-1206,Warband Set,Miniatures,2,69.90,0.00,completed,20
ORD-001008,12/28/2025,CUST-00710,North America,online,SKU-1380,1000pc Coastline,Puzzles,1,26.00,0.15,completed,1
ORD-001383,12-May-2025,CUST-01130,EMEA,partner,SKU-1045,Season Pass,DIGITAL,4,8.54,0.00,cancelled,8
ORD-004484,2026-05-24 23:10:26,CUST-00588,NORTH AMERICA,wholesale,SKU-1198,Deck Box,Accessories,1,18.88,0.00,refunded,14
ORD-001821,2025-10-06 07:05:46,CUST-00449,North America,retail,SKU-1067,Paint Set,Miniatures,12,37.33,0.00,pending,7
ORD-002381,2025-05-09 07:08:30,CUST-00631,EMEA,partner,SKU-1013,Booster Pack,Trading Cards,2,209.72,0.00,refunded,2
ORD-001304,2025-05-06T07:42:56Z,CUST-00563,EMEA,WHOLESALE,SKU-1144,Season Pass,Digital,1,28.56,0.25,pending,13
ORD-000976,2025-01-20 18:36:28,CUST-00770,EMEA,wholesale,SKU-1205,Paint Set,  Miniatures ,5,75.14,0.00,cancelled,13
ORD-004362,12-May-2026,CUST-00786,LATAM,retail,SKU-1386,Promo Tin,Trading Cards,2,$159.28,0.00,refunded,19
ORD-004236,2026-05-09 21:44:26,CUST-01663,LATAM,retail,SKU-1268,Card Sleeves,Accessories,2,19.34,0.00,cancelled,20
ORD-002982,2025-02-14T20:50:14Z,CUST-01263,LATAM,wholesale,SKU-1202,Cosmetic Bundle,Digital,1,56.14,0.00,completed,18
ORD-000283,05/18/2025,CUST-01585,North America,retail,SKU-1009,Paint Set,Miniatures,8,139.45,0.00,pending,3
ORD-004926,2026-04-23 11:59:52,CUST-01557,LATAM,wholesale,SKU-1067,Dungeon Delve,Board Games,1,15.98,0.15,cancelled,
ORD-001642,2025-12-17 00:47:47,CUST-00490,apac,retail,SKU-1080,Playmat,  Accessories ,8,14.04,0.15,pending,12
ORD-002565,2025-06-05 12:47:46,CUST-01689,North America,retail,SKU-1378,Deck Box,  Accessories ,3,11.28,0.00,completed,14
ORD-001945,2025-01-02 18:26:31,CUST-00551,North America,online,SKU-1278,Dice Set,  Accessories ,3,31.47,0.00,refunded,5
ORD-002084,06/14/2025,CUST-00131,emea,RETAIL,SKU-1385,2000pc Star Chart,Puzzles,1,17.55,0.00,cancelled,14
ORD-001572,27-Apr-2026,CUST-00106,North America,retail,SKU-1295,Bundle Case,Trading Cards,1,12.04,0.20,refunded,9
ORD-004743,2026-04-14 02:33:38,CUST-00823,LATAM,online,SKU-1341,Expansion Key,digital,2,25.16,0.00,completed,12
ORD-002200,2025-06-04 01:45:24,CUST-00132,EMEA,retail,SKU-1365,Booster Pack,Trading Cards,2,189.42,0.25,cancelled,18
ORD-003852,10-Aug-2025,CUST-00553,EMEA,online,SKU-1175,Collector Box,Trading Cards,4,22.76,0.05,refunded,6
ORD-003370,2025-02-27 05:13:44,CUST-00500,EMEA,partner,SKU-1111,1000pc Coastline,Puzzles,1,34.47,0.00,cancelled,6
ORD-002210,2025-02-12 04:55:02,CUST-00613,APAC,partner,SKU-1132,Expansion Key,Digital,8,47.45,0.00,refunded,10
ORD-004722,07/13/2025,CUST-00943,EMEA,online,SKU-1399,Terrain Kit,MINIATURES,2,103.95,0.15,cancelled,13
ORD-001891,2026-01-30 20:57:37,CUST-00982,NORTH AMERICA,partner,SKU-1293,2000pc Star Chart,Puzzles,1,$33.25,0.00,refunded,10
ORD-002180,22-Jan-2025,CUST-00108,apac,wholesale,SKU-1029,Collector Box,TRADING CARDS,2,226.03,0.15,refunded,13
ORD-002554,04/03/2025,CUST-01186,LATAM,partner,SKU-1310,Expansion Key,Digital,3,25.21,0.00,cancelled,17
ORD-004049,06/15/2026,CUST-01263,EMEA,retail,SKU-1170,Season Pass,Digital,12,53.76,0.00,pending,4
ORD-002730,10/20/2025,CUST-00709,EMEA,partner,SKU-1083,Deck Box,Accessories,1,17.41,0.00,completed,8
ORD-003164,04/29/2025,CUST-00856,EMEA,online,SKU-1258,Dice Set,Accessories,8,31.36,0.25,refunded,5
ORD-002937,2025-03-07T18:14:38Z,CUST-00060,NORTH AMERICA,wholesale,SKU-1298,2000pc Star Chart,puzzles,2,11.48,0.00,refunded,9
ORD-003528,31-Oct-2025,CUST-00052,North America,  online ,SKU-1093,Season Pass,Digital,3,56.73,0.20,pending,11
ORD-003319,2026-03-21 21:28:20,CUST-01699,LATAM,RETAIL,SKU-1221,Starter Deck,Trading Cards,8,87.15,0.00,cancelled,10
ORD-004326,2026-01-18 05:29:42,CUST-00518,North America,retail,SKU-1135,Playmat,Accessories,1,29.81,0.25,completed,7
ORD-001407,2025-07-20 06:40:27,CUST-00188,APAC,wholesale,SKU-1286,Terrain Kit,Miniatures,1,73.22,0.05,cancelled,2
ORD-003447,08/21/2025,CUST-01028,North America,retail,SKU-1163,500pc Night Market,Puzzles,2,15.89,0.00,refunded,1
ORD-004560,2026-03-16 19:21:29,CUST-01422,  North America ,online,SKU-1124,Season Pass,Digital,2,29.80,0.00,pending,13
ORD-003983,2025-02-19 00:02:38,CUST-00453,LATAM,partner,SKU-1348,Expansion Key,Digital,1,49.29,0.00,completed,11
ORD-004581,2025-07-23 17:15:10,CUST-01142,EMEA,retail,SKU-1062,Starter Deck,  Trading Cards ,1,180.99,0.00,pending,12
ORD-000757,04/21/2025,CUST-00763,APAC,,SKU-1128,Playmat,accessories,-1,36.08,0.00,refunded,21
ORD-001050,2025-11-14 08:21:44,CUST-00557,  EMEA ,  partner ,SKU-1007,Paint Set,Miniatures,3,109.33,0.00,cancelled,18
ORD-004098,2025-03-10 07:41:20,CUST-00736,  North America ,wholesale,SKU-1246,Playmat,Accessories,1,24.81,0.05,cancelled,3
ORD-001162,2025-12-01 02:15:56,CUST-00814,North America,wholesale,SKU-1071,Dungeon Delve,Board Games,3,50.40,0.10,completed,20
ORD-004772,2025-04-17 03:04:25,CUST-00822,North America,partner,SKU-1092,Promo Tin,Trading Cards,2,4.16,0.00,pending,21
ORD-002548,2026-06-10T00:35:54Z,CUST-01251,LATAM,wholesale,SKU-1163,Trade Winds,board games,3,36.96,0.00,pending,16
ORD-001865,2026-06-05T22:06:22Z,CUST-01049,North America,retail,SKU-1024,Trade Winds,Board Games,1,56.64,0.00,cancelled,4
ORD-003145,2026-02-08T06:25:15Z,CUST-01329,LATAM,partner,SKU-1254,500pc Night Market,Puzzles,1,28.36,0.10,refunded,18
ORD-002022,2025-11-08 22:15:37,CUST-01285,APAC,  online ,SKU-1300,Dice Set,accessories,8,24.45,0.10,pending,4
ORD-003422,2026-06-11 18:35:46,CUST-01565,North America,  retail ,SKU-1008,Harvest Moon Valley,Board Games,8,20.29,0.00,pending,3
ORD-003997,2025-07-22 21:09:24,CUST-01668,North America,wholesale,SKU-1016,Expansion Key,Digital,-4,$31.41,0.00,refunded,18
ORD-003169,2025-12-14 05:50:45,CUST-00580,APAC,retail,SKU-1151,Warband Set,  Miniatures ,8,149.34,0.00,pending,2
ORD-002456,2025-11-28 20:37:32,CUST-00024,APAC,online,SKU-1161,Expansion Key,digital,5,42.37,0.00,cancelled,14
ORD-000656,2025-10-03T14:44:32Z,CUST-00513,LATAM,retail,SKU-1012,500pc Night Market,Puzzles,1,20.49,0.00,refunded,1
ORD-000237,15-Aug-2025,CUST-01368,APAC,online,SKU-1333,Dice Set,Accessories,1,20.70,0.20,completed,21
ORD-000006,2025-05-10 12:54:29,CUST-01076,LATAM,partner,SKU-1100,Card Sleeves,Accessories,5,33.55,0.00,cancelled,13
ORD-001093,2025-05-01 16:14:00,CUST-01161,EMEA,partner,SKU-1300,Cosmetic Bundle,Digital,2,56.29,0.00,completed,6
ORD-004046,2025-08-27 03:58:15,CUST-00909,North America,partner,SKU-1152,Expansion Key,Digital,2,17.68,0.00,completed,5
ORD-004625,2025-12-09T03:14:02Z,CUST-00882,  APAC ,partner,SKU-1074,Booster Pack,Trading Cards,2,107.48,0.00,cancelled,3
ORD-003044,2026-04-15 02:59:35,CUST-00807,  North America ,wholesale,SKU-1128,Terrain Kit,Miniatures,4,55.41,0.00,pending,21
ORD-003138,2025-03-15 00:21:38,CUST-00664,EMEA,retail,SKU-1345,Deck Box,Accessories,2,35.73,0.00,completed,5
ORD-003644,2025-06-22T20:23:57Z,CUST-00363,EMEA,partner,SKU-1188,Harvest Moon Valley,Board Games,8,71.20,0.20,cancelled,13
ORD-001704,2025-06-08 02:31:10,CUST-01458,EMEA,retail,SKU-1162,Promo Tin,Trading Cards,1,129.73,0.00,pending,7
ORD-000563,08/02/2025,CUST-01335,LATAM,partner,SKU-1337,Expansion Key,Digital,1,22.11,0.10,pending,11
ORD-001412,2025-03-26 23:02:34,CUST-01443,LATAM,wholesale,SKU-1207,1000pc Coastline,puzzles,1,31.19,0.20,pending,14
ORD-000630,2025-04-17 12:49:17,CUST-01271,LATAM,wholesale,SKU-1398,Castle Siege,Board Games,1,45.84,0.00,refunded,13
ORD-003667,2025-10-25 16:57:18,CUST-00264,  North America ,retail,SKU-1170,Booster Pack,Trading Cards,1,240.00,0.00,pending,17
ORD-001014,2025-05-04 18:50:20,CUST-00105,APAC,wholesale,SKU-1122,Season Pass,Digital,8,55.59,0.00,completed,14
ORD-003994,2025-12-13 03:46:21,,North America,retail,SKU-1295,Cosmetic Bundle,Digital,12,30.73,0.00,completed,15
ORD-001332,01/17/2025,CUST-01404,LATAM,  retail ,SKU-1116,Dungeon Delve,board games,2,36.45,0.00,refunded,7
ORD-002780,2025-10-22T07:46:49Z,CUST-00992,LATAM,wholesale,SKU-1129,Harvest Moon Valley,board games,2,71.55,0.00,cancelled,18
ORD-000198,10/27/2025,CUST-00697,EMEA,wholesale,SKU-1024,Terrain Kit,Miniatures,1,81.01,0.10,pending,9
ORD-002178,2026-03-14T17:13:40Z,CUST-01066,North America,wholesale,SKU-1141,Dungeon Delve,Board Games,1,$68.69,0.05,pending,15
ORD-003731,2025-06-30 01:36:36,CUST-00974,North America,partner,SKU-1018,Playmat,Accessories,5,31.46,0.00,cancelled,17
ORD-003183,27-May-2026,CUST-00226,EMEA,retail,SKU-1320,Hero Blister,Miniatures,3,52.86,0.00,refunded,13
ORD-000124,2025-04-11T18:13:43Z,CUST-00258,EMEA,partner,SKU-1284,Season Pass,Digital,2,24.69,0.00,completed,4
ORD-002480,2026-02-14 06:32:20,CUST-01567,EMEA,online,SKU-1256,Booster Pack,Trading Cards,1,247.27,0.25,refunded,10
ORD-001698,10-Nov-2025,CUST-00651,APAC,retail,SKU-1097,500pc Night Market,Puzzles,3,31.76,0.00,completed,2
ORD-002311,02/11/2026,CUST-00296,north america,wholesale,SKU-1313,Promo Tin,Trading Cards,1,109.22,0.00,cancelled,14
ORD-000276,2025-10-26 03:01:05,,APAC,wholesale,SKU-1328,Booster Pack,Trading Cards,1,163.62,0.25,cancelled,20
ORD-003699,2026-03-04 23:15:46,CUST-01652,EMEA,wholesale,SKU-1102,Cosmetic Bundle,Digital,5,8.60,0.00,refunded,4
ORD-001967,2025-12-30 00:58:53,CUST-00966,EMEA,retail,SKU-1253,Promo Tin,Trading Cards,2,102.65,0.00,cancelled,16
ORD-000517,07-Apr-2026,CUST-01749,apac,wholesale,SKU-1145,Bundle Case,Trading Cards,2,78.75,0.00,pending,2
ORD-001539,2025-04-02 16:33:29,CUST-01057,emea,partner,SKU-1019,1000pc Coastline,Puzzles,2,$24.73,0.00,pending,15
ORD-002432,08/20/2025,CUST-01567,LATAM,retail,SKU-1259,Bundle Case,Trading Cards,1,180.20,0.00,pending,8
ORD-002466,12/14/2025,CUST-01525,LATAM,partner,SKU-1045,2000pc Star Chart,Puzzles,1,11.21,0.20,completed,11
ORD-001490,2025-03-24 14:45:10,CUST-01196,APAC,wholesale,SKU-1324,Card Sleeves,Accessories,1,35.47,0.10,refunded,4
ORD-000857,2025-12-18 07:26:47,CUST-00808,APAC,partner,SKU-1338,Booster Pack,TRADING CARDS,1,56.60,0.00,pending,8
ORD-001342,2025-07-27T14:04:21Z,CUST-00199,APAC,online,SKU-1305,Dice Set,Accessories,1,18.89,0.00,completed,8
ORD-003586,11/24/2025,CUST-00195,LATAM,partner,SKU-1190,500pc Night Market,Puzzles,2,16.72,0.25,completed,7
ORD-000635,2025-12-25 14:45:07,CUST-00949,LATAM,retail,SKU-1007,Trade Winds,Board Games,4,62.92,0.00,refunded,3
ORD-000335,2025-06-07 07:37:36,CUST-01748,LATAM,online,SKU-1276,Hero Blister,Miniatures,2,131.09,0.00,completed,20
ORD-001501,2026-01-12 04:38:43,CUST-00664,EMEA,wholesale,SKU-1352,Season Pass,Digital,5,$14.52,0.15,cancelled,16
ORD-004685,2025-11-03 10:59:28,CUST-00947,APAC,retail,SKU-1266,Warband Set,Miniatures,12,28.93,0.20,cancelled,6
ORD-001667,07/07/2025,CUST-00666,LATAM,retail,SKU-1064,500pc Night Market,Puzzles,1,$27.55,0.00,pending,11
ORD-000406,2026-03-09T05:42:19Z,CUST-01567,North America,retail,SKU-1269,Paint Set,Miniatures,2,48.16,0.05,cancelled,10
ORD-002510,2025-03-21 00:08:16,CUST-00447,LATAM,partner,SKU-1165,Collector Box,TRADING CARDS,2,58.96,0.00,refunded,5
ORD-000759,2025-01-29 12:33:04,CUST-01055,NORTH AMERICA,wholesale,SKU-1356,Booster Pack,Trading Cards,3,114.77,0.20,pending,20
ORD-001160,2025-07-29 04:49:56,CUST-00442,EMEA,online,SKU-1192,Signal Fire,Board Games,2,24.38,0.10,completed,20
ORD-001684,2025-04-03 23:43:15,CUST-01255,EMEA,partner,SKU-1212,1000pc Coastline,Puzzles,3,28.15,0.00,completed,16
ORD-002957,2025-12-16 04:01:35,CUST-01026,North America,WHOLESALE,SKU-1127,Season Pass,Digital,3,28.78,0.10,refunded,3
ORD-004920,26-Apr-2026,CUST-00787,north america,retail,SKU-1030,Paint Set,Miniatures,12,62.59,0.00,pending,7
ORD-002117,2026-01-31 13:00:14,CUST-00512,APAC,retail,SKU-1172,Promo Tin,  Trading Cards ,4,53.63,0.00,pending,4
ORD-003610,2026-01-15 05:51:34,CUST-01156,EMEA,wholesale,SKU-1245,Playmat,Accessories,1,13.18,0.00,refunded,3
ORD-001954,2025-12-04 22:46:28,CUST-01749,EMEA,retail,SKU-1232,Season Pass,digital,1,44.74,0.00,completed,7
ORD-001433,06/05/2025,CUST-01539,APAC,wholesale,SKU-1087,1000pc Coastline,Puzzles,5,20.95,0.20,completed,6
ORD-000711,05-Aug-2025,CUST-01128,LATAM,retail,SKU-1088,Deck Box,Accessories,4,18.23,0.00,pending,17
ORD-004993,03/12/2025,CUST-00350,APAC,online,SKU-1089,Booster Pack,  Trading Cards ,-2,43.93,0.15,completed,10
ORD-000038,01/20/2025,CUST-01740,LATAM,wholesale,SKU-1155,Deck Box,Accessories,1,25.05,0.00,refunded,7
ORD-003776,05/08/2025,CUST-01796,APAC,retail,SKU-1162,Dice Set,Accessories,8,35.41,0.00,cancelled,11
ORD-003419,22-Jul-2025,CUST-01011,EMEA,online,SKU-1326,Dice Set,Accessories,1,29.39,0.05,completed,9
ORD-000553,2026-03-28 17:29:55,CUST-01489,North America,online,SKU-1108,Bundle Case,Trading Cards,1,$132.51,0.00,refunded,9
ORD-001075,2026-06-29T02:22:42Z,CUST-00417,,online,SKU-1232,Trade Winds,board games,1,23.16,0.05,cancelled,14
ORD-002764,02/07/2026,CUST-01143,EMEA,retail,SKU-1175,Booster Pack,Trading Cards,2,37.23,0.00,cancelled,8
ORD-001396,2025-08-16 22:16:48,CUST-01159,  EMEA ,retail,SKU-1366,Cosmetic Bundle,Digital,2,46.30,0.00,refunded,15
ORD-001058,09/02/2025,CUST-01494,EMEA,wholesale,SKU-1323,Dungeon Delve,Board Games,3,23.49,0.00,completed,15
ORD-002085,2026-05-26 03:24:30,CUST-00276,LATAM,PARTNER,SKU-1053,Terrain Kit,Miniatures,12,132.47,0.25,pending,2
ORD-004710,2025-07-08 02:56:21,CUST-00072,EMEA,retail,SKU-1005,Trade Winds,Board Games,1,68.09,0.20,refunded,3
ORD-004976,10/24/2025,CUST-00640,EMEA,partner,SKU-1207,Warband Set,Miniatures,3,121.68,0.00,pending,17
ORD-003161,03/08/2026,CUST-01344,APAC,partner,SKU-1109,Hero Blister,Miniatures,2,$48.69,0.25,pending,4
ORD-003748,2025-08-26 15:37:33,CUST-01442,APAC,partner,SKU-1247,Dungeon Delve,Board Games,3,43.26,0.00,cancelled,6
ORD-002219,08/03/2025,CUST-00012,APAC,wholesale,SKU-1043,500pc Night Market,Puzzles,1,15.93,0.25,completed,12
ORD-001376,2025-06-21 13:04:34,CUST-01708,north america,online,SKU-1389,Booster Pack,Trading Cards,3,$196.80,0.00,refunded,2
ORD-002522,2026-05-01 02:53:48,CUST-00136,APAC,partner,SKU-1072,Playmat,Accessories,1,22.87,0.00,pending,15
ORD-000793,2025-07-10 22:24:50,CUST-00422,APAC,online,SKU-1295,2000pc Star Chart,Puzzles,1,21.55,0.00,refunded,1
ORD-003736,11/02/2025,CUST-01654,APAC,partner,SKU-1218,Deck Box,Accessories,2,36.75,0.25,pending,5
ORD-000240,2026-03-23 09:45:48,CUST-00854,apac,retail,SKU-1093,Season Pass,Digital,2,44.68,0.00,pending,13
ORD-004954,2025-09-29 18:52:51,CUST-01284,apac,wholesale,SKU-1354,Card Sleeves,ACCESSORIES,4,35.85,0.20,refunded,10
ORD-004727,2026-01-07 13:28:26,CUST-00154,APAC,online,SKU-1173,Trade Winds,  Board Games ,4,79.27,0.00,pending,20
ORD-003991,2025-09-01 20:11:08,CUST-00826,LATAM,retail,SKU-1214,Dungeon Delve,Board Games,1,64.51,0.00,completed,13
ORD-000231,2025-08-11 13:26:30,CUST-00656,emea,  retail ,SKU-1128,Card Sleeves,accessories,3,24.81,0.00,refunded,10
ORD-000554,01/08/2026,CUST-01058,North America,retail,SKU-1098,Trade Winds,Board Games,2,53.69,0.00,cancelled,14
ORD-002840,2026-05-22 14:04:26,CUST-00771,EMEA,partner,SKU-1246,Expansion Key,Digital,2,51.35,0.00,cancelled,7
ORD-004396,2025-08-25T16:32:43Z,CUST-00573,LATAM,wholesale,SKU-1306,2000pc Star Chart,Puzzles,2,32.97,0.00,pending,12
ORD-000959,2025-09-17 11:07:35,CUST-00643,EMEA,wholesale,SKU-1120,Dice Set,Accessories,3,16.36,0.15,refunded,5
ORD-000136,2025-08-29 19:29:38,CUST-00281,North America,online,SKU-1286,1000pc Coastline,Puzzles,2,29.94,0.00,refunded,14
ORD-000032,16-May-2026,CUST-01279,APAC,wholesale,SKU-1128,Card Sleeves,Accessories,2,37.27,0.00,pending,2
ORD-003814,2025-02-19 16:03:35,CUST-00517,EMEA,online,SKU-1339,Card Sleeves,Accessories,1,9.96,0.00,refunded,14
ORD-000769,2025-03-28 05:20:24,CUST-00352,APAC,retail,SKU-1076,Paint Set,Miniatures,1,43.29,0.00,cancelled,15
ORD-004875,2025-02-27T01:38:26Z,CUST-01531,EMEA,wholesale,SKU-1123,Warband Set,MINIATURES,2,105.67,0.00,cancelled,11
ORD-000420,2025-05-05 23:04:21,CUST-01189,EMEA,online,SKU-1051,Starter Deck,Trading Cards,2,166.70,0.00,refunded,10
ORD-001114,05/02/2025,CUST-01544,emea,online,SKU-1049,Season Pass,Digital,2,11.96,0.00,cancelled,16
ORD-004860,2025-05-21 21:26:34,CUST-01671,APAC,retail,SKU-1159,500pc Night Market,Puzzles,1,13.52,0.10,cancelled,8
ORD-003747,2026-03-21 05:43:58,CUST-01181,  LATAM ,retail,SKU-1286,Dice Set,Accessories,3,31.75,0.00,pending,4
ORD-003497,2025-02-25T15:43:23Z,CUST-01481,EMEA,wholesale,SKU-1255,Playmat,Accessories,5,13.87,0.15,pending,16
ORD-004897,10-Jan-2026,CUST-01741,LATAM,wholesale,SKU-1157,Terrain Kit,miniatures,1,53.38,0.00,pending,9
ORD-001245,2026-05-26T19:16:18Z,CUST-01781,APAC,partner,SKU-1310,Hero Blister,Miniatures,1,28.43,0.25,completed,2
ORD-004358,2025-02-09 04:36:09,CUST-01393,LATAM,partner,SKU-1101,Terrain Kit,  Miniatures ,-2,121.75,0.00,cancelled,3
ORD-004164,2025-12-15 04:29:29,CUST-01689,NORTH AMERICA,  wholesale ,SKU-1308,500pc Night Market,puzzles,3,28.90,0.00,cancelled,7
ORD-001791,15-Oct-2025,CUST-00023,EMEA,  wholesale ,SKU-1326,Dungeon Delve,Board Games,3,76.82,0.00,refunded,20
ORD-001617,05/11/2025,CUST-00229,APAC,partner,SKU-1182,Playmat,Accessories,2,35.22,0.00,refunded,16
ORD-004404,2025-02-09 10:01:49,CUST-00809,APAC,WHOLESALE,SKU-1283,Season Pass,Digital,3,44.85,0.00,cancelled,12
ORD-002260,03/31/2026,CUST-00579,EMEA,wholesale,SKU-1254,Bundle Case,Trading Cards,5,116.44,0.00,refunded,15
ORD-000760,07-Jun-2026,CUST-01415,APAC,retail,SKU-1224,Warband Set,Miniatures,1,91.22,0.05,cancelled,4
ORD-002270,30-Jun-2025,CUST-00646,North America,online,SKU-1229,Signal Fire,Board Games,1,57.45,0.00,refunded,12
ORD-003366,2026-03-24 22:05:39,CUST-00095,EMEA,  partner ,SKU-1156,2000pc Star Chart,puzzles,1,23.70,0.00,refunded,1
ORD-000438,2025-09-12 11:28:56,CUST-00827,EMEA,wholesale,SKU-1400,Paint Set,Miniatures,2,102.07,0.15,cancelled,4
ORD-001056,2025-12-26 04:13:34,CUST-01330,emea,RETAIL,SKU-1368,Paint Set,Miniatures,2,108.14,0.00,completed,21
ORD-003031,2026-02-20 20:58:03,CUST-01530,  APAC ,online,SKU-1088,Terrain Kit,Miniatures,2,73.35,0.00,cancelled,13
ORD-003139,2025-10-03 08:49:55,CUST-00547,North America,wholesale,SKU-1077,Promo Tin,Trading Cards,3,$65.53,0.10,refunded,12
ORD-000174,02/21/2025,CUST-00584,north america,wholesale,SKU-1161,Season Pass,digital,2,1.60,0.25,cancelled,10
ORD-003403,2025-02-26T22:08:13Z,CUST-00700,North America,retail,SKU-1050,Trade Winds,Board Games,3,18.64,0.00,completed,4
ORD-003312,2026-04-12 14:23:19,CUST-01791,North America,partner,SKU-1004,Trade Winds,Board Games,3,46.55,0.00,cancelled,4
ORD-000984,2026-04-17T15:24:02Z,CUST-00204,LATAM,partner,SKU-1025,Paint Set,Miniatures,4,93.27,0.00,completed,9
ORD-002633,2025-12-17 06:47:13,CUST-00636,LATAM,retail,SKU-1164,Hero Blister,Miniatures,12,124.99,0.20,cancelled,3
ORD-003376,05/01/2025,CUST-01274,North America,retail,SKU-1157,2000pc Star Chart,Puzzles,2,11.89,0.00,pending,7
ORD-000679,2025-02-16 13:59:32,CUST-01480,EMEA,partner,SKU-1065,Terrain Kit,Miniatures,5,56.93,0.05,completed,15
ORD-002521,2025-09-23 04:51:00,CUST-00324,LATAM,retail,SKU-1327,Expansion Key,Digital,1,42.77,0.00,refunded,7
ORD-003946,05/05/2026,CUST-00183,  North America ,online,SKU-1133,2000pc Star Chart,Puzzles,1,20.11,0.10,cancelled,5
ORD-002666,2025-09-13 15:42:17,,LATAM,wholesale,SKU-1253,Signal Fire,Board Games,1,16.81,0.00,refunded,19
ORD-000981,10/30/2025,CUST-00622,LATAM,wholesale,SKU-1159,Castle Siege,Board Games,1,41.23,0.00,refunded,11
ORD-002991,14-Apr-2025,CUST-01281,EMEA,PARTNER,SKU-1154,Warband Set,Miniatures,2,105.00,0.00,cancelled,15
ORD-000849,11/16/2025,CUST-01060,North America,  retail ,SKU-1288,Dungeon Delve,Board Games,1,$30.39,0.00,refunded,5
ORD-002105,2026-03-25 15:29:23,CUST-01187,EMEA,partner,SKU-1149,Dice Set,Accessories,1,26.71,0.00,pending,3
ORD-002066,31-Mar-2026,CUST-01426,LATAM,wholesale,SKU-1306,Cosmetic Bundle,Digital,2,12.22,0.00,refunded,13
ORD-000600,2025-04-02T06:34:49Z,CUST-01647,  North America ,partner,SKU-1058,Cosmetic Bundle,Digital,1,24.44,0.00,pending,16
ORD-002741,2025-02-17 06:05:57,CUST-00138,LATAM,retail,SKU-1055,Deck Box,Accessories,1,6.01,0.00,pending,13
ORD-004001,2025-07-13 11:26:18,CUST-00272,APAC,partner,SKU-1166,1000pc Coastline,Puzzles,5,31.31,0.05,refunded,20
ORD-004948,04/11/2025,CUST-01537,EMEA,partner,SKU-1256,Paint Set,Miniatures,2,86.82,0.00,refunded,7
ORD-002048,2025-12-25 12:38:12,CUST-01444,North America,wholesale,SKU-1342,Promo Tin,Trading Cards,1,$100.99,0.05,completed,16
ORD-001299,2025-03-18 13:47:37,CUST-00859,LATAM,partner,SKU-1069,Signal Fire,Board Games,2,61.58,0.00,refunded,1
ORD-000557,2025-03-15 13:48:03,CUST-00904,North America,wholesale,SKU-1150,Deck Box,accessories,3,39.88,0.00,refunded,13
ORD-000447,2025-10-29 17:56:45,CUST-00291,APAC,wholesale,SKU-1298,Cosmetic Bundle,Digital,1,3.16,0.00,cancelled,20
ORD-000735,2025-10-05 16:57:08,CUST-01310,EMEA,wholesale,SKU-1273,1000pc Coastline,Puzzles,1,31.27,0.00,cancelled,8
ORD-002538,2025-07-13 17:04:07,CUST-01606,LATAM,retail,SKU-1131,Signal Fire,Board Games,3,79.92,0.10,completed,19
ORD-001026,2025-04-24 16:07:32,CUST-00180,LATAM,online,SKU-1385,Signal Fire,Board Games,8,55.64,0.00,pending,12
ORD-001218,10/06/2025,CUST-00340,APAC,partner,SKU-1365,Dungeon Delve,Board Games,1,67.57,0.00,pending,6
ORD-004833,2025-08-01 20:06:17,CUST-01361,North America,RETAIL,SKU-1060,Playmat,Accessories,-3,34.37,0.00,refunded,8
ORD-000665,03-Mar-2026,CUST-01328,LATAM,wholesale,SKU-1094,Season Pass,Digital,2,45.10,0.00,pending,13
ORD-000818,04/18/2026,CUST-01731,APAC,retail,SKU-1362,2000pc Star Chart,Puzzles,1,$20.60,0.00,pending,10
ORD-000097,14-Feb-2026,CUST-00198,EMEA,wholesale,SKU-1311,Season Pass,Digital,3,26.15,0.15,cancelled,6
ORD-001950,2025-10-31 01:25:25,CUST-00891,APAC,partner,SKU-1029,500pc Night Market,Puzzles,1,$11.68,0.00,completed,7
ORD-000586,26-Feb-2026,CUST-00380,LATAM,online,SKU-1040,Warband Set,Miniatures,1,112.39,0.00,refunded,13
ORD-004634,2026-01-22 21:38:06,CUST-01612,latam,partner,SKU-1247,Warband Set,Miniatures,8,65.31,0.00,cancelled,19
ORD-000661,2025-02-24 02:53:58,CUST-00360,North America,retail,SKU-1114,Castle Siege,Board Games,2,24.04,0.00,pending,5
ORD-003480,04/14/2026,CUST-00538,EMEA,partner,SKU-1246,Promo Tin,Trading Cards,-2,34.84,0.00,cancelled,16
ORD-003331,2025-05-17 08:15:31,CUST-01699,North America,online,SKU-1020,Bundle Case,TRADING CARDS,1,82.59,0.15,refunded,10
ORD-002235,06/10/2026,CUST-00730,APAC,online,SKU-1060,Promo Tin,Trading Cards,1,232.35,0.05,pending,7
ORD-000610,2025-01-02 21:55:23,CUST-01608,APAC,wholesale,SKU-1011,Trade Winds,Board Games,2,46.36,0.00,cancelled,14
ORD-000830,2026-05-13 19:47:35,CUST-00296,APAC,partner,SKU-1005,Castle Siege,Board Games,2,50.40,0.00,cancelled,4
ORD-003101,2026-03-05 18:01:41,CUST-01205,EMEA,wholesale,SKU-1276,500pc Night Market,PUZZLES,1,30.08,0.00,completed,11
ORD-003119,01-Jan-2025,CUST-00466,LATAM,wholesale,SKU-1187,Cosmetic Bundle,Digital,4,47.50,0.00,completed,6
ORD-002617,2026-06-14 19:10:00,CUST-00046,North America,online,SKU-1342,Hero Blister,Miniatures,1,80.91,0.10,completed,8
ORD-001326,03/24/2025,CUST-00007,latam,RETAIL,SKU-1333,Terrain Kit,Miniatures,1,88.13,0.00,refunded,15
ORD-003905,2025-08-26 18:01:14,CUST-01036,LATAM,online,SKU-1003,Promo Tin,Trading Cards,4,190.88,0.00,pending,13
ORD-002065,2026-04-11 18:40:17,CUST-01139,APAC,retail,SKU-1371,Signal Fire,Board Games,4,40.19,0.00,pending,4
ORD-002160,2025-12-31 03:33:44,CUST-00861,LATAM,online,SKU-1222,Cosmetic Bundle,Digital,1,37.02,0.00,cancelled,13
ORD-002401,2025-12-05 19:12:05,CUST-01554,LATAM,RETAIL,SKU-1218,Paint Set,Miniatures,2,26.55,0.00,cancelled,17
ORD-004015,2025-07-12 04:07:31,CUST-01730,North America,online,SKU-1132,Expansion Key,Digital,5,45.86,0.25,completed,10
ORD-000876,19-Feb-2025,CUST-01577,EMEA,partner,SKU-1139,Dice Set,Accessories,5,6.25,0.00,pending,9
ORD-000197,2025-01-02 09:49:19,CUST-00129,  EMEA ,online,SKU-1105,Castle Siege,Board Games,1,19.97,0.00,cancelled,18
ORD-000752,2025-11-07 18:05:02,CUST-00946,EMEA,retail,SKU-1051,Starter Deck,Trading Cards,2,249.31,0.00,refunded,5
ORD-000236,2025-03-04 13:55:54,CUST-01640,EMEA,  online ,SKU-1262,Terrain Kit,Miniatures,1,81.14,0.00,cancelled,14
ORD-000884,2025-01-13 14:59:41,CUST-01338,NORTH AMERICA,partner,SKU-1311,Harvest Moon Valley,board games,1,$79.93,0.00,pending,21
ORD-001133,2025-08-23 15:48:03,CUST-00048,North America,online,SKU-1163,Playmat,ACCESSORIES,2,18.96,0.20,refunded,3
ORD-000949,05/22/2026,CUST-01050,APAC,retail,SKU-1086,2000pc Star Chart,Puzzles,2,31.73,0.00,completed,4
ORD-004669,2025-06-30 00:25:21,CUST-00920,APAC,WHOLESALE,SKU-1364,Dice Set,Accessories,1,23.03,0.00,refunded,5
ORD-001958,2025-10-05 20:48:22,CUST-00463,North America,WHOLESALE,SKU-1099,Playmat,Accessories,2,32.70,0.20,refunded,17
ORD-000269,08/12/2025,CUST-01731,NORTH AMERICA,wholesale,SKU-1155,Dungeon Delve,  Board Games ,2,74.90,0.10,refunded,4
ORD-003388,2025-05-08 18:18:08,CUST-00900,EMEA,retail,SKU-1268,Hero Blister,Miniatures,1,100.64,0.00,pending,12
ORD-000469,04/03/2026,CUST-01406,  LATAM ,wholesale,SKU-1350,500pc Night Market,PUZZLES,1,19.65,0.00,completed,8
ORD-000087,28-May-2026,CUST-00513,North America,ONLINE,SKU-1380,1000pc Coastline,Puzzles,4,34.30,0.20,completed,21
ORD-002897,2025-04-26 03:00:16,CUST-01728,LATAM,online,SKU-1136,Deck Box,Accessories,3,17.36,0.00,cancelled,12
ORD-002992,2026-03-13T07:45:13Z,CUST-00348,LATAM,wholesale,SKU-1094,500pc Night Market,Puzzles,1,27.92,0.25,completed,12
ORD-000414,2025-12-21 06:51:52,CUST-01249,LATAM,partner,SKU-1353,Starter Deck,Trading Cards,1,80.39,0.00,refunded,11
ORD-001778,2026-01-25T19:34:06Z,CUST-00174,APAC,online,SKU-1182,Dice Set,ACCESSORIES,2,29.42,0.10,cancelled,7
ORD-002253,01-Feb-2025,CUST-00031,North America,wholesale,SKU-1234,Warband Set,Miniatures,2,128.87,0.10,refunded,12
ORD-000117,2025-09-17 09:41:36,CUST-00821,North America,retail,SKU-1085,Card Sleeves,Accessories,2,7.83,0.10,pending,1
ORD-003966,2025-12-28 13:26:10,CUST-01256,EMEA,retail,SKU-1275,Dice Set,accessories,4,8.83,0.05,pending,4
ORD-000576,2025-09-29 12:17:56,CUST-00148,EMEA,partner,SKU-1214,Castle Siege,  Board Games ,5,50.83,0.20,refunded,15
ORD-004269,03/26/2025,CUST-00084,APAC,retail,SKU-1061,1000pc Coastline,Puzzles,4,33.99,0.00,pending,6
ORD-001074,2025-07-03 10:19:25,CUST-01713,North America,partner,SKU-1084,Card Sleeves,Accessories,2,23.57,0.20,completed,10
ORD-000953,2025-03-04 19:30:26,CUST-00292,EMEA,wholesale,SKU-1047,Terrain Kit,Miniatures,1,128.56,0.00,completed,11
ORD-001918,2026-01-20 21:21:10,CUST-00094,LATAM,retail,SKU-1118,Expansion Key,Digital,1,27.49,0.00,refunded,13
ORD-002634,2025-10-07 06:08:41,CUST-01626,LATAM,online,SKU-1359,Cosmetic Bundle,digital,1,26.39,0.00,cancelled,6
ORD-000924,01-Oct-2025,,LATAM,wholesale,SKU-1190,500pc Night Market,Puzzles,1,13.79,0.00,refunded,17
ORD-002986,03/05/2026,CUST-00764,North America,retail,SKU-1150,2000pc Star Chart,Puzzles,-8,24.71,0.00,completed,2
ORD-000587,2026-02-17 23:42:02,CUST-01413,APAC,retail,SKU-1089,Promo Tin,Trading Cards,1,212.00,0.00,refunded,20
ORD-003773,2026-02-28 02:54:59,CUST-00286,  North America ,online,SKU-1263,Bundle Case,Trading Cards,1,160.97,0.00,pending,9
ORD-001487,03/08/2025,CUST-01680,  North America ,wholesale,SKU-1368,2000pc Star Chart,Puzzles,8,32.25,0.15,pending,6
ORD-000919,08-Sep-2025,CUST-01738,APAC,retail,SKU-1164,Paint Set,Miniatures,5,56.19,0.00,cancelled,11
ORD-004748,01-Dec-2025,CUST-00641,LATAM,online,SKU-1011,Starter Deck,Trading Cards,3,229.67,0.00,cancelled,19
ORD-003003,12/24/2025,CUST-01691,LATAM,online,SKU-1298,Playmat,Accessories,2,7.12,0.00,pending,16
ORD-004507,29-Aug-2025,CUST-00401,EMEA,partner,SKU-1271,Signal Fire,  Board Games ,3,77.52,0.00,pending,19
ORD-002207,2025-03-30 06:23:28,CUST-00727,APAC,retail,SKU-1278,Terrain Kit,Miniatures,4,46.25,0.00,cancelled,18
ORD-001100,05/02/2026,CUST-01162,APAC,partner,SKU-1032,Paint Set,Miniatures,3,145.75,0.00,cancelled,3
ORD-000988,2025-01-01T05:01:18Z,CUST-00440,emea,wholesale,SKU-1311,Promo Tin,Trading Cards,8,15.14,0.00,refunded,12
ORD-001591,2025-08-09 09:37:19,CUST-00297,LATAM,partner,SKU-1321,Booster Pack,Trading Cards,1,104.06,0.25,completed,18
ORD-004515,06/08/2026,CUST-01533,LATAM,retail,SKU-1342,Cosmetic Bundle,Digital,2,21.69,0.00,pending,20
ORD-003700,2026-05-01 03:58:00,CUST-01440,EMEA,retail,SKU-1105,1000pc Coastline,Puzzles,3,34.81,0.00,cancelled,10
ORD-003476,12-May-2026,CUST-00277,APAC,partner,SKU-1031,Season Pass,Digital,1,45.58,0.00,cancelled,21
ORD-004838,2025-08-09 15:16:53,CUST-01794,LATAM,wholesale,SKU-1123,Warband Set,Miniatures,2,92.92,0.00,cancelled,21
ORD-001017,2025-11-12 17:55:03,CUST-00068,EMEA,partner,SKU-1180,1000pc Coastline,Puzzles,1,26.40,0.00,refunded,4
ORD-001921,2025-10-04 19:41:23,CUST-01228,APAC,partner,SKU-1177,Cosmetic Bundle,DIGITAL,1,30.73,0.00,pending,8
ORD-003631,04/22/2026,CUST-00724,APAC,wholesale,SKU-1350,Expansion Key,Digital,3,13.20,0.10,cancelled,18
ORD-002470,2025-04-19 01:56:58,CUST-00524,LATAM,retail,SKU-1111,Collector Box,Trading Cards,1,131.18,0.00,completed,7
ORD-003949,2026-01-06 23:02:26,CUST-00651,APAC,partner,SKU-1160,Dungeon Delve,Board Games,2,51.49,0.00,completed,13
ORD-004816,2025-01-03 16:52:46,CUST-00962,APAC,retail,SKU-1084,Card Sleeves,Accessories,3,8.18,0.00,completed,10
ORD-002752,02/07/2025,CUST-01321,North America,ONLINE,SKU-1112,Season Pass,Digital,1,8.95,0.00,completed,3
ORD-003681,03/30/2025,CUST-01170,LATAM,  wholesale ,SKU-1062,Castle Siege,Board Games,2,77.74,0.10,completed,1
ORD-004460,2025-11-20 20:40:02,CUST-00411,LATAM,partner,SKU-1149,Promo Tin,Trading Cards,1,51.45,0.00,pending,17
ORD-004960,09/24/2025,CUST-00641,LATAM,wholesale,SKU-1236,Dice Set,accessories,8,15.01,0.00,pending,5
ORD-001279,2025-05-30 18:05:58,CUST-01642,LATAM,WHOLESALE,SKU-1106,Promo Tin,Trading Cards,3,55.80,0.00,pending,18
ORD-000138,2025-05-28T08:36:18Z,CUST-00065,APAC,partner,SKU-1258,Paint Set,Miniatures,4,51.99,0.00,pending,16
ORD-002056,04/19/2026,CUST-00440,LATAM,wholesale,SKU-1110,Card Sleeves,Accessories,1,22.11,0.05,pending,7
ORD-002488,2025-08-10 09:46:26,CUST-00996,  LATAM ,wholesale,SKU-1124,Warband Set,Miniatures,1,129.15,0.00,pending,20
ORD-003505,03/06/2026,CUST-00923,EMEA,partner,SKU-1350,Cosmetic Bundle,Digital,4,44.41,0.00,completed,20
ORD-004459,2025-04-19 02:48:25,CUST-00261,APAC,wholesale,SKU-1115,Starter Deck,Trading Cards,2,43.32,0.00,refunded,7
ORD-000140,2025-11-09 20:52:26,CUST-00952,APAC,partner,SKU-1102,500pc Night Market,Puzzles,2,15.28,0.00,completed,3
ORD-004180,2026-05-03 08:51:27,CUST-00942,APAC,retail,SKU-1148,Dungeon Delve,Board Games,5,$36.59,0.00,pending,21
ORD-002146,12/20/2025,CUST-01384,APAC,retail,SKU-1159,Expansion Key,DIGITAL,3,21.87,0.00,completed,6
ORD-002363,2025-04-01 22:36:53,CUST-00068,LATAM,RETAIL,SKU-1017,1000pc Coastline,Puzzles,1,22.00,0.00,refunded,1
ORD-002186,2026-01-11 12:44:32,CUST-00429,APAC,wholesale,SKU-1047,Cosmetic Bundle,Digital,2,52.06,0.15,refunded,13
ORD-004755,2026-01-17T12:57:00Z,CUST-01018,LATAM,WHOLESALE,SKU-1370,1000pc Coastline,Puzzles,1,11.90,0.00,pending,12
ORD-001763,2025-11-26 13:16:42,CUST-00803,EMEA,retail,SKU-1381,Hero Blister,MINIATURES,2,123.94,0.00,refunded,8
ORD-004216,18-Jul-2025,CUST-01575,LATAM,partner,SKU-1235,2000pc Star Chart,Puzzles,2,25.21,0.00,completed,6
ORD-003336,06-Feb-2025,CUST-01635,EMEA,ONLINE,SKU-1094,Castle Siege,Board Games,1,48.94,0.00,completed,13
ORD-002705,05/26/2025,CUST-00021,APAC,retail,SKU-1094,2000pc Star Chart,Puzzles,8,13.39,0.15,completed,10
ORD-004754,2026-02-12 17:34:18,CUST-01212,EMEA,RETAIL,SKU-1226,Terrain Kit,MINIATURES,1,20.09,0.00,refunded,13
ORD-001609,2025-04-05 03:37:07,CUST-00763,EMEA,online,SKU-1228,Expansion Key,digital,2,52.52,0.00,refunded,16
ORD-000069,06-Feb-2026,CUST-01114,LATAM,wholesale,SKU-1037,Booster Pack,Trading Cards,2,136.50,0.15,refunded,8
ORD-003271,2025-06-21 07:30:21,CUST-00597,latam,partner,SKU-1400,1000pc Coastline,PUZZLES,2,30.09,0.05,cancelled,9
ORD-001927,2025-03-09 05:17:26,CUST-01142,EMEA,retail,SKU-1342,Dice Set,Accessories,5,11.49,0.00,cancelled,21
ORD-001854,2025-12-05 04:09:18,CUST-00872,APAC,partner,SKU-1332,Castle Siege,BOARD GAMES,4,18.18,0.00,completed,10
ORD-002814,08/11/2025,CUST-01725,APAC,online,SKU-1159,Dungeon Delve,  Board Games ,2,23.83,0.05,refunded,8
ORD-001157,2025-03-15 14:38:45,CUST-01050,North America,retail,SKU-1221,Promo Tin,Trading Cards,1,241.02,0.00,pending,12
ORD-002013,2026-01-16 17:09:35,CUST-00143,North America,retail,SKU-1217,Deck Box,Accessories,1,28.30,0.20,completed,8
ORD-001244,2025-04-28 00:27:06,CUST-00707,EMEA,wholesale,SKU-1163,2000pc Star Chart,Puzzles,2,12.08,0.00,refunded,6
ORD-000091,09-Sep-2025,CUST-00283,EMEA,online,SKU-1095,Card Sleeves,Accessories,1,29.08,0.00,cancelled,4
ORD-004235,06/30/2026,CUST-00023,APAC,partner,SKU-1299,Castle Siege,BOARD GAMES,1,45.75,0.00,pending,6
ORD-002037,06-Aug-2025,CUST-01177,APAC,wholesale,SKU-1212,Cosmetic Bundle,Digital,1,6.95,0.00,refunded,15
ORD-003146,2025-08-31 13:09:45,CUST-01348,EMEA,wholesale,SKU-1385,Paint Set,Miniatures,4,72.98,0.00,pending,1
ORD-003980,01/11/2025,CUST-01421,apac,partner,SKU-1276,Deck Box,accessories,1,7.11,0.20,pending,18
ORD-001216,2026-04-14 16:19:35,CUST-01722,LATAM,wholesale,SKU-1314,1000pc Coastline,Puzzles,1,29.12,0.00,cancelled,12
ORD-003580,06-Nov-2025,CUST-01210,APAC,wholesale,SKU-1007,Playmat,Accessories,2,$19.16,0.00,pending,20
ORD-001434,2026-04-26 22:21:28,CUST-01110,LATAM,partner,SKU-1047,Cosmetic Bundle,Digital,-1,8.22,0.00,refunded,4
ORD-004681,2026-02-25T20:36:46Z,CUST-00490,EMEA,online,SKU-1314,Cosmetic Bundle,DIGITAL,2,35.07,0.15,completed,7
ORD-000783,2025-09-23 22:03:24,CUST-00144,LATAM,wholesale,SKU-1130,Castle Siege,Board Games,2,40.02,0.00,pending,12
ORD-000792,07-May-2026,CUST-00149,APAC,online,SKU-1274,Season Pass,DIGITAL,2,9.11,0.00,pending,19
ORD-003238,2025-07-20 11:17:14,CUST-00655,North America,partner,SKU-1198,Booster Pack,Trading Cards,1,234.23,0.05,refunded,15
ORD-003196,06/13/2025,CUST-00035,LATAM,WHOLESALE,SKU-1274,Cosmetic Bundle,Digital,2,11.69,0.00,refunded,3
ORD-001947,2026-01-03T06:56:48Z,CUST-00763,emea,partner,SKU-1343,Terrain Kit,Miniatures,1,$120.13,0.00,cancelled,7
ORD-001506,2025-04-25 14:55:24,CUST-00393,  EMEA ,online,SKU-1069,Hero Blister,miniatures,12,58.00,0.20,pending,1
ORD-002913,2025-04-15 00:41:11,CUST-01353,EMEA,retail,SKU-1170,Card Sleeves,Accessories,3,38.11,0.25,cancelled,12
ORD-001819,2025-12-30 12:23:33,CUST-00212,LATAM,online,SKU-1359,500pc Night Market,Puzzles,1,$13.55,0.00,cancelled,2
ORD-000631,01/26/2026,CUST-01285,LATAM,wholesale,SKU-1113,Card Sleeves,Accessories,4,6.45,0.00,completed,2
ORD-002364,21-Mar-2025,CUST-01779,North America,wholesale,SKU-1074,Paint Set,Miniatures,1,135.34,0.00,pending,16
ORD-004901,01/27/2026,CUST-00420,EMEA,retail,SKU-1264,Cosmetic Bundle,Digital,1,15.49,0.00,pending,15
ORD-001934,2026-03-31 20:22:58,,apac,retail,SKU-1393,Bundle Case,Trading Cards,2,246.58,0.25,completed,15
ORD-003106,2026-05-10 21:13:55,CUST-00646,North America,wholesale,SKU-1264,Cosmetic Bundle,  Digital ,1,47.92,0.00,refunded,16
ORD-004389,2025-08-31 01:26:17,CUST-00538,EMEA,wholesale,SKU-1287,1000pc Coastline,Puzzles,3,23.32,0.00,pending,10
ORD-002829,2026-05-12 20:19:06,CUST-00894,EMEA,retail,SKU-1281,Castle Siege,Board Games,1,77.84,0.10,pending,3
ORD-003439,2025-06-11 19:47:04,CUST-01144,EMEA,PARTNER,SKU-1236,Harvest Moon Valley,BOARD GAMES,3,45.00,0.15,cancelled,21
ORD-003408,10-Sep-2025,CUST-00626,North America,  retail ,SKU-1358,Cosmetic Bundle,Digital,2,30.48,0.05,refunded,16
ORD-000728,2026-03-29 09:38:33,CUST-00567,LATAM,online,SKU-1101,Paint Set,Miniatures,2,146.83,0.00,refunded,11
ORD-002777,30-Sep-2025,CUST-01493,LATAM,online,SKU-1247,Cosmetic Bundle,  Digital ,1,57.96,0.00,refunded,17
ORD-004836,30-Apr-2026,CUST-01402,EMEA,retail,SKU-1001,Dice Set,Accessories,1,18.09,0.20,cancelled,12
ORD-003987,04/27/2026,CUST-01705,EMEA,online,SKU-1085,Paint Set,Miniatures,2,80.14,0.15,completed,19
ORD-003117,2025-03-01 18:45:01,CUST-00668,North America,,SKU-1035,Paint Set,  Miniatures ,3,48.62,0.10,pending,19
ORD-002052,2026-04-10 00:35:03,CUST-00417,North America,online,SKU-1100,2000pc Star Chart,Puzzles,1,25.33,0.15,pending,17
ORD-004819,10-Apr-2025,CUST-01023,EMEA,retail,SKU-1174,Season Pass,Digital,5,46.41,0.00,cancelled,13
ORD-001600,2026-01-21 15:23:58,CUST-01789,  EMEA ,  wholesale ,SKU-1300,Dice Set,Accessories,1,21.40,0.00,refunded,19
ORD-004559,2026-05-30T05:19:17Z,CUST-01159,APAC,partner,SKU-1010,Hero Blister,Miniatures,2,116.61,0.00,refunded,17
ORD-001109,19-Apr-2026,CUST-00865,  APAC ,wholesale,SKU-1225,Booster Pack,Trading Cards,1,34.77,0.15,refunded,16
ORD-001619,19-Jun-2025,CUST-01249,LATAM,partner,SKU-1265,Paint Set,miniatures,5,29.08,0.00,cancelled,20
ORD-003343,02/07/2026,CUST-00197,EMEA,wholesale,SKU-1355,Dungeon Delve,board games,3,69.65,0.00,cancelled,9
ORD-000105,2025-01-01 10:54:42,CUST-00227,APAC,,SKU-1235,Collector Box,Trading Cards,1,154.46,0.05,pending,18
ORD-002649,2025-04-30 02:01:02,CUST-01023,apac,  retail ,SKU-1369,Dice Set,Accessories,1,20.99,0.00,refunded,10
ORD-000822,01/23/2026,CUST-00069,EMEA,  online ,SKU-1373,Terrain Kit,Miniatures,1,103.93,0.00,cancelled,13
ORD-000497,2026-04-30 16:29:56,CUST-00287,LATAM,wholesale,SKU-1143,Expansion Key,Digital,3,43.29,0.00,cancelled,1
ORD-002887,2026-02-26 16:59:51,CUST-00583,LATAM,online,SKU-1116,Promo Tin,Trading Cards,1,40.30,0.00,refunded,8
ORD-004330,2025-05-30 03:15:19,CUST-01228,LATAM,partner,SKU-1166,Expansion Key,Digital,4,9.76,0.20,refunded,
ORD-003197,06/05/2026,CUST-00738,LATAM,partner,SKU-1294,Expansion Key,Digital,2,32.60,0.00,pending,16
ORD-001952,2025-04-01 07:48:43,CUST-00513,North America,wholesale,SKU-1017,Paint Set,Miniatures,1,144.21,0.00,refunded,7
ORD-000103,10-Feb-2026,CUST-00300,APAC,retail,SKU-1302,Booster Pack,  Trading Cards ,5,235.42,0.00,pending,2
ORD-001350,2025-02-18 07:06:59,CUST-01006,LATAM,WHOLESALE,SKU-1329,Booster Pack,Trading Cards,4,12.12,0.25,pending,6
ORD-002089,2025-03-07 22:30:31,CUST-01628,EMEA,online,SKU-1279,Playmat,Accessories,2,36.87,0.20,refunded,21
ORD-000747,2025-06-13 08:52:15,CUST-01402,North America,  online ,SKU-1324,Dice Set,Accessories,2,23.49,0.00,cancelled,19
ORD-003084,04/09/2026,CUST-01131,North America,retail,SKU-1029,Dice Set,Accessories,1,5.77,0.00,refunded,17
ORD-004924,11/07/2025,CUST-01296,  North America ,wholesale,SKU-1319,Trade Winds,Board Games,2,41.97,0.00,completed,3
ORD-003635,01/22/2026,CUST-00251,North America,retail,SKU-1064,Playmat,Accessories,1,12.54,0.00,cancelled,1
ORD-002779,2026-05-31 17:05:52,CUST-01736,EMEA,  online ,SKU-1125,Expansion Key,Digital,5,59.77,0.00,cancelled,15
ORD-002903,03/26/2026,CUST-00470,EMEA,wholesale,SKU-1352,Season Pass,Digital,1,32.28,0.00,completed,19
ORD-001291,06-Apr-2026,CUST-01714,  EMEA ,online,SKU-1201,Hero Blister,Miniatures,4,114.45,0.00,pending,12
ORD-000724,09/29/2025,CUST-00752,EMEA,online,SKU-1390,Expansion Key,Digital,3,32.64,0.00,refunded,19
ORD-004967,2025-12-13T19:15:40Z,CUST-00889,LATAM,retail,SKU-1375,Card Sleeves,Accessories,4,$13.68,0.20,pending,16
ORD-000205,2025-03-25 18:05:36,CUST-01339,apac,retail,SKU-1132,Trade Winds,board games,1,68.05,0.00,completed,4
ORD-004292,2026-05-27 20:27:15,CUST-00253,APAC,online,SKU-1128,Playmat,Accessories,1,$35.88,0.05,pending,9
ORD-002421,2026-04-05 12:04:53,CUST-00006,LATAM,online,SKU-1108,Playmat,Accessories,4,24.31,0.25,pending,6
ORD-000252,2025-06-29 18:35:30,CUST-00411,EMEA,wholesale,SKU-1087,Terrain Kit,Miniatures,-1,56.89,0.00,completed,9
ORD-002043,2026-01-06 02:47:58,CUST-01389,APAC,wholesale,SKU-1188,Playmat,Accessories,3,$7.57,0.00,refunded,10
ORD-002134,2025-06-04 07:15:49,CUST-01410,EMEA,partner,SKU-1246,Playmat,Accessories,5,17.18,0.00,refunded,15
ORD-002002,02/26/2025,CUST-01738,APAC,wholesale,SKU-1117,Expansion Key,Digital,1,1.09,0.25,pending,11
ORD-000373,11/17/2025,CUST-00319,LATAM,retail,SKU-1255,Bundle Case,Trading Cards,1,114.88,0.00,cancelled,11
ORD-002785,2025-10-20 04:28:19,CUST-01626,LATAM,partner,SKU-1237,Castle Siege,Board Games,2,$50.19,0.00,pending,8
ORD-000286,2026-01-16 17:58:05,CUST-01316,North America,partner,SKU-1396,Trade Winds,Board Games,5,54.64,0.25,refunded,10
ORD-004270,2025-05-15 13:46:33,CUST-00077,emea,wholesale,SKU-1260,Terrain Kit,miniatures,8,76.03,0.00,completed,
ORD-004162,01/23/2026,CUST-01519,EMEA,partner,SKU-1065,Season Pass,DIGITAL,3,45.24,0.00,refunded,10
ORD-004052,11/08/2025,CUST-01593,EMEA,  partner ,SKU-1399,Expansion Key,Digital,2,23.18,0.00,pending,10
ORD-004496,2026-05-24T21:29:17Z,CUST-00916,APAC,retail,SKU-1339,Promo Tin,Trading Cards,3,128.89,0.25,pending,12
ORD-002017,2026-03-21 11:34:05,CUST-01564,APAC,retail,SKU-1054,1000pc Coastline,PUZZLES,2,18.27,0.15,refunded,1
ORD-000332,06-Jan-2026,CUST-01513,APAC,wholesale,SKU-1379,Card Sleeves,Accessories,1,23.87,0.00,completed,1
ORD-002054,2026-05-26 09:08:30,CUST-00205,APAC,retail,SKU-1213,500pc Night Market,Puzzles,1,20.49,0.15,refunded,13
ORD-004667,2026-02-21 18:35:43,CUST-00991,,  retail ,SKU-1362,Terrain Kit,Miniatures,1,$108.00,0.05,completed,9
ORD-003653,2025-07-05 03:09:06,CUST-01233,North America,partner,SKU-1332,Harvest Moon Valley,Board Games,4,48.24,0.00,completed,7
ORD-001403,01/11/2026,CUST-01751,EMEA,wholesale,SKU-1067,Warband Set,  Miniatures ,1,79.35,0.00,refunded,
ORD-003891,16-Jun-2025,CUST-00731,APAC,online,SKU-1326,Card Sleeves,Accessories,12,7.16,0.00,completed,11
ORD-004685,2025-11-03 10:59:28,CUST-00947,APAC,retail,SKU-1266,Warband Set,Miniatures,12,28.93,0.20,cancelled,6
ORD-000307,2025-02-10 19:26:10,CUST-00957,APAC,online,SKU-1385,1000pc Coastline,PUZZLES,8,26.86,0.00,completed,17
ORD-003952,2025-05-10 23:37:09,CUST-00525,North America,partner,SKU-1034,Hero Blister,Miniatures,2,56.90,0.00,pending,2
ORD-000907,18-Jun-2025,CUST-01146,APAC,wholesale,SKU-1145,Castle Siege,Board Games,1,66.29,0.00,completed,13
ORD-003187,2025-07-28 22:54:14,CUST-01630,North America,partner,SKU-1221,Terrain Kit,miniatures,1,25.05,0.05,refunded,7
ORD-004417,2026-06-23 21:08:14,CUST-00572,LATAM,online,SKU-1106,Expansion Key,Digital,1,2.89,0.05,completed,5
ORD-003061,2026-03-02 18:06:15,CUST-00851,LATAM,retail,SKU-1273,Playmat,accessories,1,38.40,0.00,pending,15
ORD-000843,2025-02-03 16:42:01,CUST-00941,LATAM,online,SKU-1207,Starter Deck,Trading Cards,1,181.79,0.00,completed,1
ORD-003109,09-Jul-2025,CUST-00979,North America,ONLINE,SKU-1061,1000pc Coastline,  Puzzles ,2,$30.23,0.00,pending,6
ORD-000534,2025-02-07 04:51:41,CUST-01105,North America,wholesale,SKU-1368,Starter Deck,Trading Cards,5,93.86,0.00,cancelled,19
ORD-003665,08/05/2025,CUST-01496,EMEA,partner,SKU-1251,500pc Night Market,Puzzles,8,27.87,0.00,completed,8
ORD-000040,2025-02-21 17:18:38,CUST-00087,APAC,online,SKU-1120,Season Pass,  Digital ,1,24.41,0.20,completed,12
ORD-000122,2025-01-20 08:27:46,CUST-00838,EMEA,retail,SKU-1213,Season Pass,Digital,1,49.44,0.15,completed,11
ORD-002350,2025-05-29 09:26:48,CUST-00702,North America,partner,SKU-1116,Hero Blister,Miniatures,1,127.96,0.00,cancelled,3
ORD-002805,2025-09-26T18:21:07Z,CUST-01549,LATAM,  wholesale ,SKU-1303,1000pc Coastline,PUZZLES,2,11.92,0.00,pending,20
ORD-004732,13-Dec-2025,CUST-00339,North America,retail,SKU-1029,Season Pass,Digital,1,12.34,0.00,completed,18
ORD-000312,19-Dec-2025,CUST-00466,APAC,partner,SKU-1389,Collector Box,Trading Cards,12,144.62,0.15,pending,8
ORD-003689,2026-06-14 00:03:15,CUST-01525,North America,wholesale,SKU-1370,Dungeon Delve,Board Games,1,67.60,0.00,cancelled,1
ORD-002313,24-May-2026,CUST-00269,EMEA,wholesale,SKU-1009,Cosmetic Bundle,Digital,1,25.91,0.00,pending,14
ORD-004977,10/23/2025,CUST-01642,APAC,retail,SKU-1224,2000pc Star Chart,Puzzles,1,27.83,0.15,pending,7
ORD-003348,2026-01-14 04:51:10,CUST-00066,EMEA,retail,SKU-1194,1000pc Coastline,PUZZLES,2,$26.56,0.00,refunded,21
ORD-003984,15-Jul-2025,CUST-00733,LATAM,online,SKU-1080,Terrain Kit,Miniatures,1,60.50,0.00,pending,18
ORD-000090,02-Oct-2025,CUST-00798,APAC,retail,SKU-1296,Dice Set,accessories,1,12.92,0.00,completed,4
ORD-002303,03/05/2025,CUST-00820,North America,retail,SKU-1322,Season Pass,Digital,5,50.20,0.20,pending,4
ORD-003982,11/03/2025,CUST-01123,  LATAM ,WHOLESALE,SKU-1237,Promo Tin,Trading Cards,4,49.33,0.00,refunded,21
ORD-000879,06/10/2026,CUST-00549,LATAM,retail,SKU-1163,1000pc Coastline,Puzzles,2,33.96,0.00,cancelled,5
ORD-002494,02/05/2026,CUST-00712,APAC,retail,SKU-1288,Hero Blister,Miniatures,3,145.46,0.10,completed,2
ORD-002449,2025-01-30 13:17:49,CUST-01092,LATAM,partner,SKU-1168,500pc Night Market,Puzzles,1,24.39,0.00,pending,15
ORD-004881,2025-06-30T15:52:13Z,CUST-00558,latam,wholesale,SKU-1098,Card Sleeves,  Accessories ,-1,33.09,0.00,pending,12
ORD-002396,2025-10-01 18:18:18,CUST-01757,  LATAM ,wholesale,SKU-1198,2000pc Star Chart,Puzzles,3,18.99,0.00,completed,2
ORD-003298,21-Apr-2025,CUST-01086,North America,online,SKU-1349,Bundle Case,Trading Cards,1,$117.04,0.00,pending,13
ORD-004170,06/06/2025,CUST-01590,EMEA,wholesale,SKU-1107,Card Sleeves,Accessories,5,33.17,0.00,refunded,4
ORD-003647,2026-04-21 01:55:14,CUST-01586,North America,retail,SKU-1074,Booster Pack,Trading Cards,2,112.31,0.00,completed,1
ORD-001845,18-Apr-2026,CUST-01148,LATAM,partner,SKU-1069,Card Sleeves,Accessories,3,6.61,0.10,completed,13
ORD-001575,01-Feb-2025,CUST-00969,emea,wholesale,SKU-1007,Expansion Key,  Digital ,1,15.48,0.00,pending,4
ORD-001188,2025-11-14T02:08:45Z,CUST-00631,LATAM,online,SKU-1309,Harvest Moon Valley,Board Games,2,67.57,0.00,completed,15
ORD-000486,2025-11-30 06:10:45,CUST-00488,LATAM,  partner ,SKU-1121,Promo Tin,TRADING CARDS,3,145.78,0.00,completed,4
ORD-001807,10/31/2025,CUST-01788,EMEA,partner,SKU-1029,Cosmetic Bundle,Digital,5,57.16,0.15,pending,1
ORD-000812,2025-06-06 16:15:24,CUST-00078,North America,wholesale,SKU-1027,500pc Night Market,PUZZLES,5,30.85,0.00,completed,15
ORD-001361,12/02/2025,CUST-00510,LATAM,ONLINE,SKU-1324,1000pc Coastline,Puzzles,3,29.61,0.00,completed,17
ORD-004000,2026-03-17T09:31:07Z,CUST-00360,LATAM,wholesale,SKU-1294,Card Sleeves,ACCESSORIES,3,34.66,0.00,refunded,13
ORD-004609,2026-04-09 00:58:01,CUST-01032,APAC,PARTNER,SKU-1323,Playmat,Accessories,2,16.50,0.20,pending,11
ORD-004203,2026-01-31 01:48:16,CUST-01463,emea,online,SKU-1082,Terrain Kit,Miniatures,4,54.88,0.20,pending,18
ORD-004155,06/03/2025,CUST-00362,APAC,wholesale,SKU-1264,Cosmetic Bundle,Digital,5,41.25,0.10,completed,15
ORD-000839,2025-07-15 08:07:42,CUST-01529,APAC,wholesale,SKU-1308,Dice Set,Accessories,3,27.85,0.00,pending,18
ORD-002817,2025-04-19 07:25:01,CUST-00510,LATAM,wholesale,SKU-1378,Warband Set,MINIATURES,4,21.45,0.20,completed,7
ORD-001129,12/24/2025,CUST-01667,LATAM,wholesale,SKU-1006,Card Sleeves,  Accessories ,1,18.92,0.00,pending,21
ORD-000262,2025-01-10 09:14:06,CUST-00241,LATAM,partner,SKU-1005,500pc Night Market,Puzzles,2,32.14,0.00,completed,6
ORD-001541,2025-05-12T01:33:18Z,CUST-01763,LATAM,WHOLESALE,SKU-1300,Card Sleeves,Accessories,2,33.76,0.10,pending,18
ORD-002590,2026-02-13 16:09:01,CUST-00730,APAC,retail,SKU-1057,Trade Winds,Board Games,12,45.23,0.15,cancelled,16
ORD-000842,2026-04-15 15:31:23,CUST-01205,North America,retail,SKU-1233,Harvest Moon Valley,Board Games,2,71.57,0.15,refunded,11
ORD-004381,04/15/2025,CUST-00186,North America,retail,SKU-1277,Season Pass,Digital,4,56.46,0.05,pending,2
ORD-003165,10-Jul-2025,CUST-00780,north america,wholesale,SKU-1143,Signal Fire,board games,2,77.97,0.25,completed,5
ORD-003567,2025-08-19 22:51:22,CUST-00153,North America,retail,SKU-1309,Castle Siege,Board Games,3,$27.46,0.00,cancelled,16
ORD-004251,10-Dec-2025,CUST-01755,North America,ONLINE,SKU-1087,Dungeon Delve,board games,8,60.96,0.00,completed,1
ORD-000321,31-Aug-2025,CUST-00292,  North America ,retail,SKU-1039,Cosmetic Bundle,DIGITAL,1,1.25,0.05,pending,5
ORD-003131,05/11/2026,CUST-00458,  APAC ,  wholesale ,SKU-1095,Deck Box,Accessories,5,14.03,0.00,cancelled,9
ORD-003602,2025-11-20 06:38:07,CUST-00002,EMEA,wholesale,SKU-1055,Season Pass,Digital,2,38.23,0.05,refunded,16
ORD-000779,01/09/2026,CUST-01583,North America,online,SKU-1067,Dice Set,Accessories,1,26.66,0.00,pending,10
ORD-002351,07-Jun-2025,CUST-01165,North America,retail,SKU-1299,Card Sleeves,Accessories,12,8.13,0.25,cancelled,2
ORD-004420,2026-03-06 03:45:36,CUST-01609,emea,  partner ,SKU-1121,Hero Blister,Miniatures,1,95.94,0.05,refunded,12
ORD-001270,2026-03-16 14:59:14,CUST-01044,LATAM,online,SKU-1163,Terrain Kit,Miniatures,1,37.10,0.15,completed,19
ORD-004168,06/19/2025,CUST-01553,APAC,  retail ,SKU-1170,Cosmetic Bundle,digital,2,50.20,0.00,completed,14
ORD-001916,2026-03-23 08:25:24,CUST-01129,LATAM,retail,SKU-1005,Hero Blister,Miniatures,2,100.83,0.00,pending,14
ORD-003939,2025-05-04 23:36:28,CUST-01167,EMEA,retail,SKU-1016,Promo Tin,Trading Cards,12,122.20,0.00,pending,13
ORD-004558,2025-01-07 12:01:09,CUST-00099,LATAM,partner,SKU-1044,1000pc Coastline,Puzzles,2,13.91,0.05,refunded,19
ORD-004990,05-Apr-2025,CUST-01553,LATAM,wholesale,SKU-1134,Dice Set,Accessories,1,7.77,0.00,cancelled,7
ORD-003172,20-Mar-2026,CUST-01511,EMEA,partner,SKU-1141,Booster Pack,Trading Cards,3,180.80,0.00,refunded,13
ORD-004831,2026-01-07 03:20:50,CUST-01583,North America,retail,SKU-1077,Dice Set,Accessories,4,30.15,0.25,refunded,11
ORD-001080,2025-10-02T11:13:01Z,CUST-01396,North America,partner,SKU-1277,Bundle Case,Trading Cards,2,66.96,0.15,cancelled,21
ORD-004429,2025-01-12 23:06:43,CUST-00114,North America,online,SKU-1320,Signal Fire,Board Games,1,63.70,0.15,refunded,7
ORD-004567,03/18/2025,CUST-00154,NORTH AMERICA,online,SKU-1118,Castle Siege,Board Games,3,50.65,0.00,pending,2
ORD-004242,2026-05-08 20:11:11,CUST-01794,EMEA,online,SKU-1243,Castle Siege,BOARD GAMES,5,15.39,0.00,pending,11
ORD-004336,04/20/2026,CUST-00061,EMEA,retail,SKU-1331,Hero Blister,Miniatures,1,95.66,0.00,refunded,21
ORD-003812,2026-01-06 10:44:36,CUST-01726,LATAM,partner,SKU-1359,Dice Set,Accessories,3,30.13,0.15,cancelled,8
ORD-002199,2025-01-06 12:02:21,CUST-01158,LATAM,retail,SKU-1284,500pc Night Market,Puzzles,1,11.70,0.05,completed,11
ORD-001482,2026-06-30 19:35:40,CUST-00553,LATAM,wholesale,SKU-1321,Hero Blister,Miniatures,2,21.60,0.00,completed,21
ORD-003975,2025-09-11 15:59:03,CUST-00175,APAC,retail,SKU-1216,500pc Night Market,Puzzles,-8,29.72,0.00,completed,5
ORD-000135,13-Dec-2025,CUST-01490,North America,retail,SKU-1343,Trade Winds,Board Games,2,57.15,0.20,pending,14
ORD-004906,02/26/2026,CUST-01177,  LATAM ,online,SKU-1389,Dice Set,Accessories,4,24.41,0.00,pending,4
ORD-001805,2025-12-23 14:42:24,CUST-01072,LATAM,partner,SKU-1135,Card Sleeves,Accessories,2,12.16,0.00,refunded,14
ORD-001753,24-Apr-2025,CUST-01003,EMEA,retail,SKU-1070,Terrain Kit,Miniatures,4,63.10,0.15,completed,2
ORD-001534,08-Jun-2025,CUST-00736,  EMEA ,partner,SKU-1297,Dungeon Delve,Board Games,4,51.59,0.25,refunded,20
ORD-000952,03/03/2026,CUST-01037,LATAM,partner,SKU-1197,500pc Night Market,Puzzles,1,$19.19,0.05,pending,13
ORD-003794,16-Oct-2025,CUST-00435,EMEA,wholesale,SKU-1279,1000pc Coastline,Puzzles,2,$27.21,0.00,pending,9
ORD-002282,08/23/2025,CUST-00741,APAC,retail,SKU-1351,Dice Set,Accessories,3,5.22,0.00,refunded,8
ORD-002335,2025-04-02 13:37:40,CUST-01176,APAC,partner,SKU-1225,Terrain Kit,Miniatures,1,133.83,0.00,refunded,21
ORD-003431,2025-03-20 01:57:21,CUST-00354,EMEA,wholesale,SKU-1155,Hero Blister,Miniatures,2,131.64,0.00,refunded,1
ORD-000385,2025-03-01 21:59:53,CUST-01790,LATAM,wholesale,SKU-1311,Starter Deck,Trading Cards,2,8.11,0.20,refunded,2
ORD-004549,04/15/2026,CUST-01439,North America,  retail ,SKU-1336,Cosmetic Bundle,Digital,2,56.12,0.20,pending,8
ORD-002850,07-Mar-2025,CUST-01063,EMEA,,SKU-1229,Paint Set,Miniatures,2,136.20,0.00,pending,11
ORD-003762,2025-04-17 14:13:24,CUST-00979,North America,retail,SKU-1094,500pc Night Market,PUZZLES,8,19.32,0.00,pending,16
ORD-002461,2025-08-23 21:04:11,CUST-00599,  LATAM ,wholesale,SKU-1048,Paint Set,Miniatures,2,37.67,0.00,cancelled,17
ORD-002214,2025-07-03 17:29:37,CUST-00816,EMEA,WHOLESALE,SKU-1346,Hero Blister,Miniatures,2,142.66,0.00,cancelled,15
ORD-002265,02/28/2025,CUST-01587,LATAM,WHOLESALE,SKU-1259,Dungeon Delve,Board Games,1,32.01,0.00,refunded,7
ORD-004825,2025-03-29 10:22:10,CUST-01704,APAC,ONLINE,SKU-1176,Signal Fire,Board Games,3,$71.65,0.00,pending,5
ORD-001797,2025-02-27T21:27:59Z,CUST-00832,  APAC ,wholesale,SKU-1383,Promo Tin,Trading Cards,8,212.47,0.05,completed,3
ORD-004110,08/29/2025,CUST-01525,APAC,retail,SKU-1248,Expansion Key,Digital,2,47.15,0.00,cancelled,2
ORD-004523,12-Dec-2025,CUST-01428,LATAM,partner,SKU-1253,Warband Set,Miniatures,1,$140.85,0.00,refunded,10
ORD-003234,2026-06-15 04:00:21,CUST-01546,EMEA,online,SKU-1001,Season Pass,Digital,2,1.13,0.00,pending,12
ORD-000193,2025-12-08 02:40:49,CUST-01220,North America,online,SKU-1217,Bundle Case,Trading Cards,2,102.23,0.00,completed,20
ORD-001057,2025-06-02 15:44:01,CUST-00941,APAC,retail,SKU-1285,Trade Winds,board games,3,62.27,0.00,cancelled,17
ORD-001577,2025-05-05 10:57:49,CUST-00730,LATAM,online,SKU-1292,500pc Night Market,Puzzles,1,27.40,0.15,pending,5
ORD-001381,2025-08-17 17:34:41,CUST-00780,North America,online,SKU-1199,Warband Set,Miniatures,4,114.32,0.00,pending,17
ORD-004066,05/01/2026,CUST-00758,LATAM,partner,SKU-1215,Collector Box,Trading Cards,2,15.51,0.00,pending,10
ORD-004917,2025-04-28 14:14:25,CUST-01257,emea,ONLINE,SKU-1320,Trade Winds,Board Games,3,58.98,0.25,refunded,10
ORD-000253,2026-03-06 23:21:44,CUST-00225,apac,online,SKU-1070,500pc Night Market,Puzzles,8,$13.89,0.25,completed,17
ORD-003504,2025-08-24 02:31:50,CUST-00059,APAC,retail,SKU-1098,Paint Set,MINIATURES,1,97.82,0.00,pending,15
ORD-000597,09/28/2025,CUST-01546,EMEA,partner,SKU-1172,Warband Set,Miniatures,12,63.36,0.00,refunded,10
ORD-002691,2025-09-30 21:20:57,CUST-00091,APAC,wholesale,SKU-1052,1000pc Coastline,Puzzles,1,$16.87,0.00,completed,12
ORD-004708,2025-04-25 20:08:31,CUST-00549,LATAM,retail,SKU-1138,Season Pass,Digital,3,$50.32,0.00,cancelled,3
ORD-002834,2025-06-30 16:12:23,CUST-01294,APAC,partner,SKU-1364,Castle Siege,Board Games,1,37.78,0.00,completed,7
ORD-003932,2026-02-08 13:14:08,CUST-00240,LATAM,wholesale,SKU-1235,Collector Box,Trading Cards,8,118.15,0.00,refunded,10
ORD-003054,03/24/2026,CUST-00856,latam,partner,SKU-1327,Playmat,Accessories,8,8.66,0.00,completed,2
ORD-001323,2026-05-08T07:17:35Z,CUST-01553,LATAM,partner,SKU-1275,Expansion Key,digital,5,34.03,0.00,pending,12
ORD-001084,2026-06-08 15:16:58,CUST-00331,NORTH AMERICA,partner,SKU-1179,Trade Winds,Board Games,1,17.12,0.00,refunded,15
ORD-003804,2026-03-03 10:28:14,CUST-00036,LATAM,retail,SKU-1350,1000pc Coastline,Puzzles,1,30.33,0.05,pending,20
ORD-000934,2026-06-18 13:29:29,CUST-01513,north america,retail,SKU-1128,Collector Box,Trading Cards,12,64.19,0.00,cancelled,19
ORD-000057,2025-03-23 13:21:28,CUST-00310,APAC,retail,SKU-1326,1000pc Coastline,Puzzles,2,$17.02,0.00,refunded,12
ORD-003204,2025-05-15 06:52:28,CUST-01521,North America,wholesale,SKU-1006,Terrain Kit,Miniatures,12,94.55,0.00,pending,14
ORD-003922,2026-06-05 18:45:08,CUST-01689,emea,retail,SKU-1085,2000pc Star Chart,Puzzles,1,28.06,0.25,refunded,5
ORD-003341,2025-04-02 10:36:08,CUST-00328,APAC,partner,SKU-1157,Paint Set,Miniatures,5,118.11,0.00,cancelled,1
ORD-000727,2025-12-05T09:26:45Z,CUST-01623,LATAM,online,SKU-1202,Card Sleeves,Accessories,1,19.95,0.05,completed,7
ORD-004403,01/30/2025,CUST-01218,APAC,online,SKU-1114,Harvest Moon Valley,Board Games,1,28.37,0.00,completed,18
ORD-001595,01/31/2026,CUST-01243,EMEA,PARTNER,SKU-1082,Booster Pack,Trading Cards,12,70.88,0.25,refunded,20
ORD-002641,09/11/2025,CUST-00389,North America,retail,SKU-1188,Harvest Moon Valley,board games,2,56.58,0.00,cancelled,18
ORD-004486,2026-04-03T22:24:06Z,CUST-00047,LATAM,partner,SKU-1049,Warband Set,Miniatures,1,59.43,0.00,refunded,18
ORD-002152,2025-08-12 00:04:44,CUST-01479,latam,online,SKU-1253,Deck Box,Accessories,1,11.90,0.10,cancelled,14
ORD-003844,11-Jan-2026,CUST-00455,EMEA,partner,SKU-1266,Cosmetic Bundle,DIGITAL,2,43.68,0.20,completed,20
ORD-003683,20-May-2026,CUST-01119,North America,wholesale,SKU-1316,Starter Deck,Trading Cards,3,$41.82,0.00,cancelled,4
ORD-004973,2026-05-27 02:27:41,CUST-00537,apac,online,SKU-1197,Castle Siege,Board Games,2,57.95,0.00,cancelled,13
ORD-004167,08/21/2025,CUST-00556,North America,online,SKU-1199,Starter Deck,Trading Cards,2,144.99,0.25,completed,12
ORD-002812,2026-01-31T14:03:47Z,CUST-01676,APAC,retail,SKU-1008,500pc Night Market,Puzzles,8,13.72,0.00,cancelled,19
ORD-000642,2025-09-06 13:49:02,CUST-00293,North America,retail,SKU-1263,Terrain Kit,Miniatures,3,40.14,0.10,pending,13
ORD-001382,2026-05-04 09:25:38,CUST-00275,APAC,WHOLESALE,SKU-1385,Hero Blister,Miniatures,1,63.38,0.00,cancelled,12
ORD-004311,2025-05-27 00:53:35,,EMEA,online,SKU-1173,Card Sleeves,Accessories,1,8.26,0.00,cancelled,17
ORD-003171,02-May-2026,CUST-01340,APAC,retail,SKU-1174,Terrain Kit,miniatures,4,122.90,0.00,refunded,21
ORD-003399,2026-02-01 19:38:30,,LATAM,wholesale,SKU-1399,2000pc Star Chart,Puzzles,1,10.99,0.00,completed,10
ORD-000425,2025-07-17 00:53:10,CUST-00297,apac,PARTNER,SKU-1208,Hero Blister,Miniatures,-3,76.50,0.00,cancelled,18
ORD-004447,16-Jul-2025,CUST-01006,LATAM,retail,SKU-1035,Hero Blister,miniatures,1,119.33,0.05,completed,11
ORD-001419,02/11/2025,CUST-00646,EMEA,online,SKU-1134,Warband Set,Miniatures,1,64.47,0.00,cancelled,13
ORD-000974,06/30/2026,CUST-00203,NORTH AMERICA,wholesale,SKU-1166,500pc Night Market,Puzzles,1,18.12,0.00,refunded,18
ORD-001128,2026-01-26 23:05:05,CUST-01177,North America,partner,SKU-1112,Collector Box,Trading Cards,8,171.24,0.00,completed,15
ORD-001903,2025-06-13 23:46:00,CUST-00911,EMEA,retail,SKU-1280,Paint Set,Miniatures,8,46.92,0.00,pending,20
ORD-002504,2026-05-19 00:45:38,CUST-00925,APAC,wholesale,SKU-1112,Hero Blister,Miniatures,-3,110.08,0.00,cancelled,8
ORD-000646,2026-02-17 22:52:13,CUST-01287,North America,online,SKU-1342,Expansion Key,  Digital ,1,18.40,0.05,completed,20
ORD-004837,2025-08-11T01:41:32Z,CUST-00390,EMEA,PARTNER,SKU-1026,Expansion Key,Digital,5,56.34,0.10,pending,2
ORD-001677,02/01/2026,CUST-00360,LATAM,partner,SKU-1213,Cosmetic Bundle,DIGITAL,-1,23.31,0.10,pending,10
ORD-001901,2025-01-19 03:12:37,CUST-01243,EMEA,wholesale,SKU-1187,Castle Siege,Board Games,1,63.69,0.00,pending,17
ORD-001518,2025-11-22 10:13:59,CUST-01588,EMEA,online,SKU-1198,Deck Box,Accessories,4,23.91,0.15,cancelled,21
ORD-004682,2025-07-10 13:10:26,CUST-01248,EMEA,retail,SKU-1397,Expansion Key,DIGITAL,2,9.93,0.25,pending,14
ORD-004626,2025-01-05 22:00:45,CUST-01580,EMEA,PARTNER,SKU-1077,Cosmetic Bundle,Digital,2,14.83,0.00,completed,10
ORD-002559,2025-06-16 09:46:21,CUST-00119,EMEA,online,SKU-1382,Playmat,accessories,5,22.48,0.00,pending,14
ORD-003200,2026-04-27 02:11:50,CUST-00420,EMEA,retail,SKU-1272,Deck Box,Accessories,4,22.05,0.05,cancelled,5
ORD-003111,2025-11-20 06:29:55,CUST-01424,North America,partner,SKU-1270,Expansion Key,Digital,3,43.85,0.00,refunded,16
ORD-001987,2025-08-23 18:31:53,CUST-01230,APAC,partner,SKU-1144,Terrain Kit,Miniatures,-1,42.49,0.05,refunded,
ORD-002431,2025-12-07 19:00:51,CUST-00974,LATAM,retail,SKU-1104,500pc Night Market,Puzzles,-3,21.03,0.15,refunded,3
ORD-001630,2025-04-03 01:35:13,CUST-01699,LATAM,retail,SKU-1182,Deck Box,ACCESSORIES,1,17.52,0.20,pending,13
ORD-003436,2025-10-07 09:19:24,CUST-01407,EMEA,  online ,SKU-1114,Expansion Key,Digital,1,19.80,0.00,completed,6
ORD-004443,2025-09-09 08:24:11,CUST-00350,APAC,retail,SKU-1116,Hero Blister,Miniatures,4,36.24,0.00,refunded,15
ORD-003244,2026-05-24 05:39:05,CUST-01203,APAC,online,SKU-1190,Booster Pack,Trading Cards,2,207.66,0.00,pending,11
ORD-002547,01/23/2026,CUST-00910,LATAM,online,SKU-1078,Cosmetic Bundle,Digital,3,6.36,0.00,pending,6
ORD-002668,12/05/2025,CUST-01040,North America,online,SKU-1209,Booster Pack,  Trading Cards ,1,18.59,0.00,refunded,3
ORD-002391,2026-02-02 07:06:06,CUST-00681,APAC,wholesale,SKU-1011,500pc Night Market,Puzzles,2,14.71,0.25,refunded,19
ORD-004689,01/01/2025,CUST-00711,APAC,online,SKU-1233,Harvest Moon Valley,Board Games,4,48.15,0.00,refunded,1
ORD-001796,2025-04-13T23:34:56Z,CUST-00525,  LATAM ,wholesale,SKU-1123,2000pc Star Chart,Puzzles,4,13.44,0.00,completed,7
ORD-004191,07/27/2025,CUST-00382,EMEA,partner,SKU-1262,2000pc Star Chart,Puzzles,1,32.92,0.10,pending,19
ORD-003047,26-Mar-2026,CUST-00853,APAC,online,SKU-1026,Harvest Moon Valley,Board Games,2,52.13,0.10,refunded,16
ORD-002867,2025-09-17 21:13:26,CUST-00314,  LATAM ,wholesale,SKU-1013,Starter Deck,Trading Cards,3,57.26,0.00,refunded,13
ORD-001449,08/13/2025,CUST-01583,North America,partner,SKU-1309,Cosmetic Bundle,Digital,2,11.65,0.00,refunded,11
ORD-002731,12/19/2025,CUST-01748,LATAM,retail,SKU-1099,Card Sleeves,Accessories,1,32.37,0.00,refunded,21
ORD-001375,12/09/2025,CUST-01724,LATAM,wholesale,SKU-1124,Season Pass,Digital,4,28.75,0.00,cancelled,13
ORD-003508,2025-10-10T13:50:29Z,CUST-01539,LATAM,wholesale,SKU-1037,Promo Tin,TRADING CARDS,3,181.46,0.00,completed,12
ORD-000185,2025-07-28 00:25:14,CUST-01690,apac,online,SKU-1084,Starter Deck,TRADING CARDS,1,158.49,0.00,completed,6
ORD-000877,2025-04-19 19:02:29,CUST-00925,APAC,online,SKU-1226,1000pc Coastline,Puzzles,2,25.15,0.00,cancelled,9
ORD-004004,2026-05-15 20:57:43,CUST-01139,EMEA,ONLINE,SKU-1320,Castle Siege,Board Games,1,74.60,0.00,pending,5
ORD-003808,22-Jun-2026,CUST-01620,  North America ,wholesale,SKU-1091,Paint Set,Miniatures,4,38.12,0.00,pending,19
ORD-002890,2026-01-17 11:58:50,CUST-01336,  LATAM ,retail,SKU-1393,Season Pass,DIGITAL,3,11.93,0.00,pending,17
ORD-002621,2026-03-18 21:20:32,CUST-00915,latam,retail,SKU-1399,Booster Pack,Trading Cards,8,176.15,0.00,completed,8
ORD-001766,2025-07-27 01:51:24,CUST-01077,APAC,online,SKU-1084,Dice Set,ACCESSORIES,12,24.15,0.00,completed,6
ORD-003387,2026-04-14 05:31:58,CUST-01639,LATAM,retail,SKU-1303,Castle Siege,Board Games,-2,32.03,0.25,completed,6
ORD-001390,2025-03-11 16:09:50,CUST-01770,EMEA,online,SKU-1192,Cosmetic Bundle,DIGITAL,8,33.09,0.25,pending,7
ORD-003281,16-Feb-2025,CUST-01009,APAC,retail,SKU-1128,Paint Set,Miniatures,2,23.27,0.00,cancelled,18
ORD-000565,2025-08-06 17:50:11,CUST-00777,EMEA,wholesale,SKU-1041,2000pc Star Chart,Puzzles,3,28.90,0.00,refunded,4
ORD-000046,2025-08-28 23:32:49,CUST-01136,North America,retail,SKU-1282,Deck Box,Accessories,5,12.88,0.00,refunded,4
ORD-003465,2025-02-20 14:56:23,CUST-01174,  EMEA ,retail,SKU-1218,Expansion Key,Digital,1,48.25,0.00,cancelled,12
ORD-004158,2026-03-10 10:11:30,CUST-00550,LATAM,partner,SKU-1125,Harvest Moon Valley,Board Games,1,56.26,0.00,pending,21
ORD-000856,12-Oct-2025,CUST-01784,LATAM,WHOLESALE,SKU-1079,Season Pass,Digital,3,14.13,0.00,cancelled,14
ORD-001535,11/27/2025,CUST-00433,North America,partner,SKU-1089,Dungeon Delve,Board Games,5,35.79,0.00,completed,6
ORD-002742,08/04/2025,CUST-01367,APAC,partner,SKU-1037,Season Pass,Digital,1,56.48,0.00,cancelled,18
ORD-002690,2025-03-22 09:10:45,CUST-00074,EMEA,wholesale,SKU-1188,Hero Blister,Miniatures,2,36.43,0.00,refunded,2
ORD-004826,04-Feb-2025,CUST-00988,LATAM,retail,SKU-1040,Dice Set,Accessories,1,7.92,0.00,cancelled,3
ORD-001494,02/15/2026,CUST-00176,APAC,WHOLESALE,SKU-1180,1000pc Coastline,Puzzles,2,29.19,0.00,pending,14
ORD-003415,11/25/2025,CUST-01770,APAC,partner,SKU-1147,500pc Night Market,Puzzles,4,$25.21,0.00,completed,14
ORD-004120,11/19/2025,CUST-01026,LATAM,retail,SKU-1302,Season Pass,DIGITAL,4,26.63,0.00,completed,19
ORD-002672,2025-02-24 15:08:02,CUST-01087,APAC,online,SKU-1083,500pc Night Market,Puzzles,1,16.65,0.10,cancelled,17
ORD-002726,05/17/2026,CUST-01102,APAC,wholesale,SKU-1318,1000pc Coastline,Puzzles,1,13.69,0.00,cancelled,15
ORD-002594,2026-05-20 07:05:36,CUST-00691,North America,wholesale,SKU-1222,Trade Winds,Board Games,8,$69.07,0.10,cancelled,17
ORD-003066,03-Sep-2025,CUST-01448,EMEA,wholesale,SKU-1244,Season Pass,Digital,2,19.79,0.15,pending,12
ORD-002093,03/31/2025,CUST-01770,EMEA,wholesale,SKU-1009,Paint Set,MINIATURES,2,138.79,0.15,cancelled,6
ORD-002567,2025-10-20 11:38:32,CUST-00614,APAC,retail,SKU-1203,Promo Tin,Trading Cards,1,83.40,0.00,refunded,3
ORD-003125,29-Jan-2026,CUST-00544,North America,wholesale,SKU-1217,Booster Pack,TRADING CARDS,2,55.64,0.00,cancelled,10
ORD-003122,12/07/2025,CUST-01073,LATAM,wholesale,SKU-1117,Season Pass,Digital,3,42.47,0.20,pending,9
ORD-000771,05/28/2026,CUST-01427,North America,wholesale,SKU-1036,Paint Set,Miniatures,2,106.18,0.05,refunded,13
ORD-002782,05/23/2025,CUST-01707,LATAM,online,SKU-1347,Hero Blister,miniatures,2,27.86,0.10,cancelled,6
ORD-001261,14-Sep-2025,CUST-00293,APAC,online,SKU-1337,Bundle Case,Trading Cards,1,248.91,0.15,pending,20
ORD-003876,2025-08-16 21:16:36,CUST-00737,EMEA,RETAIL,SKU-1121,Hero Blister,MINIATURES,1,32.30,0.00,pending,18
ORD-000896,03/03/2025,,APAC,partner,SKU-1350,Starter Deck,Trading Cards,2,183.74,0.00,refunded,3
ORD-003225,2025-04-03 07:04:06,CUST-00823,EMEA,online,SKU-1208,Paint Set,Miniatures,1,125.72,0.00,completed,21
ORD-003754,2025-08-24 08:41:06,CUST-00606,North America,online,SKU-1374,Trade Winds,BOARD GAMES,2,66.87,0.15,refunded,10
ORD-000895,02/11/2025,CUST-01547,North America,partner,SKU-1385,Paint Set,Miniatures,1,66.15,0.25,refunded,13
ORD-003958,2025-03-28 20:45:14,CUST-00372,LATAM,wholesale,SKU-1127,Season Pass,Digital,2,52.86,0.00,pending,16
ORD-002239,2025-03-08 06:09:29,CUST-01515,APAC,online,SKU-1026,Dungeon Delve,Board Games,1,65.22,0.25,cancelled,16
ORD-003057,2026-05-26T08:28:35Z,CUST-00067,LATAM,retail,SKU-1050,Paint Set,Miniatures,1,79.21,0.15,cancelled,8
ORD-002924,11/17/2025,CUST-00716,APAC,wholesale,SKU-1176,Trade Winds,Board Games,1,19.47,0.20,refunded,14
ORD-004797,2025-09-28T11:05:48Z,CUST-00498,EMEA,retail,SKU-1321,500pc Night Market,Puzzles,2,32.37,0.00,completed,17
ORD-000832,2025-11-16T18:37:57Z,CUST-00188,  EMEA ,partner,SKU-1164,Playmat,Accessories,1,30.51,0.00,pending,7
ORD-003477,2025-05-29 08:54:45,CUST-00471,LATAM,online,SKU-1383,Card Sleeves,accessories,1,26.33,0.00,pending,15
ORD-002286,2025-12-03 10:29:00,CUST-01200,NORTH AMERICA,partner,SKU-1144,1000pc Coastline,puzzles,1,26.53,0.00,completed,9
ORD-001095,2025-10-02 12:18:42,CUST-01442,LATAM,wholesale,SKU-1261,Promo Tin,Trading Cards,1,140.75,0.00,cancelled,19
ORD-003206,04/10/2026,CUST-01706,  LATAM ,partner,SKU-1256,Expansion Key,DIGITAL,4,51.95,0.00,refunded,11
ORD-001620,03/22/2025,CUST-00459,EMEA,online,SKU-1365,Cosmetic Bundle,digital,1,1.43,0.00,refunded,9
ORD-004703,2025-02-26 15:48:09,CUST-00523,North America,wholesale,SKU-1090,Deck Box,Accessories,2,24.14,0.25,cancelled,21
ORD-004864,06/18/2025,CUST-01231,North America,retail,SKU-1154,Collector Box,Trading Cards,2,18.36,0.00,cancelled,11
ORD-004767,01/29/2025,CUST-00950,EMEA,retail,SKU-1129,2000pc Star Chart,Puzzles,1,16.51,0.00,completed,8
ORD-001993,01/08/2026,CUST-00600,,online,SKU-1118,Castle Siege,Board Games,3,75.03,0.00,cancelled,16
ORD-000637,12-Dec-2025,CUST-00188,EMEA,  online ,SKU-1078,Season Pass,Digital,1,47.68,0.00,cancelled,2
ORD-002670,2025-11-26 14:22:07,CUST-00920,APAC,online,SKU-1339,2000pc Star Chart,Puzzles,12,33.37,0.00,cancelled,20
ORD-002035,2025-03-14 16:50:09,CUST-00503,EMEA,partner,SKU-1167,Card Sleeves,Accessories,1,29.47,0.00,pending,1
ORD-002156,03/16/2025,,emea,online,SKU-1182,Collector Box,Trading Cards,1,29.82,0.00,refunded,13
ORD-001938,2025-03-24 23:00:51,CUST-00887,EMEA,partner,SKU-1031,Trade Winds,Board Games,1,38.16,0.25,completed,21
ORD-002233,05/19/2026,CUST-00845,APAC,WHOLESALE,SKU-1291,Playmat,Accessories,2,$18.03,0.00,refunded,18
ORD-003002,2026-04-20 16:01:11,CUST-00174,LATAM,wholesale,SKU-1038,Signal Fire,Board Games,2,34.31,0.00,refunded,21
ORD-004943,2026-02-15 18:20:08,CUST-01625,EMEA,retail,SKU-1370,Bundle Case,TRADING CARDS,1,$190.64,0.20,cancelled,12
ORD-004859,05-Jun-2026,CUST-00441,  EMEA ,retail,SKU-1119,Warband Set,Miniatures,2,71.71,0.00,completed,5
ORD-002137,2025-06-09T16:42:06Z,CUST-01154,EMEA,wholesale,SKU-1325,Expansion Key,Digital,2,46.70,0.10,cancelled,16
ORD-002314,04/28/2026,CUST-01420,EMEA,PARTNER,SKU-1372,Warband Set,Miniatures,1,112.32,0.00,cancelled,13
ORD-003645,09/14/2025,CUST-00759,EMEA,online,SKU-1059,500pc Night Market,  Puzzles ,5,34.60,0.00,cancelled,20
ORD-001932,10/22/2025,CUST-00288,North America,WHOLESALE,SKU-1195,1000pc Coastline,Puzzles,12,10.68,0.00,pending,16
ORD-003575,07/11/2025,CUST-00119,North America,online,SKU-1383,500pc Night Market,Puzzles,1,27.07,0.00,completed,6
ORD-004717,01/28/2026,CUST-00594,EMEA,retail,SKU-1009,Hero Blister,Miniatures,2,35.74,0.15,pending,14
ORD-003884,17-Jun-2026,CUST-01139,APAC,wholesale,SKU-1203,500pc Night Market,  Puzzles ,2,22.61,0.00,cancelled,12
ORD-003474,10/09/2025,CUST-00419,EMEA,online,SKU-1206,Promo Tin,Trading Cards,1,$59.10,0.15,completed,18
ORD-003000,2025-02-06 17:10:26,CUST-00768,LATAM,wholesale,SKU-1211,Dice Set,Accessories,3,27.38,0.00,completed,10
ORD-003692,01/16/2025,CUST-00033,North America,retail,SKU-1298,Booster Pack,trading cards,1,$76.45,0.05,refunded,21
ORD-003227,03/04/2026,CUST-00600,EMEA,partner,SKU-1305,Collector Box,Trading Cards,1,$212.20,0.00,cancelled,17
ORD-000619,2025-06-25T11:52:58Z,CUST-01499,LATAM,retail,SKU-1350,Dungeon Delve,board games,4,79.07,0.00,refunded,7
ORD-004197,14-Mar-2026,CUST-00216,LATAM,online,SKU-1296,1000pc Coastline,Puzzles,3,17.73,0.00,refunded,12
ORD-002389,10/28/2025,CUST-00401,North America,retail,SKU-1121,Playmat,Accessories,2,7.13,0.20,refunded,1
ORD-004325,04/20/2025,CUST-01450,EMEA,retail,SKU-1022,Bundle Case,  Trading Cards ,2,12.30,0.10,pending,7
ORD-004371,2025-09-23 03:45:47,CUST-00879,APAC,wholesale,SKU-1058,Expansion Key,Digital,3,5.30,0.00,refunded,21
ORD-002967,2026-01-04 00:26:23,CUST-00070,North America,wholesale,SKU-1383,Trade Winds,Board Games,5,24.15,0.00,refunded,13
ORD-003619,2026-06-05 15:30:07,CUST-01233,LATAM,partner,SKU-1067,1000pc Coastline,  Puzzles ,4,11.36,0.25,cancelled,3
ORD-001456,06/01/2026,CUST-01259,LATAM,online,SKU-1075,Starter Deck,Trading Cards,1,62.24,0.05,refunded,9
ORD-003786,2025-11-25 21:27:54,CUST-01380,APAC,wholesale,SKU-1222,500pc Night Market,Puzzles,-1,21.75,0.00,refunded,9
ORD-003512,25-Dec-2025,CUST-00934,EMEA,partner,SKU-1124,Bundle Case,Trading Cards,12,170.44,0.00,completed,8
ORD-003264,2025-03-11 05:36:14,CUST-00371,north america,  wholesale ,SKU-1008,Dungeon Delve,Board Games,4,50.89,0.00,cancelled,19
ORD-004925,01/02/2025,CUST-00223,LATAM,wholesale,SKU-1025,Deck Box,Accessories,1,$39.00,0.00,completed,3
ORD-004088,2025-10-04 02:24:49,CUST-00214,North America,retail,SKU-1233,Card Sleeves,Accessories,-2,12.70,0.00,pending,2
ORD-002795,2026-01-10 02:12:35,CUST-00413,EMEA,PARTNER,SKU-1398,2000pc Star Chart,Puzzles,4,28.79,0.00,pending,3
ORD-004885,2025-09-17 16:33:52,CUST-00924,LATAM,wholesale,SKU-1297,1000pc Coastline,Puzzles,3,14.70,0.20,completed,12
ORD-001010,2025-11-19 03:24:53,CUST-01052,,retail,SKU-1217,Dungeon Delve,Board Games,1,65.55,0.00,refunded,9
ORD-003141,2026-01-05 00:27:59,CUST-01479,EMEA,partner,SKU-1212,2000pc Star Chart,Puzzles,2,19.87,0.05,refunded,5
ORD-000504,01/17/2026,CUST-00574,apac,wholesale,SKU-1178,Starter Deck,TRADING CARDS,1,246.74,0.15,completed,20
ORD-003887,2026-04-03 01:08:57,CUST-00864,LATAM,online,SKU-1181,1000pc Coastline,Puzzles,5,24.05,0.00,cancelled,12
ORD-001018,10/21/2025,CUST-01164,APAC,partner,SKU-1194,Signal Fire,Board Games,2,17.63,0.00,cancelled,3
ORD-003598,2025-06-18 02:52:26,CUST-00658,APAC,retail,SKU-1397,Promo Tin,Trading Cards,2,119.97,0.00,refunded,13
ORD-000983,02-Mar-2025,CUST-00672,LATAM,WHOLESALE,SKU-1391,Card Sleeves,Accessories,4,28.97,0.00,refunded,19
ORD-001348,2026-05-30 01:31:12,CUST-00769,LATAM,wholesale,SKU-1187,Expansion Key,Digital,1,2.65,0.05,refunded,13
ORD-003545,2025-04-28 21:02:39,CUST-00290,  EMEA ,,SKU-1374,Booster Pack,Trading Cards,8,110.30,0.00,refunded,20
ORD-001028,14-Oct-2025,CUST-01633,North America,online,SKU-1144,Deck Box,Accessories,2,13.46,0.25,pending,1
ORD-002863,2025-01-30 23:11:52,CUST-01186,LATAM,wholesale,SKU-1224,Collector Box,Trading Cards,2,71.01,0.00,pending,19
ORD-004934,2025-11-08 04:36:31,CUST-01579,EMEA,  partner ,SKU-1317,Booster Pack,Trading Cards,1,57.34,0.00,pending,16
ORD-002988,2025-03-11 05:06:14,CUST-01199,EMEA,wholesale,SKU-1312,Playmat,Accessories,8,15.28,0.25,refunded,20
ORD-000452,01/24/2026,CUST-01557,North America,partner,SKU-1144,1000pc Coastline,Puzzles,1,21.01,0.10,completed,5
ORD-004698,04/05/2026,CUST-00291,latam,retail,SKU-1202,Castle Siege,Board Games,1,46.38,0.00,completed,12
ORD-004427,2026-03-30T07:30:27Z,CUST-00044,  North America ,online,SKU-1009,1000pc Coastline,Puzzles,2,29.77,0.00,refunded,13
ORD-002140,2025-01-24 10:21:35,CUST-01469,North America,online,SKU-1103,500pc Night Market,Puzzles,1,33.15,0.25,cancelled,18
ORD-001252,2025-12-22 01:05:44,CUST-01132,LATAM,retail,SKU-1272,Trade Winds,Board Games,1,29.67,0.00,completed,19
ORD-002727,03/19/2026,CUST-01483,north america,wholesale,SKU-1052,Hero Blister,Miniatures,3,35.99,0.00,pending,3
ORD-002014,2025-10-02 12:24:19,CUST-00157,North America,wholesale,SKU-1366,Deck Box,accessories,1,10.07,0.00,pending,8
ORD-001584,2026-01-30 07:50:36,CUST-00487,APAC,wholesale,SKU-1288,1000pc Coastline,Puzzles,12,24.07,0.00,pending,2
ORD-004322,03/15/2025,CUST-01534,LATAM,retail,SKU-1088,1000pc Coastline,Puzzles,4,27.56,0.00,completed,16
ORD-000130,2025-02-20 19:54:24,CUST-00689,LATAM,wholesale,SKU-1264,Booster Pack,Trading Cards,1,242.45,0.00,cancelled,16
ORD-003466,06/12/2026,CUST-01207,North America,online,SKU-1272,1000pc Coastline,Puzzles,12,16.50,0.00,cancelled,21
ORD-003368,2025-12-28 14:01:36,CUST-01408,EMEA,retail,SKU-1105,Warband Set,Miniatures,1,96.12,0.00,refunded,8
ORD-000962,2026-04-27 22:41:26,CUST-01301,EMEA,  wholesale ,SKU-1141,Collector Box,Trading Cards,-2,39.02,0.00,completed,2
ORD-004498,2025-12-25 22:04:41,CUST-00306,EMEA,wholesale,SKU-1183,1000pc Coastline,Puzzles,2,14.35,0.00,completed,3
ORD-004172,2025-03-26 22:42:42,CUST-00537,EMEA,  wholesale ,SKU-1237,2000pc Star Chart,Puzzles,1,31.76,0.25,pending,6
ORD-001495,11/24/2025,CUST-01436,LATAM,  wholesale ,SKU-1081,500pc Night Market,Puzzles,3,21.09,0.00,pending,10
ORD-004145,2026-05-22 02:09:19,CUST-00696,EMEA,  partner ,SKU-1193,Trade Winds,BOARD GAMES,3,63.77,0.20,pending,4
ORD-001452,10-Jul-2025,CUST-00208,APAC,ONLINE,SKU-1222,2000pc Star Chart,Puzzles,2,24.73,0.00,completed,13
ORD-002409,08/04/2025,CUST-00614,North America,online,SKU-1339,Hero Blister,Miniatures,8,125.18,0.00,cancelled,17
ORD-002707,2026-02-20 10:50:02,CUST-00409,North America,PARTNER,SKU-1393,Hero Blister,Miniatures,2,28.20,0.00,pending,4
ORD-000442,23-Aug-2025,CUST-00995,North America,RETAIL,SKU-1172,Trade Winds,Board Games,1,$77.47,0.00,cancelled,6
ORD-002333,2026-03-26T14:13:17Z,CUST-00118,emea,partner,SKU-1092,Starter Deck,  Trading Cards ,1,24.35,0.00,refunded,11
ORD-003397,2025-02-18 21:05:06,CUST-01222,North America,retail,SKU-1301,Expansion Key,Digital,2,27.79,0.05,pending,20
ORD-000272,13-Sep-2025,CUST-00620,APAC,partner,SKU-1046,Harvest Moon Valley,  Board Games ,1,42.52,0.00,completed,10
ORD-003823,02/02/2026,CUST-01591,LATAM,online,SKU-1160,Starter Deck,Trading Cards,2,51.92,0.00,refunded,17
ORD-003650,2026-01-12 08:28:26,CUST-00289,APAC,online,SKU-1291,Trade Winds,Board Games,1,60.71,0.00,cancelled,8
ORD-000261,2026-01-05 15:23:30,CUST-01391,APAC,wholesale,SKU-1369,1000pc Coastline,Puzzles,2,15.59,0.00,completed,18
ORD-004226,2026-05-23T16:34:52Z,CUST-00504,North America,retail,SKU-1007,Harvest Moon Valley,Board Games,2,57.03,0.00,refunded,14
ORD-001232,2025-04-05 10:56:36,CUST-01117,APAC,retail,SKU-1163,Castle Siege,Board Games,2,64.79,0.00,refunded,11
ORD-004516,2025-03-26 08:47:20,CUST-01452,North America,partner,SKU-1327,Paint Set,Miniatures,3,62.21,0.00,refunded,7
ORD-004383,2025-04-28 05:58:08,CUST-01731,North America,online,SKU-1109,Cosmetic Bundle,DIGITAL,12,42.82,0.00,cancelled,18
ORD-002108,2025-10-30T22:32:36Z,CUST-01714,EMEA,wholesale,SKU-1107,500pc Night Market,Puzzles,2,$10.89,0.00,cancelled,16
ORD-001441,2026-03-11 10:44:15,CUST-01106,LATAM,  online ,SKU-1068,Collector Box,trading cards,3,52.79,0.00,cancelled,13
ORD-000044,2025-05-01 06:46:47,CUST-01296,North America,wholesale,SKU-1041,Hero Blister,  Miniatures ,2,117.71,0.00,refunded,3
ORD-004771,2025-08-10 22:59:30,CUST-01265,EMEA,wholesale,SKU-1389,Booster Pack,Trading Cards,-1,221.33,0.25,completed,14
ORD-001738,01/29/2026,CUST-00941,EMEA,wholesale,SKU-1035,Collector Box,Trading Cards,2,248.69,0.05,refunded,16
ORD-001692,02/06/2026,CUST-01498,North America,PARTNER,SKU-1099,Cosmetic Bundle,Digital,1,39.32,0.00,refunded,18
ORD-004652,08-Mar-2026,CUST-00331,APAC,WHOLESALE,SKU-1306,Bundle Case,Trading Cards,3,15.14,0.00,pending,2
ORD-001992,2025-11-30 14:27:43,CUST-00092,APAC,partner,SKU-1296,1000pc Coastline,PUZZLES,1,18.63,0.00,cancelled,4
ORD-004278,24-Jun-2025,CUST-00582,North America,online,SKU-1256,Playmat,accessories,2,14.13,0.20,cancelled,20
ORD-000331,18-Oct-2025,CUST-00457,North America,retail,SKU-1122,Signal Fire,board games,4,55.81,0.00,cancelled,12
ORD-001030,07/08/2025,CUST-00434,North America,  retail ,SKU-1183,Paint Set,miniatures,-2,48.34,0.25,refunded,14
ORD-002993,2025-06-29 10:47:26,CUST-01646,  North America ,online,SKU-1194,Deck Box,Accessories,2,$35.88,0.25,pending,21
ORD-000542,2025-09-29 17:46:11,CUST-01131,LATAM,partner,SKU-1159,Castle Siege,board games,12,23.05,0.25,completed,11
ORD-003173,2025-11-15 11:34:12,CUST-01730,North America,online,SKU-1300,Cosmetic Bundle,DIGITAL,4,$24.97,0.00,completed,2
ORD-002527,25-May-2025,CUST-01188,emea,partner,SKU-1181,Harvest Moon Valley,Board Games,2,56.63,0.25,pending,2
ORD-003686,2025-02-10 15:47:14,CUST-00316,LATAM,retail,SKU-1106,Playmat,Accessories,12,17.89,0.10,refunded,19
ORD-001116,2026-03-17 17:45:53,CUST-01206,APAC,retail,SKU-1110,Expansion Key,Digital,1,2.83,0.10,cancelled,7
ORD-002947,2025-12-06 01:47:43,,APAC,partner,SKU-1023,Bundle Case,Trading Cards,1,207.23,0.05,pending,9
ORD-001464,01/24/2025,CUST-00115,APAC,retail,SKU-1223,Cosmetic Bundle,Digital,2,37.38,0.20,pending,21
ORD-003166,03/25/2025,CUST-01579,LATAM,partner,SKU-1009,500pc Night Market,  Puzzles ,3,26.04,0.20,refunded,8
ORD-002721,2025-07-20 05:50:16,CUST-01421,LATAM,wholesale,SKU-1218,Expansion Key,Digital,3,36.25,0.00,pending,19
ORD-001593,02/27/2025,CUST-00682,LATAM,online,SKU-1396,Harvest Moon Valley,Board Games,4,74.56,0.00,cancelled,19
ORD-004656,04/04/2026,CUST-00335,LATAM,wholesale,SKU-1210,Hero Blister,Miniatures,1,78.39,0.15,refunded,14
ORD-000275,2025-06-27 05:07:11,,EMEA,partner,SKU-1393,Deck Box,Accessories,2,32.74,0.00,completed,5
ORD-002127,2026-02-12 01:47:37,CUST-00181,north america,WHOLESALE,SKU-1233,2000pc Star Chart,Puzzles,1,$14.92,0.00,pending,3
ORD-003911,03/24/2025,CUST-01330,EMEA,partner,SKU-1358,Deck Box,Accessories,3,25.83,0.05,refunded,2
ORD-000990,2025-06-25T10:57:44Z,CUST-01661,apac,wholesale,SKU-1214,500pc Night Market,puzzles,1,10.25,0.00,pending,4
ORD-002535,2025-08-13 07:16:10,CUST-01774,APAC,partner,SKU-1011,Collector Box,Trading Cards,8,192.73,0.00,completed,16
ORD-001986,2025-09-23 23:56:12,CUST-00772,  EMEA ,wholesale,SKU-1287,Deck Box,Accessories,1,24.10,0.00,cancelled,8
ORD-004974,02/07/2025,CUST-01160,APAC,online,SKU-1154,Season Pass,Digital,1,44.40,0.00,completed,2
ORD-003533,2025-07-12 11:24:27,CUST-00551,APAC,wholesale,SKU-1235,1000pc Coastline,Puzzles,2,15.51,0.00,completed,17
ORD-002172,2025-07-04 18:32:16,CUST-01408,APAC,wholesale,SKU-1085,Hero Blister,Miniatures,1,134.03,0.00,cancelled,7
ORD-002627,2026-06-03 22:54:19,CUST-00110,EMEA,partner,SKU-1308,Bundle Case,Trading Cards,4,215.00,0.00,completed,10
ORD-000111,2026-01-09 07:34:55,CUST-00908,LATAM,retail,SKU-1235,Starter Deck,Trading Cards,8,248.93,0.20,completed,12
ORD-000151,2026-05-19 10:57:46,CUST-00171,North America,partner,SKU-1019,Cosmetic Bundle,Digital,1,52.94,0.00,cancelled,13
ORD-001271,2025-03-13 19:45:39,CUST-00609,APAC,wholesale,SKU-1086,Collector Box,Trading Cards,2,221.05,0.00,cancelled,11
ORD-003186,2025-08-05 22:41:48,CUST-00139,North America,wholesale,SKU-1268,Deck Box,Accessories,1,18.96,0.00,cancelled,12
ORD-003968,2025-04-02T02:22:10Z,CUST-00648,LATAM,retail,SKU-1124,Season Pass,Digital,3,12.96,0.10,refunded,14
ORD-001648,09/04/2025,CUST-01740,LATAM,retail,SKU-1175,Playmat,Accessories,1,24.86,0.05,refunded,16
ORD-000153,2026-02-24 09:54:23,CUST-01635,APAC,wholesale,SKU-1331,Signal Fire,Board Games,5,49.30,0.00,refunded,8
ORD-001281,2025-06-21 12:39:18,CUST-01595,LATAM,online,SKU-1052,Season Pass,Digital,4,$24.46,0.00,cancelled,3
ORD-002939,2026-04-22 06:58:56,CUST-00322,APAC,partner,SKU-1188,Starter Deck,TRADING CARDS,1,61.31,0.00,completed,21
ORD-004320,06/03/2025,CUST-00774,APAC,partner,SKU-1279,Deck Box,Accessories,1,21.79,0.00,pending,19
ORD-002729,2025-02-26 17:48:26,CUST-01520,APAC,online,SKU-1353,Expansion Key,Digital,2,25.21,0.15,pending,13
ORD-003014,17-Feb-2026,CUST-00363,APAC,retail,SKU-1102,Playmat,ACCESSORIES,2,5.84,0.00,cancelled,20
ORD-004563,16-May-2025,CUST-01603,APAC,retail,SKU-1366,Starter Deck,Trading Cards,1,$62.23,0.00,cancelled,18
ORD-004854,2025-07-22 23:06:45,CUST-00070,EMEA,WHOLESALE,SKU-1075,Signal Fire,Board Games,1,69.14,0.00,refunded,10
ORD-000626,2025-08-25 00:55:27,CUST-00701,EMEA,retail,SKU-1098,Season Pass,Digital,5,53.73,0.00,refunded,2
ORD-004955,10/07/2025,CUST-01520,  APAC ,wholesale,SKU-1394,Dice Set,Accessories,4,33.25,0.00,refunded,6
ORD-001755,01/03/2026,CUST-00560,LATAM,wholesale,SKU-1033,Paint Set,Miniatures,2,94.10,0.00,completed,12
ORD-002720,2025-08-05T20:30:55Z,CUST-00174,latam,wholesale,SKU-1310,Harvest Moon Valley,Board Games,3,20.73,0.00,pending,1
ORD-001330,2025-12-06 13:31:39,CUST-01456,APAC,wholesale,SKU-1181,Season Pass,Digital,2,38.98,0.00,pending,17
ORD-000496,07-Jun-2026,CUST-01602,  LATAM ,online,SKU-1282,Card Sleeves,Accessories,2,24.36,0.00,pending,20
ORD-004742,02/12/2025,CUST-01799,LATAM,RETAIL,SKU-1102,Harvest Moon Valley,Board Games,5,34.70,0.00,pending,20
ORD-004134,07/23/2025,CUST-00900,LATAM,wholesale,SKU-1215,Starter Deck,Trading Cards,1,91.93,0.05,refunded,11
ORD-000310,05/07/2026,CUST-01145,EMEA,partner,SKU-1188,1000pc Coastline,Puzzles,2,11.82,0.00,cancelled,14
ORD-001737,2025-10-15 01:31:26,CUST-00407,North America,partner,SKU-1073,Expansion Key,Digital,1,3.87,0.00,cancelled,3
ORD-000490,11/23/2025,CUST-00736,North America,retail,SKU-1186,Season Pass,Digital,1,21.60,0.00,cancelled,17
ORD-003535,2025-06-27 22:45:57,CUST-01405,North America,online,SKU-1286,Expansion Key,Digital,12,10.09,0.00,completed,1
ORD-003587,2025-01-23 03:29:24,CUST-01699,APAC,wholesale,SKU-1074,Castle Siege,  Board Games ,5,51.45,0.00,completed,19
ORD-001828,2025-04-12 06:37:10,CUST-01540,emea,retail,SKU-1363,Expansion Key,  Digital ,2,56.74,0.00,completed,5
ORD-003756,01-Jan-2025,CUST-01390,North America,partner,SKU-1111,Harvest Moon Valley,Board Games,1,70.63,0.25,cancelled,7
ORD-000929,2025-09-04 21:08:54,CUST-01313,North America,ONLINE,SKU-1241,Playmat,Accessories,8,7.90,0.05,completed,10
ORD-002595,2025-01-22 12:23:06,CUST-00883,EMEA,wholesale,SKU-1359,Hero Blister,Miniatures,1,24.35,0.00,completed,14
ORD-003511,01-Dec-2025,CUST-00053,EMEA,retail,SKU-1388,Castle Siege,  Board Games ,3,45.60,0.00,cancelled,8
ORD-001674,2026-01-30 15:07:13,CUST-01234,LATAM,wholesale,SKU-1042,Cosmetic Bundle,Digital,5,24.38,0.00,refunded,9
ORD-000426,2025-07-30 20:31:56,CUST-00758,North America,wholesale,SKU-1003,Dice Set,Accessories,1,$12.84,0.15,completed,16
ORD-004108,09/13/2025,CUST-01466,APAC,online,SKU-1400,2000pc Star Chart,Puzzles,2,28.16,0.00,cancelled,12
ORD-001250,2025-05-23 04:01:39,CUST-00177,EMEA,wholesale,SKU-1349,Expansion Key,Digital,12,52.50,0.00,pending,1
ORD-003912,2026-01-13 13:06:31,CUST-01292,APAC,retail,SKU-1151,Castle Siege,Board Games,1,23.37,0.10,pending,20
ORD-004830,08/11/2025,CUST-00234,APAC,  wholesale ,SKU-1146,Bundle Case,Trading Cards,2,20.88,0.00,pending,18
ORD-003364,03/24/2026,CUST-00641,LATAM,wholesale,SKU-1372,Booster Pack,Trading Cards,12,33.52,0.20,cancelled,7
ORD-004118,04-Jun-2026,CUST-01442,North America,partner,SKU-1362,Warband Set,miniatures,1,41.97,0.10,refunded,10
ORD-003920,2025-10-06 11:41:40,CUST-01082,EMEA,retail,SKU-1187,Starter Deck,Trading Cards,1,189.79,0.10,completed,10
ORD-001680,2025-10-28 09:37:53,CUST-01585,EMEA,wholesale,SKU-1389,Dungeon Delve,Board Games,2,28.69,0.00,pending,14
ORD-004456,10/05/2025,CUST-00500,North America,online,SKU-1233,Season Pass,Digital,2,17.34,0.00,completed,7
ORD-002316,03-May-2026,CUST-00011,APAC,RETAIL,SKU-1253,Season Pass,Digital,3,$37.32,0.00,completed,11
ORD-001505,2025-10-18T02:10:42Z,CUST-01060,EMEA,wholesale,SKU-1069,Season Pass,Digital,1,30.23,0.00,completed,3
ORD-001905,2026-04-10 18:25:52,CUST-00789,EMEA,  wholesale ,SKU-1139,Dungeon Delve,Board Games,3,45.40,0.00,cancelled,9
ORD-003267,2025-09-03 14:26:15,CUST-01085,EMEA,  partner ,SKU-1144,Cosmetic Bundle,Digital,1,3.33,0.00,completed,9
ORD-002347,26-Aug-2025,CUST-00174,NORTH AMERICA,retail,SKU-1098,Cosmetic Bundle,Digital,2,57.29,0.00,pending,19
ORD-002000,2025-01-22 07:36:50,CUST-00918,EMEA,online,SKU-1024,Trade Winds,Board Games,2,67.72,0.00,cancelled,3
ORD-003307,2025-03-25 19:25:32,CUST-00210,APAC,wholesale,SKU-1266,Season Pass,Digital,1,25.68,0.00,cancelled,7
ORD-004243,2025-06-18 13:30:40,CUST-01791,EMEA,retail,SKU-1118,500pc Night Market,Puzzles,1,19.16,0.00,cancelled,8
ORD-004399,2025-11-06 00:51:17,CUST-00742,APAC,retail,SKU-1314,Dungeon Delve,Board Games,1,33.95,0.00,completed,13
ORD-002003,2025-11-27 13:03:38,CUST-01632,APAC,online,SKU-1107,Deck Box,Accessories,1,9.30,0.00,pending,15
ORD-004589,02/23/2026,CUST-01575,North America,wholesale,SKU-1307,Terrain Kit,Miniatures,1,138.59,0.00,completed,7
ORD-004353,2025-09-14 14:29:03,CUST-01787,EMEA,wholesale,SKU-1376,500pc Night Market,Puzzles,2,33.46,0.00,refunded,4
ORD-001527,2026-06-11 20:12:19,CUST-01532,LATAM,  partner ,SKU-1052,1000pc Coastline,PUZZLES,2,29.45,0.10,refunded,3
ORD-004502,2025-11-17 06:21:25,CUST-00968,apac,online,SKU-1133,Bundle Case,Trading Cards,1,130.20,0.05,refunded,9
ORD-003962,2025-02-14 23:45:48,CUST-01679,LATAM,partner,SKU-1187,Expansion Key,Digital,3,36.67,0.00,pending,6
ORD-004844,2026-01-01T01:30:21Z,CUST-01309,North America,PARTNER,SKU-1372,Warband Set,Miniatures,2,26.84,0.05,refunded,14
ORD-000835,2025-07-22 22:42:33,CUST-00760,APAC,wholesale,SKU-1315,Harvest Moon Valley,Board Games,1,56.30,0.00,refunded,19
ORD-000806,2025-09-17 06:10:46,CUST-00761,EMEA,  retail ,SKU-1167,2000pc Star Chart,Puzzles,3,15.23,0.00,refunded,1
ORD-001078,2025-02-19 07:16:08,CUST-01112,LATAM,online,SKU-1267,Expansion Key,digital,4,25.51,0.00,cancelled,8
ORD-002028,26-Jan-2025,CUST-01234,LATAM,partner,SKU-1374,Playmat,Accessories,1,26.04,0.05,pending,18
ORD-000485,2025-06-01 06:44:03,CUST-01748,EMEA,partner,SKU-1146,Cosmetic Bundle,Digital,2,48.43,0.00,pending,8
ORD-002125,2025-10-09 18:22:29,CUST-01453,LATAM,partner,SKU-1379,500pc Night Market,Puzzles,2,$16.49,0.10,refunded,6
ORD-002143,2026-01-23 08:01:44,CUST-00653,LATAM,retail,SKU-1322,Deck Box,Accessories,4,18.41,0.00,refunded,10
ORD-000778,03/11/2025,CUST-01559,EMEA,retail,SKU-1145,Card Sleeves,ACCESSORIES,1,21.63,0.00,pending,20
ORD-003020,2025-10-01 05:17:18,CUST-00144,EMEA,online,SKU-1217,Promo Tin,Trading Cards,2,207.99,0.10,completed,11
ORD-003396,15-May-2025,CUST-01023,  North America ,ONLINE,SKU-1291,Warband Set,Miniatures,2,97.38,0.00,refunded,11
ORD-004610,2025-04-27 06:42:35,CUST-00079,,retail,SKU-1266,2000pc Star Chart,  Puzzles ,1,21.09,0.00,pending,6
ORD-001716,2025-10-30 07:15:20,CUST-00976,north america,partner,SKU-1246,Card Sleeves,Accessories,1,15.13,0.00,cancelled,19
ORD-003328,04/25/2025,CUST-00928,latam,  wholesale ,SKU-1132,Expansion Key,Digital,2,43.93,0.10,pending,3
ORD-004600,2025-08-06 11:34:57,CUST-01691,LATAM,online,SKU-1179,Harvest Moon Valley,Board Games,-1,40.97,0.15,pending,10
ORD-001424,2026-06-19 12:02:45,CUST-01185,LATAM,,SKU-1184,Dungeon Delve,  Board Games ,1,31.62,0.15,pending,9
ORD-000184,05-Oct-2025,CUST-00949,APAC,  partner ,SKU-1161,Dungeon Delve,Board Games,3,68.24,0.00,completed,10
ORD-001401,2026-06-29 18:17:18,CUST-00640,LATAM,retail,SKU-1324,1000pc Coastline,Puzzles,1,34.84,0.00,completed,10
ORD-003539,2025-11-02 01:43:50,CUST-01028,North America,wholesale,SKU-1146,Cosmetic Bundle,Digital,2,43.02,0.00,completed,20
ORD-001583,2026-01-23 06:37:44,CUST-00755,APAC,online,SKU-1048,2000pc Star Chart,Puzzles,8,$10.10,0.00,refunded,17
ORD-001606,2025-05-11 09:38:54,CUST-00439,APAC,online,SKU-1352,500pc Night Market,PUZZLES,2,25.08,0.00,completed,14
ORD-004555,22-Feb-2026,CUST-00147,LATAM,online,SKU-1160,Trade Winds,Board Games,3,18.24,0.00,pending,9
ORD-002516,2025-12-31 01:46:30,CUST-00517,North America,RETAIL,SKU-1184,Starter Deck,  Trading Cards ,3,110.31,0.00,completed,17
ORD-000081,2025-08-05 14:43:23,CUST-01233,APAC,online,SKU-1280,Castle Siege,Board Games,1,59.42,0.00,completed,7
ORD-002790,01/30/2025,CUST-01145,EMEA,wholesale,SKU-1218,Terrain Kit,Miniatures,2,43.58,0.05,refunded,1
ORD-002080,2025-08-20 09:35:00,CUST-00717,LATAM,retail,SKU-1349,Expansion Key,Digital,1,50.55,0.00,completed,10
ORD-002713,2025-07-11 00:39:21,CUST-01176,  LATAM ,,SKU-1246,2000pc Star Chart,Puzzles,2,15.68,0.20,pending,3
ORD-002972,2026-06-01 18:31:35,CUST-00622,North America,online,SKU-1153,Booster Pack,Trading Cards,12,246.24,0.00,completed,15
ORD-004318,2025-07-21 10:32:53,CUST-00708,LATAM,online,SKU-1006,Hero Blister,Miniatures,1,21.18,0.00,pending,11
ORD-001485,02/20/2026,CUST-00017,NORTH AMERICA,retail,SKU-1362,Paint Set,Miniatures,4,20.35,0.00,cancelled,21
ORD-002525,2026-05-10 06:29:59,CUST-01730,LATAM,wholesale,SKU-1296,Paint Set,Miniatures,1,64.33,0.00,pending,21
ORD-003266,2026-06-17 03:52:32,CUST-00687,LATAM,online,SKU-1396,Trade Winds,Board Games,3,65.04,0.25,completed,4
ORD-004511,2025-05-18 00:57:37,CUST-00220,APAC,online,SKU-1204,Castle Siege,board games,4,71.70,0.00,refunded,6
ORD-003496,2025-03-07 16:27:53,CUST-00853,North America,partner,SKU-1201,Warband Set,Miniatures,3,125.89,0.00,pending,18
ORD-004171,2026-05-11 13:47:29,CUST-00612,APAC,partner,SKU-1049,Season Pass,Digital,1,21.25,0.00,cancelled,11
ORD-003302,05/07/2025,CUST-00617,North America,wholesale,SKU-1304,Promo Tin,Trading Cards,1,44.82,0.00,pending,13
ORD-001005,2025-03-19 15:14:18,CUST-01319,North America,retail,SKU-1155,Terrain Kit,Miniatures,2,124.73,0.00,completed,12
ORD-003482,11-Jul-2025,CUST-00177,North America,partner,SKU-1080,Dice Set,Accessories,8,31.30,0.00,pending,19
ORD-004796,2025-06-22 23:10:32,CUST-01053,North America,partner,SKU-1146,500pc Night Market,Puzzles,3,13.29,0.00,pending,20
ORD-003648,11-Jun-2026,CUST-00028,North America,online,SKU-1000,2000pc Star Chart,Puzzles,1,34.65,0.00,pending,8
ORD-001316,06/13/2026,CUST-01048,North America,online,SKU-1137,500pc Night Market,Puzzles,1,29.39,0.05,completed,10
ORD-004289,2025-07-18 18:33:59,CUST-00249,EMEA,partner,SKU-1310,1000pc Coastline,Puzzles,4,12.38,0.00,completed,7
ORD-000664,2025-02-28 04:37:48,CUST-00396,North America,PARTNER,SKU-1363,Season Pass,DIGITAL,2,6.46,0.25,completed,6
ORD-004103,07/10/2025,CUST-00100,North America,retail,SKU-1140,Terrain Kit,miniatures,1,145.98,0.00,pending,5
ORD-003961,10/15/2025,CUST-00148,LATAM,partner,SKU-1067,Cosmetic Bundle,Digital,1,39.81,0.00,refunded,2
ORD-001164,2025-12-14 02:31:39,CUST-01624,LATAM,partner,SKU-1366,Deck Box,Accessories,2,14.04,0.00,refunded,20
ORD-004425,04/02/2026,CUST-01244,EMEA,retail,SKU-1053,2000pc Star Chart,Puzzles,1,$21.33,0.00,cancelled,16
ORD-000811,2026-01-16 04:33:03,CUST-00905,apac,retail,SKU-1344,2000pc Star Chart,Puzzles,1,14.01,0.15,pending,2
ORD-002222,25-May-2026,CUST-00395,APAC,partner,SKU-1337,500pc Night Market,Puzzles,1,17.23,0.20,completed,17
ORD-003034,08/22/2025,CUST-00457,EMEA,retail,SKU-1005,Signal Fire,BOARD GAMES,2,25.57,0.00,cancelled,2
ORD-001524,2025-08-19 09:17:13,CUST-00984,EMEA,retail,SKU-1162,Card Sleeves,Accessories,2,$18.95,0.00,cancelled,16
ORD-002420,2025-02-04 17:11:27,CUST-00212,EMEA,partner,SKU-1289,Bundle Case,Trading Cards,1,88.60,0.00,cancelled,18
ORD-004208,24-Sep-2025,CUST-00924,EMEA,wholesale,SKU-1010,Dungeon Delve,Board Games,2,55.50,0.00,refunded,5
ORD-002906,2025-07-11 02:28:50,CUST-01044,EMEA,partner,SKU-1312,500pc Night Market,Puzzles,2,16.23,0.00,completed,18
ORD-000210,20-Mar-2025,CUST-01718,  North America ,  wholesale ,SKU-1063,Season Pass,DIGITAL,2,32.36,0.00,refunded,13
ORD-002458,2025-07-02 10:46:49,CUST-00133,emea,wholesale,SKU-1125,Castle Siege,Board Games,3,69.63,0.00,completed,13
ORD-002930,02/14/2026,CUST-01624,APAC,wholesale,SKU-1222,Card Sleeves,accessories,1,14.23,0.05,completed,2
ORD-003900,06/28/2025,CUST-01401,APAC,online,SKU-1148,Signal Fire,Board Games,2,42.40,0.00,cancelled,3
ORD-003149,2025-01-07T16:05:24Z,CUST-01298,  APAC ,wholesale,SKU-1052,500pc Night Market,Puzzles,1,27.95,0.25,pending,7
ORD-001012,2025-12-10 05:34:03,CUST-01387,APAC,retail,SKU-1335,Signal Fire,Board Games,8,47.39,0.25,refunded,18
ORD-001423,06-May-2025,CUST-01404,NORTH AMERICA,retail,SKU-1131,Dice Set,Accessories,2,13.52,0.00,completed,17
ORD-000451,07-Apr-2026,CUST-00573,North America,online,SKU-1082,Harvest Moon Valley,Board Games,3,26.18,0.00,cancelled,21
ORD-004631,2025-10-26 00:45:21,CUST-01016,LATAM,online,SKU-1272,Paint Set,MINIATURES,8,140.36,0.00,cancelled,7
ORD-003045,2025-09-05 21:54:17,CUST-00879,LATAM,retail,SKU-1343,1000pc Coastline,Puzzles,3,18.69,0.10,cancelled,
ORD-003551,02/20/2025,CUST-00397,EMEA,online,SKU-1311,Trade Winds,Board Games,3,39.96,0.00,completed,4
ORD-001725,08-Jan-2026,CUST-00482,North America,partner,SKU-1253,Collector Box,Trading Cards,3,231.30,0.00,completed,9
ORD-002694,2025-03-22T00:15:13Z,CUST-00447,LATAM,online,SKU-1154,Trade Winds,Board Games,8,21.12,0.15,completed,16
ORD-000891,2025-11-03T15:31:38Z,CUST-00064,LATAM,retail,SKU-1339,Paint Set,Miniatures,3,57.30,0.20,pending,7
ORD-000128,04/24/2026,CUST-00375,North America,online,SKU-1062,Terrain Kit,Miniatures,1,85.49,0.00,cancelled,14
ORD-002083,2026-03-21 10:12:03,CUST-00853,EMEA,retail,SKU-1356,Booster Pack,Trading Cards,3,22.25,0.00,completed,12
ORD-000416,2025-03-27T07:47:43Z,CUST-01054,EMEA,partner,SKU-1388,Deck Box,Accessories,1,6.52,0.00,completed,19
ORD-002040,2025-10-13 10:50:15,CUST-00873,EMEA,online,SKU-1337,Expansion Key,digital,1,50.61,0.10,cancelled,4
ORD-004738,2025-07-22 06:53:59,CUST-01796,  EMEA ,WHOLESALE,SKU-1114,1000pc Coastline,Puzzles,4,23.20,0.00,completed,2
ORD-004867,2025-11-27 12:26:44,CUST-00867,EMEA,,SKU-1361,2000pc Star Chart,Puzzles,8,28.65,0.00,completed,17
ORD-003894,2025-01-25 08:54:46,CUST-01324,APAC,retail,SKU-1157,Deck Box,Accessories,8,32.78,0.00,pending,8
ORD-001822,2025-02-03 20:27:27,CUST-00534,LATAM,wholesale,SKU-1241,Warband Set,Miniatures,4,105.33,0.15,completed,11
ORD-002127,2026-02-12 01:47:37,CUST-00181,north america,WHOLESALE,SKU-1233,2000pc Star Chart,Puzzles,1,$14.92,0.00,pending,3
ORD-001349,2025-11-24 17:10:23,CUST-00007,EMEA,wholesale,SKU-1370,Expansion Key,Digital,1,16.13,0.00,pending,1
ORD-000901,2025-06-16 19:59:24,CUST-01589,APAC,retail,SKU-1078,Bundle Case,Trading Cards,3,241.22,0.20,completed,6
ORD-000788,18-Sep-2025,CUST-01124,LATAM,online,SKU-1179,Castle Siege,BOARD GAMES,1,53.46,0.00,refunded,15
ORD-001511,01/23/2025,CUST-00065,LATAM,partner,SKU-1029,Bundle Case,Trading Cards,4,184.86,0.00,pending,20
ORD-003584,2025-08-25 00:36:31,CUST-01313,APAC,online,SKU-1281,Terrain Kit,Miniatures,2,85.07,0.15,cancelled,10
ORD-003577,2025-07-19 12:11:46,CUST-01038,APAC,wholesale,SKU-1003,Terrain Kit,Miniatures,4,135.63,0.20,completed,17
ORD-003606,2025-11-30 04:36:41,CUST-00793,APAC,partner,SKU-1184,Promo Tin,Trading Cards,1,198.21,0.10,pending,11
ORD-000399,02/26/2025,CUST-01439,APAC,wholesale,SKU-1155,Dungeon Delve,  Board Games ,2,31.81,0.00,refunded,18
ORD-001321,2026-05-22 08:37:09,CUST-00607,LATAM,partner,SKU-1005,Season Pass,Digital,1,38.24,0.00,pending,18
ORD-004760,11/18/2025,CUST-00467,apac,RETAIL,SKU-1033,2000pc Star Chart,Puzzles,3,21.84,0.00,completed,18
ORD-004813,2025-11-10 22:42:14,CUST-00400,north america,wholesale,SKU-1395,Trade Winds,BOARD GAMES,1,50.80,0.00,refunded,7
ORD-000120,2025-03-13 07:15:04,CUST-01371,APAC,retail,SKU-1150,Dungeon Delve,  Board Games ,1,40.23,0.00,pending,7
ORD-002910,03/10/2025,CUST-00935,APAC,PARTNER,SKU-1282,500pc Night Market,Puzzles,1,28.84,0.00,refunded,8
ORD-003899,2026-03-07T13:29:33Z,CUST-00122,LATAM,retail,SKU-1005,Collector Box,  Trading Cards ,4,75.03,0.00,pending,8
ORD-003379,2025-11-29 04:13:49,CUST-00817,APAC,wholesale,SKU-1129,Cosmetic Bundle,Digital,3,$1.57,0.00,refunded,16
ORD-002167,2025-04-22 08:36:21,CUST-00551,EMEA,online,SKU-1142,Paint Set,Miniatures,4,35.60,0.00,pending,7
ORD-004026,2025-11-13 05:55:38,CUST-00885,North America,ONLINE,SKU-1009,Playmat,accessories,1,26.75,0.00,pending,3
ORD-004759,2026-04-16T10:41:07Z,CUST-00205,APAC,online,SKU-1273,Expansion Key,Digital,3,$21.50,0.00,pending,6
ORD-003065,02/27/2026,CUST-01728,EMEA,online,SKU-1074,2000pc Star Chart,puzzles,4,33.47,0.00,completed,2
ORD-002159,2025-10-13 11:38:28,CUST-01432,EMEA,  wholesale ,SKU-1342,Cosmetic Bundle,Digital,12,47.81,0.00,cancelled,15
ORD-004753,2026-03-02T06:02:05Z,CUST-00720,North America,partner,SKU-1241,Trade Winds,Board Games,1,63.80,0.00,pending,20
ORD-004022,06/09/2025,CUST-00994,  LATAM ,online,SKU-1388,Promo Tin,  Trading Cards ,1,131.15,0.20,completed,12
ORD-002916,10/21/2025,CUST-00239,LATAM,partner,SKU-1320,Castle Siege,Board Games,2,29.54,0.05,completed,7
ORD-003104,12-Nov-2025,CUST-00422,LATAM,retail,SKU-1271,2000pc Star Chart,PUZZLES,2,12.88,0.00,refunded,8
ORD-001985,2025-09-13 12:27:10,CUST-01321,North America,online,SKU-1105,Dice Set,Accessories,1,35.10,0.10,completed,20
ORD-000821,04/12/2026,CUST-01281,LATAM,retail,SKU-1275,Harvest Moon Valley,Board Games,4,28.82,0.15,pending,13
ORD-003401,03-Dec-2025,CUST-00399,North America,  online ,SKU-1178,Collector Box,Trading Cards,1,22.38,0.10,cancelled,13
ORD-003954,2026-04-16 18:02:31,CUST-01258,North America,wholesale,SKU-1002,Season Pass,Digital,1,55.06,0.20,pending,14
ORD-000702,11-Jan-2025,CUST-01114,  EMEA ,wholesale,SKU-1328,Playmat,Accessories,1,16.10,0.05,completed,20
ORD-004890,01/08/2025,CUST-00998,LATAM,,SKU-1222,1000pc Coastline,Puzzles,1,12.83,0.20,pending,9
ORD-000544,22-Jun-2025,CUST-00855,EMEA,partner,SKU-1092,Warband Set,Miniatures,1,23.55,0.00,pending,2
ORD-004273,06/17/2026,CUST-01222,  APAC ,retail,SKU-1283,500pc Night Market,Puzzles,2,11.94,0.00,refunded,5
ORD-001904,05/25/2026,CUST-00844,LATAM,  retail ,SKU-1164,Cosmetic Bundle,Digital,1,48.99,0.15,pending,8
ORD-004912,06/05/2025,CUST-00221,EMEA,retail,SKU-1329,2000pc Star Chart,PUZZLES,1,12.59,0.00,completed,14
ORD-002166,2025-03-20 13:38:42,CUST-00263,North America,retail,SKU-1157,Terrain Kit,Miniatures,1,77.85,0.00,cancelled,7
ORD-000971,01-Jun-2026,CUST-00476,APAC,wholesale,SKU-1044,Signal Fire,Board Games,1,33.50,0.00,pending,4
ORD-004356,2026-02-09 09:04:01,CUST-01098,LATAM,partner,SKU-1300,Playmat,Accessories,2,35.91,0.10,refunded,9
ORD-002008,2025-11-14 15:27:45,CUST-01248,APAC,online,SKU-1327,Dice Set,Accessories,4,$7.65,0.00,completed,15
ORD-002154,2025-05-28T12:37:50Z,CUST-01540,APAC,partner,SKU-1353,Collector Box,Trading Cards,2,$176.67,0.00,refunded,
ORD-003291,2025-12-18 05:39:58,CUST-00334,LATAM,retail,SKU-1222,Expansion Key,  Digital ,12,50.09,0.25,cancelled,
ORD-000992,2025-08-28 04:13:07,CUST-00577,North America,retail,SKU-1128,Collector Box,Trading Cards,1,186.36,0.25,pending,4
ORD-003394,2025-05-07 20:21:10,CUST-00956,North America,online,SKU-1200,Booster Pack,Trading Cards,-2,164.75,0.00,refunded,7
ORD-002417,2025-01-01 10:20:46,CUST-00623,NORTH AMERICA,retail,SKU-1328,Card Sleeves,Accessories,1,23.67,0.00,refunded,3
ORD-001138,2025-05-25T06:10:49Z,CUST-01152,North America,partner,SKU-1270,Card Sleeves,Accessories,8,13.57,0.20,refunded,6
ORD-004525,2025-04-07 04:52:14,CUST-00930,  LATAM ,ONLINE,SKU-1140,2000pc Star Chart,Puzzles,3,23.48,0.00,refunded,8
ORD-001775,2025-05-10 13:51:40,CUST-01294,EMEA,partner,SKU-1387,Season Pass,  Digital ,4,38.78,0.00,pending,10
ORD-002833,2026-04-19 16:28:54,CUST-01780,North America,retail,SKU-1287,Dice Set,Accessories,5,$10.91,0.00,pending,2
ORD-003990,2025-09-30 04:59:44,CUST-01308,EMEA,wholesale,SKU-1173,Collector Box,Trading Cards,1,80.02,0.20,completed,15
ORD-000673,11/27/2025,CUST-00894,LATAM,WHOLESALE,SKU-1218,2000pc Star Chart,Puzzles,2,15.89,0.05,refunded,5
ORD-004871,02-Jun-2025,CUST-01115,EMEA,ONLINE,SKU-1275,Harvest Moon Valley,Board Games,12,55.50,0.15,completed,18
ORD-002293,09/02/2025,CUST-01093,emea,online,SKU-1265,1000pc Coastline,Puzzles,2,16.88,0.25,completed,6
ORD-002544,2025-10-22T09:40:48Z,CUST-00216,LATAM,  wholesale ,SKU-1198,Season Pass,Digital,1,48.03,0.05,pending,18
ORD-004040,30-Jul-2025,CUST-00837,APAC,partner,SKU-1085,Season Pass,Digital,3,14.43,0.00,completed,17
ORD-000329,04-Jun-2025,CUST-00456,EMEA,partner,SKU-1331,Bundle Case,Trading Cards,1,134.46,0.00,refunded,3
ORD-001339,11/04/2025,CUST-00414,LATAM,online,SKU-1371,Paint Set,  Miniatures ,5,143.90,0.15,refunded,17
ORD-002243,2025-01-23 01:09:19,CUST-01174,APAC,online,SKU-1156,1000pc Coastline,puzzles,1,15.52,0.20,pending,11
ORD-000753,2025-07-11T15:56:54Z,CUST-01357,North America,online,SKU-1223,Cosmetic Bundle,Digital,1,23.45,0.20,refunded,19
ORD-004672,22-Jan-2026,CUST-00934,EMEA,partner,SKU-1299,Paint Set,Miniatures,3,39.65,0.00,pending,3
ORD-000874,2026-05-11 20:44:14,CUST-01045,North America,wholesale,SKU-1228,Dice Set,Accessories,1,$32.33,0.05,refunded,16
ORD-003752,02/05/2026,CUST-01787,EMEA,wholesale,SKU-1185,Cosmetic Bundle,Digital,2,41.79,0.00,cancelled,1
ORD-001715,2025-02-19T05:43:26Z,CUST-01026,LATAM,partner,SKU-1207,Hero Blister,Miniatures,4,72.09,0.00,pending,21
ORD-000041,2025-06-27 09:18:44,CUST-01336,North America,online,SKU-1374,Harvest Moon Valley,  Board Games ,2,56.95,0.00,cancelled,14
ORD-003845,2025-11-15 02:31:38,CUST-00130,North America,partner,SKU-1071,Season Pass,Digital,2,5.29,0.00,refunded,16
ORD-000088,2025-06-11 15:40:32,CUST-01583,LATAM,partner,SKU-1371,Hero Blister,Miniatures,1,26.99,0.20,refunded,14
ORD-003254,2025-01-24 20:18:12,,EMEA,retail,SKU-1256,Cosmetic Bundle,Digital,1,4.34,0.00,cancelled,10
ORD-004493,11/22/2025,CUST-01649,emea,retail,SKU-1114,Dice Set,Accessories,5,19.57,0.15,cancelled,5
ORD-002475,2026-04-10 20:29:30,CUST-01649,EMEA,retail,SKU-1094,Hero Blister,Miniatures,1,142.71,0.15,refunded,7
ORD-002874,08/28/2025,CUST-00226,APAC,wholesale,SKU-1362,Paint Set,Miniatures,5,64.77,0.00,pending,7
ORD-002948,2025-08-08 08:22:23,CUST-01197,EMEA,online,SKU-1345,Warband Set,Miniatures,1,31.41,0.20,refunded,7
ORD-002578,2026-01-16T01:15:54Z,CUST-01570,EMEA,wholesale,SKU-1145,Castle Siege,Board Games,2,44.85,0.25,pending,4
ORD-000693,2025-02-25 21:06:24,CUST-01211,EMEA,online,SKU-1284,1000pc Coastline,Puzzles,3,18.21,0.25,completed,7
ORD-003013,2026-02-14 21:35:54,CUST-00314,apac,wholesale,SKU-1392,Expansion Key,Digital,1,23.00,0.00,cancelled,10
ORD-000015,02/26/2025,CUST-01129,,online,SKU-1099,Card Sleeves,Accessories,1,36.59,0.00,pending,7
ORD-002811,04/29/2025,CUST-00146,North America,retail,SKU-1304,1000pc Coastline,Puzzles,1,13.60,0.20,refunded,13
ORD-002995,2025-02-11 20:42:23,CUST-00742,LATAM,wholesale,SKU-1211,Warband Set,MINIATURES,5,137.60,0.00,cancelled,16
ORD-001478,19-Jan-2025,CUST-01348,APAC,online,SKU-1203,Hero Blister,  Miniatures ,5,62.54,0.00,cancelled,20
ORD-002374,2026-03-12 16:06:30,CUST-00175,  North America ,online,SKU-1287,Bundle Case,TRADING CARDS,1,$101.50,0.00,completed,15
ORD-004570,10/29/2025,CUST-01681,LATAM,online,SKU-1375,Castle Siege,Board Games,4,42.70,0.00,refunded,7
ORD-000396,2026-01-24 14:30:42,CUST-00618,EMEA,online,SKU-1275,Promo Tin,Trading Cards,2,204.43,0.00,refunded,18
ORD-001195,2025-08-22 02:40:25,CUST-00753,LATAM,retail,SKU-1050,Card Sleeves,  Accessories ,1,27.19,0.00,completed,7
ORD-000797,2025-05-06 01:52:28,CUST-00101,North America,wholesale,SKU-1007,Trade Winds,Board Games,1,51.21,0.10,completed,2
ORD-002588,2025-08-12 09:54:09,CUST-00427,latam,retail,SKU-1041,Starter Deck,Trading Cards,12,106.64,0.00,cancelled,15
ORD-003763,2026-01-13 14:19:18,CUST-01539,EMEA,online,SKU-1305,Dice Set,Accessories,1,28.26,0.15,refunded,17
ORD-000509,2025-12-03 03:56:13,CUST-01515,APAC,online,SKU-1371,Expansion Key,Digital,3,39.36,0.00,pending,20
ORD-000466,2025-10-31 16:21:58,CUST-00465,,online,SKU-1031,Starter Deck,Trading Cards,5,52.01,0.00,cancelled,13
ORD-000099,07/15/2025,CUST-00229,LATAM,online,SKU-1237,Season Pass,Digital,1,50.03,0.00,refunded,5
ORD-000914,08/31/2025,CUST-00087,apac,WHOLESALE,SKU-1136,Deck Box,accessories,4,17.10,0.00,refunded,18
ORD-003955,2026-06-20 11:19:28,CUST-00105,LATAM,online,SKU-1225,2000pc Star Chart,Puzzles,8,33.81,0.00,pending,21
ORD-002415,23-Apr-2026,CUST-00133,EMEA,retail,SKU-1051,Cosmetic Bundle,Digital,12,44.56,0.25,refunded,1
ORD-002123,2026-03-06 10:57:16,CUST-01108,APAC,online,SKU-1214,Terrain Kit,Miniatures,2,122.25,0.00,pending,18
ORD-002139,04/01/2025,CUST-00674,EMEA,retail,SKU-1104,Warband Set,Miniatures,1,48.38,0.05,pending,14
ORD-002815,02/07/2025,CUST-00305,APAC,retail,SKU-1149,Playmat,Accessories,1,12.15,0.00,refunded,13
ORD-003516,2025-04-04 15:21:08,CUST-00880,NORTH AMERICA,retail,SKU-1317,Dungeon Delve,Board Games,5,19.64,0.00,cancelled,21
ORD-003732,08-Feb-2026,CUST-00344,North America,RETAIL,SKU-1185,500pc Night Market,Puzzles,1,31.84,0.00,pending,11
ORD-002963,12/19/2025,CUST-01056,EMEA,partner,SKU-1195,Castle Siege,Board Games,2,59.17,0.00,completed,4
ORD-002883,2026-02-14 09:47:37,CUST-00778,EMEA,partner,SKU-1229,Card Sleeves,Accessories,2,27.68,0.00,completed,14
ORD-001099,2025-12-12 03:30:19,CUST-01109,LATAM,retail,SKU-1164,500pc Night Market,Puzzles,4,28.92,0.20,pending,12
ORD-003114,2025-02-08 09:07:39,CUST-01526,North America,wholesale,SKU-1230,Expansion Key,Digital,1,49.24,0.00,cancelled,18
ORD-002251,2025-09-07 16:58:12,CUST-00312,LATAM,partner,SKU-1070,1000pc Coastline,Puzzles,1,24.59,0.00,completed,21
ORD-002841,10-Mar-2025,CUST-00245,  APAC ,wholesale,SKU-1030,Card Sleeves,Accessories,3,$36.78,0.00,completed,15
ORD-001336,2026-01-04 12:29:02,CUST-01530,North America,online,SKU-1200,Bundle Case,TRADING CARDS,1,80.97,0.00,refunded,9
ORD-004062,2026-04-14T05:20:18Z,CUST-01532,EMEA,RETAIL,SKU-1141,Playmat,Accessories,1,24.34,0.10,cancelled,13
ORD-002915,09-Jun-2025,CUST-00499,APAC,wholesale,SKU-1117,Expansion Key,Digital,4,6.80,0.00,cancelled,17
ORD-000998,2025-03-26 22:09:35,CUST-01190,APAC,wholesale,SKU-1137,Dungeon Delve,Board Games,1,27.24,0.15,cancelled,7
ORD-002402,2025-04-09 08:45:48,CUST-00457,,online,SKU-1387,Castle Siege,Board Games,1,57.06,0.00,completed,20
ORD-002792,29-Aug-2025,CUST-00258,EMEA,online,SKU-1218,Signal Fire,Board Games,1,79.97,0.00,cancelled,13
ORD-002395,06/18/2025,CUST-00145,EMEA,wholesale,SKU-1264,Expansion Key,Digital,2,35.20,0.25,pending,16
ORD-001709,2025-01-12 05:50:29,CUST-00258,LATAM,partner,SKU-1374,Hero Blister,Miniatures,1,88.43,0.00,refunded,7
ORD-001008,12/28/2025,CUST-00710,North America,online,SKU-1380,1000pc Coastline,Puzzles,1,26.00,0.15,completed,1
ORD-001942,2025-09-13 17:46:27,CUST-00269,LATAM,wholesale,SKU-1372,Harvest Moon Valley,Board Games,1,26.84,0.05,completed,6
ORD-001040,2026-05-20 10:32:38,CUST-01796,APAC,WHOLESALE,SKU-1181,Bundle Case,Trading Cards,1,163.67,0.00,pending,15
ORD-001596,2025-08-19 15:18:17,CUST-01420,LATAM,RETAIL,SKU-1360,500pc Night Market,Puzzles,12,32.97,0.00,cancelled,15
ORD-002343,2025-03-27T15:49:57Z,CUST-00572,LATAM,retail,SKU-1155,Promo Tin,Trading Cards,1,154.80,0.10,refunded,5
ORD-002821,2025-02-24 02:44:21,CUST-01655,EMEA,partner,SKU-1086,Expansion Key,Digital,8,17.99,0.00,refunded,2
ORD-000400,04/03/2025,CUST-00117,  APAC ,RETAIL,SKU-1039,2000pc Star Chart,Puzzles,2,30.68,0.00,cancelled,19
ORD-001429,2025-05-01T19:48:37Z,CUST-01767,APAC,RETAIL,SKU-1050,2000pc Star Chart,Puzzles,2,24.38,0.10,refunded,5
ORD-000736,2025-05-27 14:31:16,CUST-01621,APAC,online,SKU-1003,2000pc Star Chart,Puzzles,2,24.47,0.00,pending,1
ORD-004411,2026-04-22 20:17:38,CUST-01152,NORTH AMERICA,retail,SKU-1273,Starter Deck,Trading Cards,1,79.92,0.00,refunded,19
ORD-004660,03/20/2025,CUST-00470,EMEA,retail,SKU-1021,Signal Fire,Board Games,12,37.97,0.00,completed,11
ORD-001727,2025-07-30 02:22:34,CUST-00582,LATAM,online,SKU-1355,Expansion Key,DIGITAL,1,8.79,0.00,cancelled,20
ORD-002885,2026-02-24 03:07:18,CUST-00400,LATAM,retail,SKU-1351,Paint Set,Miniatures,5,134.28,0.25,completed,12
ORD-004736,05/29/2026,CUST-00532,APAC,wholesale,SKU-1082,Expansion Key,DIGITAL,2,9.99,0.00,pending,15
ORD-003882,2026-02-27 05:36:05,CUST-01223,LATAM,partner,SKU-1119,Playmat,Accessories,2,35.69,0.00,refunded,10
ORD-002442,11/08/2025,CUST-00790,  APAC ,retail,SKU-1330,Dice Set,Accessories,3,7.61,0.00,refunded,16
ORD-004726,2025-07-20 21:01:35,CUST-01621,APAC,online,SKU-1013,1000pc Coastline,puzzles,1,33.13,0.00,cancelled,17
ORD-002373,2025-09-15 03:14:34,CUST-00024,North America,wholesale,SKU-1186,500pc Night Market,PUZZLES,1,28.36,0.25,refunded,5
ORD-003592,24-Feb-2026,CUST-00191,LATAM,online,SKU-1239,Terrain Kit,  Miniatures ,1,68.54,0.00,cancelled,17
ORD-004803,2026-04-03 13:45:51,CUST-00205,APAC,retail,SKU-1205,Terrain Kit,Miniatures,5,83.27,0.20,refunded,17
ORD-001888,01/10/2025,CUST-00142,LATAM,online,SKU-1093,2000pc Star Chart,Puzzles,2,33.78,0.00,refunded,15
ORD-000552,2025-07-03 12:01:45,CUST-01737,  EMEA ,online,SKU-1139,Cosmetic Bundle,Digital,3,51.20,0.00,completed,21
ORD-000567,06-Apr-2026,CUST-00900,EMEA,wholesale,SKU-1119,Signal Fire,Board Games,2,$59.04,0.00,cancelled,15
ORD-003082,2025-11-16 03:42:52,CUST-01271,APAC,wholesale,SKU-1035,Cosmetic Bundle,Digital,1,10.55,0.00,completed,17
ORD-001969,2025-07-05 07:12:53,CUST-01477,North America,online,SKU-1281,Deck Box,Accessories,2,19.39,0.20,refunded,18
ORD-001210,2025-09-24 01:02:57,CUST-01179,LATAM,WHOLESALE,SKU-1196,Expansion Key,  Digital ,4,47.17,0.00,completed,5
ORD-003797,10-Feb-2026,CUST-00986,EMEA,retail,SKU-1176,Castle Siege,Board Games,2,36.16,0.00,refunded,6
ORD-002783,03/06/2025,CUST-00703,North America,online,SKU-1222,Cosmetic Bundle,Digital,12,59.50,0.15,completed,10
ORD-002042,08/19/2025,CUST-00424,APAC,wholesale,SKU-1173,Expansion Key,Digital,1,51.07,0.00,refunded,5
ORD-002569,2026-05-16 06:01:09,CUST-00300,North America,retail,SKU-1084,Expansion Key,Digital,1,53.69,0.00,completed,12
ORD-003892,25-Apr-2026,CUST-01352,LATAM,retail,SKU-1131,Booster Pack,  Trading Cards ,1,230.99,0.15,cancelled,17
ORD-002150,03/24/2026,CUST-01745,EMEA,partner,SKU-1349,Warband Set,Miniatures,1,40.83,0.00,pending,21
ORD-002657,07-Oct-2025,CUST-01346,LATAM,wholesale,SKU-1398,Harvest Moon Valley,Board Games,2,71.65,0.00,cancelled,14
ORD-002164,2025-12-15 14:19:53,CUST-01442,North America,online,SKU-1375,Paint Set,Miniatures,3,143.53,0.00,refunded,20
ORD-004487,02/18/2026,CUST-00932,APAC,online,SKU-1025,Dungeon Delve,  Board Games ,1,37.21,0.00,refunded,18
ORD-000968,14-Nov-2025,CUST-00153,APAC,wholesale,SKU-1245,Collector Box,Trading Cards,2,204.42,0.00,pending,17
ORD-003330,2026-03-31 11:15:28,CUST-00713,EMEA,wholesale,SKU-1183,Promo Tin,Trading Cards,1,225.08,0.00,pending,19
ORD-003851,2026-04-25 06:59:09,CUST-01113,APAC,online,SKU-1026,Expansion Key,Digital,5,8.10,0.00,refunded,7
ORD-003702,16-May-2026,CUST-00566,EMEA,online,SKU-1375,Card Sleeves,ACCESSORIES,8,12.84,0.10,completed,13
ORD-001194,2025-11-26 09:05:36,CUST-00038,APAC,online,SKU-1162,Dice Set,Accessories,8,24.20,0.00,completed,9
ORD-000108,2026-01-11 15:02:41,CUST-01498,LATAM,online,SKU-1062,Trade Winds,Board Games,1,44.58,0.15,refunded,3
ORD-003846,2026-05-23 10:39:33,CUST-01283,apac,partner,SKU-1118,Season Pass,Digital,2,28.56,0.00,refunded,18
ORD-000786,27-Aug-2025,CUST-00494,EMEA,partner,SKU-1242,Booster Pack,Trading Cards,2,44.46,0.00,refunded,14
ORD-002958,06/21/2026,CUST-00493,APAC,online,SKU-1141,2000pc Star Chart,Puzzles,-1,15.26,0.00,completed,4
ORD-001754,2026-02-15 04:16:16,CUST-01179,EMEA,wholesale,SKU-1097,1000pc Coastline,Puzzles,2,15.00,0.00,refunded,14
ORD-001098,2026-01-10 00:24:22,CUST-01754,APAC,partner,SKU-1000,Harvest Moon Valley,Board Games,1,21.74,0.10,pending,5
ORD-004937,2025-12-13T12:31:42Z,CUST-00782,North America,retail,SKU-1390,Hero Blister,Miniatures,3,29.51,0.00,pending,5
ORD-002434,2025-01-20 16:07:57,CUST-01787,  APAC ,retail,SKU-1206,Cosmetic Bundle,Digital,5,15.73,0.20,completed,12
ORD-002036,07/03/2025,CUST-01455,APAC,wholesale,SKU-1364,2000pc Star Chart,Puzzles,2,20.48,0.20,pending,11
ORD-000561,2025-10-01 01:01:33,CUST-00991,EMEA,wholesale,SKU-1298,Card Sleeves,Accessories,1,11.88,0.15,cancelled,11
ORD-001963,2025-07-03 21:20:41,CUST-01526,LATAM,online,SKU-1358,Paint Set,Miniatures,2,138.72,0.00,completed,13
ORD-000217,2025-03-06 16:41:49,CUST-00482,EMEA,retail,SKU-1133,Expansion Key,Digital,1,$50.59,0.00,pending,17
ORD-002902,01/20/2026,CUST-01444,North America,RETAIL,SKU-1393,Warband Set,Miniatures,8,$45.76,0.00,cancelled,2
ORD-001640,02/04/2025,CUST-01727,LATAM,online,SKU-1306,Dice Set,Accessories,1,11.36,0.15,completed,17
ORD-001451,2025-11-15 22:04:11,CUST-00219,latam,wholesale,SKU-1012,Expansion Key,Digital,3,49.56,0.00,completed,3
ORD-002448,2025-09-26 20:10:31,CUST-01427,APAC,online,SKU-1147,Expansion Key,Digital,1,27.04,0.15,completed,2
ORD-001911,17-Dec-2025,CUST-00578,EMEA,retail,SKU-1148,Collector Box,  Trading Cards ,12,93.14,0.00,refunded,8
ORD-003874,2026-03-18 14:48:10,CUST-00594,north america,partner,SKU-1306,Starter Deck,Trading Cards,1,244.54,0.05,refunded,1
ORD-003120,2025-09-05 08:51:04,CUST-00396,EMEA,online,SKU-1186,Signal Fire,Board Games,2,23.48,0.00,pending,19
ORD-002263,2025-07-15 13:41:43,CUST-00610,APAC,wholesale,SKU-1244,Playmat,Accessories,1,37.41,0.00,pending,12
ORD-003621,02/13/2025,CUST-00809,APAC,online,SKU-1048,Warband Set,Miniatures,2,116.72,0.20,refunded,5
ORD-003177,01/16/2025,CUST-00152,emea,online,SKU-1095,Expansion Key,Digital,1,44.96,0.15,pending,21
ORD-004630,2026-02-23 18:04:58,CUST-00187,LATAM,online,SKU-1026,Playmat,Accessories,1,31.15,0.15,completed,12
ORD-003340,2025-11-25T11:21:23Z,CUST-01757,LATAM,retail,SKU-1148,Dice Set,ACCESSORIES,4,33.34,0.00,cancelled,14
ORD-002511,2026-06-18 03:20:38,CUST-00959,LATAM,wholesale,SKU-1229,Card Sleeves,Accessories,2,13.13,0.25,refunded,13
ORD-002761,02/28/2026,CUST-00261,  EMEA ,RETAIL,SKU-1092,1000pc Coastline,Puzzles,3,32.41,0.00,cancelled,8
ORD-003633,2025-05-12 12:39:42,CUST-01685,LATAM,partner,SKU-1231,Expansion Key,Digital,1,38.00,0.00,cancelled,21
ORD-002608,2026-04-14 10:38:54,CUST-01275,EMEA,partner,SKU-1207,Castle Siege,Board Games,5,32.27,0.15,cancelled,9
ORD-003940,2026-04-01 18:58:23,CUST-01533,LATAM,partner,SKU-1385,Deck Box,Accessories,-3,22.89,0.00,refunded,2
ORD-001417,2026-02-17 08:41:45,CUST-00232,North America,online,SKU-1385,Promo Tin,Trading Cards,5,60.51,0.00,completed,21
ORD-004692,2026-04-18T14:40:36Z,CUST-01377,APAC,online,SKU-1167,Dice Set,accessories,1,8.49,0.00,cancelled,17
ORD-002794,2025-05-14 04:51:04,CUST-00868,APAC,wholesale,SKU-1158,Booster Pack,Trading Cards,2,25.21,0.00,pending,7
ORD-000429,2026-03-30 22:22:08,,LATAM,retail,SKU-1056,Dungeon Delve,Board Games,2,39.89,0.25,pending,4
ORD-002440,01/23/2026,CUST-00933,LATAM,partner,SKU-1323,500pc Night Market,Puzzles,3,32.27,0.20,completed,10
ORD-004841,2026-04-03 05:04:37,CUST-01775,EMEA,online,SKU-1078,Paint Set,Miniatures,2,74.92,0.00,refunded,12
ORD-003698,2026-04-25 17:57:33,CUST-00032,EMEA,wholesale,SKU-1151,Dungeon Delve,Board Games,4,57.31,0.00,refunded,20
ORD-002614,2026-06-29 03:36:55,CUST-00305,  APAC ,partner,SKU-1208,Cosmetic Bundle,Digital,3,17.48,0.10,refunded,6
ORD-004293,2025-04-16 11:24:44,CUST-01791,EMEA,wholesale,SKU-1053,Card Sleeves,accessories,3,29.56,0.00,completed,18
ORD-003544,2026-06-19 20:11:20,CUST-01417,EMEA,wholesale,SKU-1286,Deck Box,Accessories,4,6.47,0.00,pending,14
ORD-003425,2025-08-14 10:07:23,CUST-01169,APAC,online,SKU-1079,Terrain Kit,Miniatures,2,23.17,0.00,completed,14
ORD-002895,09/29/2025,CUST-00636,EMEA,wholesale,SKU-1180,Season Pass,Digital,3,49.27,0.00,refunded,6
ORD-002360,12/05/2025,CUST-00933,LATAM,wholesale,SKU-1319,1000pc Coastline,Puzzles,1,18.76,0.00,completed,8
ORD-001179,2025-07-01 16:01:06,CUST-01569,APAC,online,SKU-1101,Cosmetic Bundle,Digital,3,11.59,0.00,cancelled,4
ORD-000189,2025-01-07 14:32:22,CUST-00426,North America,,SKU-1274,Harvest Moon Valley,Board Games,2,61.99,0.20,cancelled,4
ORD-003957,2026-04-11 17:18:18,CUST-00754,APAC,wholesale,SKU-1093,Booster Pack,Trading Cards,8,118.51,0.00,refunded,1
ORD-004327,2025-01-28 01:55:46,CUST-01382,EMEA,retail,SKU-1204,Playmat,accessories,1,9.85,0.00,pending,18
ORD-002710,12/02/2025,CUST-01782,APAC,retail,SKU-1088,Terrain Kit,Miniatures,1,100.81,0.05,cancelled,10
ORD-002486,2025-09-21 22:38:06,CUST-00005,LATAM,retail,SKU-1351,Cosmetic Bundle,Digital,1,$11.68,0.00,completed,20
ORD-004056,06/08/2025,CUST-00594,  EMEA ,wholesale,SKU-1060,Castle Siege,Board Games,5,72.01,0.00,pending,19
ORD-002828,2026-04-03 22:31:22,CUST-00514,LATAM,online,SKU-1143,Harvest Moon Valley,BOARD GAMES,5,55.68,0.00,cancelled,2
ORD-001679,2025-02-22 06:52:54,CUST-01015,LATAM,partner,SKU-1160,Paint Set,Miniatures,5,35.67,0.00,cancelled,15
ORD-002279,05/19/2025,CUST-00420,APAC,ONLINE,SKU-1214,Castle Siege,Board Games,-3,40.89,0.00,refunded,12
ORD-000129,11-Mar-2026,CUST-00295,LATAM,PARTNER,SKU-1046,Deck Box,Accessories,2,26.92,0.00,completed,14
ORD-004535,2025-10-25 23:23:33,CUST-00004,APAC,partner,SKU-1198,Cosmetic Bundle,digital,5,8.70,0.00,completed,14
ORD-003144,2026-01-12 16:50:59,CUST-00886,North America,online,SKU-1345,Booster Pack,Trading Cards,2,45.85,0.00,refunded,9
ORD-002252,2025-01-17 00:10:02,CUST-01364,APAC,retail,SKU-1386,Cosmetic Bundle,DIGITAL,1,28.55,0.25,pending,8
ORD-004766,2025-02-20 17:28:42,CUST-00547,LATAM,partner,SKU-1399,Card Sleeves,Accessories,8,7.07,0.00,cancelled,21
ORD-001780,2025-10-15 18:49:58,CUST-01247,APAC,online,SKU-1350,Warband Set,  Miniatures ,2,88.07,0.05,cancelled,17
ORD-003449,04-Aug-2025,CUST-00458,LATAM,partner,SKU-1289,Dungeon Delve,Board Games,3,40.12,0.00,pending,5
ORD-002704,02-Mar-2025,CUST-01290,APAC,partner,SKU-1105,1000pc Coastline,Puzzles,1,13.21,0.00,cancelled,7
ORD-004294,28-Jan-2026,CUST-00796,EMEA,retail,SKU-1307,Hero Blister,Miniatures,1,37.67,0.00,cancelled,4
ORD-002376,02/11/2026,CUST-01528,North America,partner,SKU-1316,Playmat,ACCESSORIES,1,12.90,0.00,cancelled,10
ORD-000742,2025-03-08 04:39:59,CUST-01031,APAC,online,SKU-1069,Harvest Moon Valley,Board Games,2,29.47,0.10,completed,13
ORD-002655,05/20/2026,CUST-01360,EMEA,wholesale,SKU-1147,Cosmetic Bundle,Digital,1,32.99,0.00,completed,6
ORD-000789,05/17/2025,CUST-00394,LATAM,wholesale,SKU-1009,Collector Box,Trading Cards,2,180.62,0.00,cancelled,8
ORD-000543,2026-06-16 06:28:43,CUST-00534,North America,retail,SKU-1354,Promo Tin,Trading Cards,1,150.26,0.00,completed,15
ORD-004602,2026-01-30 02:29:45,CUST-00902,  LATAM ,  retail ,SKU-1178,500pc Night Market,Puzzles,1,$17.30,0.00,completed,14
ORD-003273,2025-08-30 11:13:30,CUST-00403,EMEA,retail,SKU-1083,1000pc Coastline,PUZZLES,2,24.36,0.20,cancelled,10
ORD-004282,09/02/2025,CUST-00209,APAC,online,SKU-1091,Expansion Key,DIGITAL,4,36.18,0.00,completed,11
ORD-000359,2025-11-21 17:26:31,CUST-00036,North America,wholesale,SKU-1377,Terrain Kit,Miniatures,5,107.88,0.00,completed,19
ORD-001586,2025-11-30 01:04:59,CUST-01179,APAC,partner,SKU-1064,Paint Set,  Miniatures ,1,147.97,0.05,pending,19
ORD-000897,2025-10-01 11:19:44,CUST-00465,APAC,partner,SKU-1337,Bundle Case,Trading Cards,2,101.22,0.00,pending,10
ORD-001871,06-Feb-2025,CUST-00432,North America,partner,SKU-1239,Paint Set,Miniatures,-5,86.04,0.00,pending,8
ORD-004793,2026-01-05 00:30:40,CUST-01592,LATAM,retail,SKU-1094,Warband Set,Miniatures,4,23.37,0.00,completed,7
ORD-003489,2025-06-26 07:53:33,CUST-01524,latam,retail,SKU-1296,Bundle Case,Trading Cards,2,140.80,0.15,completed,19
ORD-000980,23-Feb-2026,CUST-01250,LATAM,retail,SKU-1244,Card Sleeves,Accessories,1,10.29,0.00,pending,12
ORD-004198,13-Nov-2025,CUST-00425,LATAM,partner,SKU-1033,Card Sleeves,Accessories,2,27.77,0.00,completed,20
ORD-003626,08-Mar-2026,CUST-00382,LATAM,online,SKU-1186,Hero Blister,Miniatures,2,117.78,0.00,completed,
ORD-001517,25-Nov-2025,CUST-00287,APAC,wholesale,SKU-1047,Playmat,Accessories,1,15.25,0.00,refunded,7
ORD-000672,02/13/2026,CUST-01681,EMEA,wholesale,SKU-1131,Paint Set,Miniatures,2,95.64,0.05,pending,7
ORD-001801,2026-01-08T00:28:30Z,CUST-01771,APAC,  wholesale ,SKU-1332,Season Pass,Digital,1,36.25,0.00,refunded,14
ORD-002423,2026-06-09 15:50:55,CUST-01546,NORTH AMERICA,partner,SKU-1377,Cosmetic Bundle,DIGITAL,2,7.82,0.00,cancelled,2
ORD-003992,2025-12-07T10:35:33Z,CUST-01113,LATAM,wholesale,SKU-1043,Card Sleeves,Accessories,1,37.46,0.00,completed,4
ORD-001654,19-Feb-2026,CUST-00779,EMEA,retail,SKU-1000,Castle Siege,Board Games,1,34.52,0.00,cancelled,4
ORD-001892,2026-01-21 07:51:30,CUST-01066,North America,WHOLESALE,SKU-1295,Warband Set,Miniatures,2,27.89,0.00,completed,12
ORD-004773,2025-05-16 06:51:11,CUST-00605,LATAM,wholesale,SKU-1322,Trade Winds,Board Games,8,29.60,0.00,pending,6
ORD-001521,2025-07-25 10:08:52,CUST-01133,APAC,partner,SKU-1289,Card Sleeves,ACCESSORIES,3,32.46,0.00,cancelled,1
ORD-004297,2025-02-16 09:38:50,CUST-01097,LATAM,online,SKU-1341,Collector Box,Trading Cards,2,$166.83,0.00,refunded,9
ORD-004170,06/06/2025,CUST-01590,EMEA,wholesale,SKU-1107,Card Sleeves,Accessories,5,33.17,0.00,refunded,4
ORD-004464,2025-05-25 00:19:31,CUST-01242,North America,retail,SKU-1313,Deck Box,Accessories,4,39.83,0.00,pending,16
ORD-000850,06/16/2026,CUST-00261,EMEA,retail,SKU-1016,Cosmetic Bundle,Digital,2,7.24,0.00,refunded,12
ORD-000927,2025-03-19 17:15:47,CUST-01500,EMEA,online,SKU-1022,Playmat,Accessories,3,33.11,0.00,completed,8
ORD-001283,05-Jan-2026,CUST-00131,LATAM,wholesale,SKU-1393,2000pc Star Chart,puzzles,1,27.84,0.00,completed,5
ORD-002447,14-May-2026,CUST-00268,LATAM,wholesale,SKU-1336,500pc Night Market,Puzzles,3,34.39,0.05,pending,5
ORD-001181,2025-05-16 22:37:55,CUST-00405,North America,partner,SKU-1080,Paint Set,  Miniatures ,1,117.22,0.00,completed,14
ORD-002203,2025-12-14 15:38:36,CUST-00081,LATAM,wholesale,SKU-1135,Deck Box,Accessories,8,16.25,0.00,pending,8
ORD-003043,19-Dec-2025,CUST-00956,LATAM,partner,SKU-1188,1000pc Coastline,Puzzles,1,17.08,0.00,pending,9
ORD-001955,2026-01-02 02:18:14,CUST-00440,APAC,online,SKU-1085,Dungeon Delve,Board Games,8,26.77,0.00,cancelled,10
ORD-004308,02-Aug-2025,CUST-00848,EMEA,online,SKU-1221,2000pc Star Chart,Puzzles,3,10.40,0.00,pending,13
ORD-004041,04/17/2025,CUST-00050,LATAM,online,SKU-1205,500pc Night Market,Puzzles,1,25.25,0.00,cancelled,2
ORD-000536,2025-03-27 02:55:45,CUST-00548,APAC,online,SKU-1209,Signal Fire,Board Games,2,$58.85,0.00,refunded,13
ORD-001530,01/27/2025,CUST-00207,LATAM,retail,SKU-1215,1000pc Coastline,Puzzles,1,33.19,0.00,completed,19
ORD-004519,2025-07-28 14:33:52,CUST-01074,EMEA,retail,SKU-1011,Collector Box,Trading Cards,12,39.14,0.05,cancelled,3
ORD-001306,13-Feb-2026,CUST-00510,EMEA,wholesale,SKU-1304,Expansion Key,Digital,-2,5.09,0.00,pending,10
ORD-000192,03-Jun-2025,CUST-01637,APAC,RETAIL,SKU-1253,Paint Set,Miniatures,5,31.82,0.00,refunded,7
ORD-001910,2025-10-05 18:07:34,CUST-00731,North America,wholesale,SKU-1241,Signal Fire,Board Games,3,55.10,0.00,pending,6
ORD-001655,04/26/2026,CUST-00912,APAC,ONLINE,SKU-1041,Starter Deck,Trading Cards,1,$17.08,0.00,cancelled,6
ORD-001965,2026-04-18T16:23:52Z,CUST-01632,APAC,retail,SKU-1092,Expansion Key,  Digital ,3,7.64,0.00,refunded,14
ORD-003579,2025-10-01T14:42:56Z,CUST-00011,  LATAM ,partner,SKU-1032,Warband Set,Miniatures,5,41.61,0.00,pending,18
ORD-004591,05/08/2026,CUST-00155,LATAM,wholesale,SKU-1164,Harvest Moon Valley,Board Games,1,40.22,0.20,refunded,3
ORD-000187,07/01/2025,CUST-00744,APAC,wholesale,SKU-1228,Castle Siege,Board Games,1,64.82,0.00,refunded,5
ORD-004267,2025-03-01 23:42:57,CUST-00704,APAC,wholesale,SKU-1155,Cosmetic Bundle,Digital,3,4.50,0.00,pending,19
ORD-001833,16-Jun-2026,CUST-00888,LATAM,online,SKU-1059,Dice Set,Accessories,1,$25.52,0.00,pending,20
ORD-004319,2025-11-03 10:25:51,CUST-00928,EMEA,wholesale,SKU-1324,500pc Night Market,Puzzles,2,$21.60,0.05,completed,4
ORD-004148,2025-11-18 06:55:34,CUST-00050,apac,partner,SKU-1257,Dungeon Delve,Board Games,5,18.54,0.00,refunded,17
ORD-000564,31-Mar-2026,CUST-00732,  EMEA ,retail,SKU-1306,Paint Set,Miniatures,4,55.89,0.00,completed,4
ORD-002019,25-Dec-2025,CUST-00219,LATAM,retail,SKU-1087,Expansion Key,Digital,3,39.30,0.00,pending,1
ORD-000719,2025-05-07 08:09:14,CUST-01378,EMEA,wholesale,SKU-1308,Terrain Kit,MINIATURES,1,53.57,0.00,pending,
ORD-001184,25-Jun-2026,CUST-00206,EMEA,RETAIL,SKU-1296,Promo Tin,Trading Cards,3,129.60,0.00,refunded,2
ORD-001463,19-Apr-2025,CUST-00469,EMEA,wholesale,SKU-1084,Bundle Case,Trading Cards,4,43.77,0.00,cancelled,5
ORD-002773,10-Aug-2025,CUST-00934,LATAM,partner,SKU-1087,2000pc Star Chart,puzzles,2,25.64,0.00,cancelled,14
ORD-003448,2025-06-18 02:11:21,CUST-01539,APAC,WHOLESALE,SKU-1014,Collector Box,Trading Cards,1,221.41,0.15,refunded,17
ORD-004530,2025-08-27 10:52:33,CUST-00803,LATAM,retail,SKU-1096,Dice Set,Accessories,3,19.77,0.00,cancelled,15
ORD-000177,2025-02-06T15:54:00Z,CUST-01499,North America,wholesale,SKU-1008,Season Pass,Digital,5,47.31,0.00,cancelled,18
ORD-001227,04-Nov-2025,CUST-01674,EMEA,wholesale,SKU-1157,Paint Set,Miniatures,1,60.58,0.00,refunded,5
ORD-000405,05/01/2025,CUST-00175,LATAM,retail,SKU-1231,Dice Set,Accessories,1,17.01,0.00,cancelled,1
ORD-000348,2026-02-24 00:59:36,CUST-01015,EMEA,retail,SKU-1282,1000pc Coastline,Puzzles,3,14.56,0.00,refunded,4
ORD-004971,11/14/2025,CUST-00406,LATAM,retail,SKU-1243,Harvest Moon Valley,Board Games,2,$18.57,0.00,completed,7
ORD-003769,2026-04-07 14:23:25,,APAC,wholesale,SKU-1104,Dungeon Delve,Board Games,2,72.38,0.00,cancelled,3
ORD-003717,2025-12-17 22:40:15,CUST-00319,North America,wholesale,SKU-1367,Cosmetic Bundle,Digital,1,42.03,0.15,cancelled,10
ORD-001703,2026-02-26T19:56:33Z,CUST-00224,North America,online,SKU-1328,Starter Deck,Trading Cards,2,175.00,0.00,cancelled,17
ORD-002786,04/18/2025,CUST-01391,LATAM,partner,SKU-1022,Warband Set,MINIATURES,2,132.22,0.00,cancelled,7
ORD-003459,05/26/2025,CUST-01444,North America,partner,SKU-1302,Deck Box,Accessories,1,31.63,0.00,pending,3
ORD-004491,2025-12-21 18:43:18,CUST-00388,APAC,wholesale,SKU-1243,Dice Set,Accessories,1,36.01,0.10,pending,11
ORD-000705,2026-06-05T07:56:46Z,CUST-00740,North America,online,SKU-1100,Castle Siege,Board Games,1,72.37,0.00,pending,1
ORD-002760,05/08/2025,CUST-01599,EMEA,partner,SKU-1392,Collector Box,Trading Cards,5,236.18,0.00,completed,15
ORD-002626,2025-02-13T07:58:46Z,CUST-00362,  APAC ,partner,SKU-1015,Dice Set,Accessories,1,10.38,0.00,completed,2
ORD-000507,2025-02-02 23:16:41,CUST-01580,APAC,retail,SKU-1042,Bundle Case,Trading Cards,1,99.15,0.00,pending,14
ORD-002973,03/15/2025,CUST-01570,APAC,online,SKU-1025,Dungeon Delve,Board Games,2,42.96,0.00,cancelled,5
ORD-000059,2025-08-26 01:36:03,CUST-01487,EMEA,retail,SKU-1087,2000pc Star Chart,Puzzles,1,22.45,0.00,completed,12
ORD-003078,29-May-2026,CUST-01682,North America,retail,SKU-1303,Dice Set,Accessories,2,$25.05,0.25,pending,1
ORD-002600,2025-10-05T14:07:17Z,CUST-00501,North America,online,SKU-1217,Signal Fire,Board Games,1,25.11,0.05,cancelled,15
ORD-001556,02/05/2025,CUST-01708,North America,RETAIL,SKU-1148,500pc Night Market,  Puzzles ,3,33.34,0.05,pending,18
ORD-001410,2026-03-31 03:40:34,CUST-00891,EMEA,  online ,SKU-1112,Paint Set,Miniatures,4,27.57,0.00,pending,17
ORD-004494,2025-03-13 03:11:16,CUST-00533,EMEA,  partner ,SKU-1331,Bundle Case,Trading Cards,8,78.33,0.10,cancelled,7
ORD-004392,12-Jan-2025,CUST-00235,LATAM,online,SKU-1078,Season Pass,Digital,1,31.75,0.00,refunded,15
ORD-001924,05-Mar-2025,CUST-01127,APAC,wholesale,SKU-1012,Dungeon Delve,Board Games,1,66.79,0.15,pending,6
ORD-000592,2025-06-18 00:12:21,CUST-01184,EMEA,retail,SKU-1356,Paint Set,Miniatures,2,106.07,0.00,pending,7
ORD-003334,04/29/2025,CUST-00149,EMEA,online,SKU-1321,1000pc Coastline,Puzzles,5,$16.62,0.00,cancelled,7
ORD-003010,2025-11-09 19:10:17,CUST-01661,EMEA,retail,SKU-1140,Hero Blister,Miniatures,1,75.43,0.00,cancelled,7
ORD-004647,12-Dec-2025,CUST-00454,EMEA,online,SKU-1355,Season Pass,Digital,3,31.70,0.00,refunded,11
ORD-001268,14-Jan-2026,CUST-01345,North America,  retail ,SKU-1172,500pc Night Market,Puzzles,1,21.08,0.20,refunded,16
ORD-001355,2025-05-18 15:07:55,CUST-00489,North America,online,SKU-1352,Cosmetic Bundle,Digital,1,17.62,0.00,cancelled,9
ORD-003821,07/24/2025,CUST-01550,North America,online,SKU-1251,2000pc Star Chart,Puzzles,2,23.97,0.20,refunded,20
ORD-001846,2025-10-01 00:16:37,CUST-00210,EMEA,wholesale,SKU-1159,Bundle Case,Trading Cards,1,92.58,0.00,pending,3
ORD-004886,2025-12-27 22:45:07,CUST-01608,EMEA,RETAIL,SKU-1200,Promo Tin,Trading Cards,1,144.85,0.00,pending,9
ORD-003913,2026-05-31 22:19:47,CUST-01585,APAC,wholesale,SKU-1167,1000pc Coastline,Puzzles,1,34.11,0.10,cancelled,1
ORD-001545,2025-05-28 03:00:29,CUST-01024,LATAM,retail,SKU-1243,Season Pass,Digital,2,1.94,0.10,refunded,2
ORD-002531,03/13/2025,CUST-00187,  North America ,  wholesale ,SKU-1120,Expansion Key,Digital,1,20.72,0.10,completed,1
ORD-001431,2026-04-13 11:13:23,CUST-00671,NORTH AMERICA,online,SKU-1084,2000pc Star Chart,Puzzles,3,32.12,0.00,refunded,16
ORD-001013,02/25/2026,CUST-00507,EMEA,wholesale,SKU-1240,Card Sleeves,Accessories,1,13.40,0.00,cancelled,5
ORD-002441,20-Jan-2026,CUST-01015,LATAM,online,SKU-1073,Hero Blister,Miniatures,3,137.64,0.00,completed,8
ORD-001694,04/18/2026,CUST-01057,North America,online,SKU-1000,Warband Set,Miniatures,2,93.50,0.25,refunded,21
ORD-000662,14-Jun-2026,CUST-00798,EMEA,retail,SKU-1187,Warband Set,Miniatures,1,74.91,0.00,pending,19
ORD-002221,2025-09-29 21:48:41,CUST-01771,  EMEA ,WHOLESALE,SKU-1020,Season Pass,  Digital ,-4,10.62,0.15,cancelled,9
ORD-003614,2025-01-10 02:17:46,CUST-00694,  APAC ,retail,SKU-1234,Warband Set,Miniatures,3,33.66,0.00,cancelled,2
ORD-001583,2026-01-23 06:37:44,CUST-00755,APAC,online,SKU-1048,2000pc Star Chart,Puzzles,8,$10.10,0.00,refunded,17
ORD-004769,07-May-2026,CUST-00927,North America,retail,SKU-1280,2000pc Star Chart,Puzzles,1,25.48,0.00,completed,4
ORD-004913,2025-06-18 02:50:12,CUST-00755,APAC,online,SKU-1122,Season Pass,Digital,2,34.41,0.05,refunded,2
ORD-004503,2026-06-05 11:50:47,CUST-01069,APAC,wholesale,SKU-1368,Warband Set,Miniatures,1,63.08,0.00,pending,5
ORD-001029,26-Feb-2025,CUST-01449,apac,wholesale,SKU-1202,Trade Winds,Board Games,2,19.75,0.00,completed,
ORD-002067,2025-12-29 17:01:54,CUST-00541,  EMEA ,partner,SKU-1195,Playmat,  Accessories ,2,23.57,0.00,pending,21
ORD-003344,2025-08-10 08:56:49,CUST-00741,APAC,retail,SKU-1135,Card Sleeves,Accessories,1,24.53,0.00,pending,1
ORD-000218,12/10/2025,CUST-00440,EMEA,wholesale,SKU-1226,1000pc Coastline,Puzzles,4,33.41,0.00,cancelled,9
ORD-003081,2025-10-18 14:31:20,CUST-01566,North America,wholesale,SKU-1095,Card Sleeves,Accessories,1,37.03,0.20,refunded,3
ORD-002852,2026-05-17 19:18:24,CUST-00933,  North America ,wholesale,SKU-1356,Expansion Key,Digital,3,22.87,0.00,completed,4
ORD-000834,2025-01-30 18:31:48,CUST-01264,EMEA,partner,SKU-1283,Dice Set,ACCESSORIES,1,16.74,0.00,completed,5
ORD-004196,09/23/2025,CUST-00563,EMEA,partner,SKU-1041,Expansion Key,DIGITAL,1,29.38,0.00,refunded,6
ORD-004765,2026-05-04 15:30:17,CUST-01285,LATAM,retail,SKU-1376,Signal Fire,Board Games,2,38.50,0.00,refunded,10
ORD-003728,08/18/2025,CUST-00640,LATAM,online,SKU-1054,Dice Set,Accessories,4,23.83,0.00,cancelled,16
ORD-000848,01-Feb-2025,CUST-00664,EMEA,partner,SKU-1140,500pc Night Market,Puzzles,1,34.42,0.00,completed,14
ORD-002345,2026-03-13 19:49:09,CUST-00605,LATAM,wholesale,SKU-1187,Season Pass,Digital,5,13.63,0.00,pending,5
ORD-001393,2026-01-12T23:35:27Z,CUST-00757,EMEA,wholesale,SKU-1070,Booster Pack,Trading Cards,1,105.10,0.00,cancelled,7
ORD-003783,2025-07-04 03:04:13,CUST-01144,EMEA,wholesale,SKU-1108,Trade Winds,Board Games,2,23.38,0.25,pending,10
ORD-000008,05/31/2025,CUST-00534,EMEA,PARTNER,SKU-1263,Hero Blister,Miniatures,4,127.42,0.00,cancelled,11
ORD-002368,2026-03-06 00:44:19,CUST-01263,EMEA,wholesale,SKU-1249,Hero Blister,Miniatures,1,68.04,0.00,completed,6
ORD-004983,04/16/2025,CUST-00410,emea,RETAIL,SKU-1000,Terrain Kit,Miniatures,1,79.91,0.00,refunded,3
ORD-004658,19-Jan-2026,CUST-01406,LATAM,wholesale,SKU-1086,Playmat,Accessories,1,13.82,0.00,pending,10
ORD-002749,2025-02-12T18:07:45Z,CUST-00546,APAC,online,SKU-1200,500pc Night Market,Puzzles,3,22.90,0.00,completed,14
ORD-001532,2025-05-12 06:23:48,CUST-00758,EMEA,wholesale,SKU-1006,Collector Box,Trading Cards,5,201.32,0.00,completed,11
ORD-000183,2025-01-31 09:58:25,CUST-01021,LATAM,wholesale,SKU-1179,Collector Box,Trading Cards,2,206.10,0.00,completed,9
ORD-002408,2026-03-13 03:29:20,CUST-00419,North America,RETAIL,SKU-1359,1000pc Coastline,Puzzles,2,32.73,0.20,cancelled,5
ORD-004279,2025-04-26 13:46:42,CUST-00904,NORTH AMERICA,partner,SKU-1271,Paint Set,Miniatures,8,34.25,0.00,refunded,15
ORD-004757,2026-01-26 00:14:57,CUST-01790,  EMEA ,online,SKU-1290,Season Pass,Digital,2,41.80,0.00,cancelled,19
ORD-003674,2025-05-25 00:27:50,CUST-00753,LATAM,wholesale,SKU-1225,Castle Siege,board games,1,59.15,0.25,refunded,20
ORD-003730,2025-11-09 12:26:07,CUST-01509,NORTH AMERICA,  wholesale ,SKU-1168,Bundle Case,  Trading Cards ,2,31.17,0.00,refunded,11
ORD-003646,07/11/2025,CUST-01800,EMEA,ONLINE,SKU-1077,Booster Pack,Trading Cards,1,63.24,0.00,completed,20
ORD-003375,2026-03-21T13:31:23Z,CUST-01259,LATAM,ONLINE,SKU-1107,Playmat,Accessories,1,26.87,0.00,refunded,6
ORD-004650,2025-10-04 11:37:39,CUST-00694,APAC,retail,SKU-1384,Dice Set,Accessories,5,7.80,0.00,refunded,5
ORD-004574,04/05/2026,CUST-00376,North America,partner,SKU-1167,500pc Night Market,Puzzles,2,31.31,0.20,cancelled,13
ORD-001902,2025-11-29 15:30:16,CUST-00317,North America,retail,SKU-1131,Starter Deck,Trading Cards,4,59.38,0.00,refunded,18
ORD-002943,01/09/2025,CUST-01001,North America,partner,SKU-1374,Bundle Case,Trading Cards,4,82.63,0.00,completed,7
ORD-003467,2025-06-16 08:11:05,CUST-00110,APAC,WHOLESALE,SKU-1267,Paint Set,Miniatures,2,89.52,0.15,refunded,2
ORD-001711,2026-03-11 14:29:05,CUST-01322,EMEA,partner,SKU-1022,Hero Blister,Miniatures,1,58.15,0.00,refunded,11
ORD-002216,21-Aug-2025,CUST-00875,North America,online,SKU-1039,Bundle Case,Trading Cards,1,174.69,0.05,cancelled,3
ORD-003879,2025-03-23T02:36:58Z,CUST-01661,North America,retail,SKU-1323,Card Sleeves,Accessories,1,31.73,0.00,cancelled,8
ORD-000999,2025-04-16T00:12:47Z,CUST-00787,,  online ,SKU-1081,Season Pass,Digital,2,28.39,0.00,pending,2
ORD-000422,2025-05-15 19:14:57,CUST-01127,EMEA,partner,SKU-1242,Starter Deck,  Trading Cards ,2,54.01,0.20,refunded,7
ORD-003709,2026-05-20 23:57:29,CUST-01561,EMEA,partner,SKU-1302,Playmat,Accessories,5,$13.94,0.20,completed,5
ORD-002536,2025-01-07 10:33:46,CUST-00278,APAC,wholesale,SKU-1093,Cosmetic Bundle,digital,-2,42.35,0.00,refunded,20
ORD-000233,2025-08-08 10:36:49,CUST-00104,North America,retail,SKU-1106,500pc Night Market,Puzzles,2,24.63,0.00,cancelled,2
ORD-000064,2025-01-03 10:24:47,CUST-00942,APAC,partner,SKU-1202,500pc Night Market,Puzzles,1,25.90,0.20,completed,12
ORD-000286,2026-01-16 17:58:05,CUST-01316,North America,partner,SKU-1396,Trade Winds,Board Games,5,54.64,0.25,refunded,10
ORD-000613,18-Mar-2026,CUST-00011,EMEA,partner,SKU-1054,Bundle Case,Trading Cards,1,170.99,0.00,completed,18
ORD-000863,12/14/2025,CUST-01709,North America,online,SKU-1351,Booster Pack,Trading Cards,12,82.98,0.00,cancelled,4
ORD-002012,2025-06-01 04:04:25,CUST-01696,apac,online,SKU-1349,Paint Set,Miniatures,1,118.29,0.00,completed,1
ORD-002616,2025-08-17 15:30:33,CUST-00466,LATAM,partner,SKU-1140,Dice Set,ACCESSORIES,2,30.97,0.00,pending,21
ORD-002697,2025-01-30 18:53:34,CUST-00708,EMEA,retail,SKU-1372,Hero Blister,Miniatures,1,33.05,0.00,refunded,4
ORD-002097,2025-09-25 15:31:37,CUST-00943,North America,wholesale,SKU-1233,Hero Blister,Miniatures,2,85.48,0.15,pending,8
ORD-001604,2026-02-26 17:31:10,CUST-00657,APAC,retail,SKU-1225,Expansion Key,Digital,2,38.46,0.15,completed,2
ORD-004525,2025-04-07 04:52:14,CUST-00930,  LATAM ,ONLINE,SKU-1140,2000pc Star Chart,Puzzles,3,23.48,0.00,refunded,8
ORD-000216,06/28/2026,,North America,wholesale,SKU-1027,Dice Set,Accessories,3,$25.85,0.15,refunded,12
ORD-004801,13-May-2025,CUST-01709,emea,retail,SKU-1393,Expansion Key,Digital,2,20.37,0.00,pending,21
ORD-004182,2026-01-28 00:28:55,CUST-01795,North America,online,SKU-1297,Dungeon Delve,Board Games,1,26.84,0.00,cancelled,7
ORD-001458,2025-03-31 01:58:20,CUST-00271,APAC,partner,SKU-1399,1000pc Coastline,Puzzles,1,23.41,0.00,completed,19
ORD-000349,2026-04-22 17:04:41,CUST-01113,LATAM,wholesale,SKU-1390,Castle Siege,Board Games,3,53.04,0.00,completed,16
ORD-001111,02/04/2025,CUST-00156,North America,retail,SKU-1197,Terrain Kit,miniatures,1,145.43,0.00,refunded,10
ORD-001473,2026-04-30 21:08:41,CUST-01529,North America,online,SKU-1019,2000pc Star Chart,Puzzles,1,20.09,0.00,completed,12
ORD-000473,2026-05-30 10:09:08,CUST-01296,APAC,wholesale,SKU-1125,1000pc Coastline,Puzzles,2,31.17,0.00,completed,12
ORD-002920,2026-05-14 06:34:30,CUST-01714,  LATAM ,partner,SKU-1231,Season Pass,Digital,4,41.95,0.00,cancelled,17
ORD-000970,19-Oct-2025,CUST-00879,North America,ONLINE,SKU-1327,2000pc Star Chart,PUZZLES,5,$21.80,0.00,completed,7
ORD-002787,2025-01-17 09:33:19,CUST-01552,LATAM,online,SKU-1170,Playmat,Accessories,1,13.74,0.25,completed,8
ORD-003802,01/10/2025,CUST-01615,North America,online,SKU-1365,Booster Pack,Trading Cards,1,165.55,0.00,pending,7
ORD-000249,10-Jan-2026,CUST-00703,APAC,partner,SKU-1216,Bundle Case,Trading Cards,1,111.37,0.00,refunded,15
ORD-002757,2025-06-13 05:39:58,CUST-01480,APAC,retail,SKU-1281,Paint Set,Miniatures,12,25.72,0.00,completed,10
ORD-002382,2025-02-03 07:35:52,CUST-00642,LATAM,retail,SKU-1119,Season Pass,Digital,1,44.82,0.00,pending,7
ORD-001661,2025-12-11 09:53:00,CUST-00582,LATAM,retail,SKU-1122,Trade Winds,BOARD GAMES,5,28.53,0.00,cancelled,19
ORD-002581,2025-08-10 21:13:57,CUST-00786,LATAM,online,SKU-1372,Harvest Moon Valley,Board Games,1,24.21,0.15,completed,12
ORD-001126,28-Jan-2025,CUST-01641,North America,retail,SKU-1354,1000pc Coastline,Puzzles,1,30.38,0.10,completed,3
ORD-000909,04/04/2026,CUST-01613,APAC,online,SKU-1124,Playmat,Accessories,3,28.78,0.00,refunded,8
ORD-001691,2025-10-04T07:51:25Z,CUST-00765,EMEA,partner,SKU-1143,Dungeon Delve,Board Games,1,44.80,0.10,pending,17
ORD-000049,2025-07-07 21:55:28,CUST-01411,APAC,PARTNER,SKU-1261,Cosmetic Bundle,  Digital ,1,52.32,0.00,pending,17
ORD-004218,09-Dec-2025,CUST-00730,emea,partner,SKU-1227,1000pc Coastline,Puzzles,5,34.59,0.00,refunded,18
ORD-001741,03/29/2025,CUST-01326,LATAM,wholesale,SKU-1033,Paint Set,Miniatures,1,24.58,0.00,pending,2
ORD-003008,14-Aug-2025,CUST-00465,EMEA,partner,SKU-1311,Collector Box,Trading Cards,1,94.05,0.10,refunded,12
ORD-000407,06/10/2025,CUST-01083,APAC,partner,SKU-1045,Playmat,Accessories,1,22.09,0.00,refunded,13
ORD-002723,2025-12-09 03:07:10,CUST-01069,EMEA,partner,SKU-1032,Expansion Key,Digital,2,26.34,0.00,cancelled,13
ORD-003461,2026-06-02 20:08:45,CUST-01078,EMEA,retail,SKU-1203,Expansion Key,Digital,2,59.74,0.00,cancelled,19
ORD-003622,2025-05-11 17:24:20,CUST-01331,APAC,ONLINE,SKU-1053,Bundle Case,Trading Cards,1,20.96,0.00,cancelled,3
ORD-002503,11/09/2025,,EMEA,partner,SKU-1217,Terrain Kit,Miniatures,1,131.89,0.00,completed,1
ORD-002328,2025-05-04 04:11:46,CUST-00312,apac,online,SKU-1321,Paint Set,Miniatures,5,41.78,0.05,completed,20
ORD-004091,2025-12-15 00:28:00,CUST-00015,APAC,partner,SKU-1363,2000pc Star Chart,PUZZLES,2,22.86,0.00,refunded,10
ORD-003075,2025-06-28T23:19:49Z,CUST-00327,EMEA,,SKU-1035,500pc Night Market,Puzzles,4,23.79,0.00,refunded,4
ORD-003721,08/13/2025,CUST-00099,EMEA,online,SKU-1312,Trade Winds,Board Games,3,69.89,0.00,pending,12
ORD-003249,24-Apr-2025,CUST-00217,  APAC ,wholesale,SKU-1339,Card Sleeves,Accessories,2,8.36,0.00,refunded,6
ORD-004834,2025-09-28 02:09:40,CUST-00024,APAC,partner,SKU-1079,Signal Fire,Board Games,1,35.46,0.00,pending,12
ORD-002305,05/27/2026,CUST-01149,north america,  wholesale ,SKU-1035,Bundle Case,Trading Cards,3,204.56,0.00,cancelled,14
ORD-003322,2026-03-23 00:26:01,CUST-00480,APAC,retail,SKU-1259,Terrain Kit,Miniatures,2,118.29,0.00,completed,16
ORD-001163,2025-07-17 13:06:39,CUST-00657,APAC,retail,SKU-1304,Dice Set,Accessories,2,$28.07,0.25,pending,15
ORD-003096,2026-05-04T18:08:49Z,CUST-00233,APAC,  online ,SKU-1267,Signal Fire,Board Games,2,32.15,0.05,completed,6
ORD-000168,2026-06-18 15:28:43,CUST-01044,APAC,partner,SKU-1005,Expansion Key,  Digital ,1,53.98,0.10,pending,15
ORD-000523,2025-08-31 04:34:05,CUST-00623,LATAM,online,SKU-1347,500pc Night Market,Puzzles,1,18.15,0.00,cancelled,15
ORD-000238,2026-05-30 19:54:05,CUST-00868,North America,online,SKU-1226,Promo Tin,Trading Cards,1,57.54,0.00,completed,3
ORD-003259,06/18/2026,CUST-01758,North America,retail,SKU-1009,2000pc Star Chart,Puzzles,2,31.19,0.00,pending,4
ORD-000319,05/01/2026,CUST-00404,LATAM,  retail ,SKU-1184,Expansion Key,Digital,1,5.76,0.00,completed,1
ORD-000739,17-Mar-2025,CUST-00129,LATAM,wholesale,SKU-1062,500pc Night Market,  Puzzles ,12,28.06,0.20,completed,20
ORD-001718,2026-06-02 01:26:56,CUST-00193,APAC,retail,SKU-1037,Terrain Kit,Miniatures,2,53.99,0.00,refunded,2
ORD-000873,04/14/2025,CUST-01736,APAC,partner,SKU-1351,Cosmetic Bundle,Digital,4,10.54,0.10,cancelled,2
ORD-002126,23-Sep-2025,CUST-01468,APAC,partner,SKU-1132,Cosmetic Bundle,Digital,4,18.97,0.00,pending,10
ORD-002566,2025-03-20 02:02:46,CUST-00029,LATAM,wholesale,SKU-1004,2000pc Star Chart,Puzzles,5,12.19,0.00,refunded,1
ORD-002277,05/13/2025,CUST-01247,LATAM,retail,SKU-1134,Harvest Moon Valley,Board Games,2,23.82,0.00,completed,3
ORD-000377,04/05/2026,CUST-00559,LATAM,wholesale,SKU-1036,Collector Box,Trading Cards,2,207.49,0.20,completed,6
ORD-003381,11/06/2025,CUST-01054,APAC,wholesale,SKU-1368,Starter Deck,Trading Cards,-2,172.13,0.00,completed,10
ORD-004518,2025-01-02 21:54:07,CUST-00047,EMEA,wholesale,SKU-1208,Cosmetic Bundle,DIGITAL,8,31.92,0.00,completed,20
ORD-001837,09/29/2025,CUST-01057,North America,partner,SKU-1267,Bundle Case,Trading Cards,4,167.65,0.00,pending,13
ORD-001282,2025-04-16 10:50:32,CUST-00207,North America,online,SKU-1251,Starter Deck,Trading Cards,1,165.98,0.05,completed,9
ORD-001816,2025-12-21 13:05:22,CUST-01107,EMEA,retail,SKU-1253,Booster Pack,Trading Cards,3,123.57,0.20,completed,6
ORD-003490,01/13/2026,CUST-00515,LATAM,online,SKU-1188,Terrain Kit,Miniatures,1,64.41,0.25,completed,21
ORD-001650,2026-04-06 04:53:54,CUST-01786,APAC,retail,SKU-1102,Terrain Kit,Miniatures,1,33.57,0.20,cancelled,6
ORD-000202,02/04/2025,CUST-00776,LATAM,online,SKU-1246,Booster Pack,TRADING CARDS,3,20.12,0.00,completed,13
ORD-001113,2025-12-10 06:37:33,CUST-01446,North America,wholesale,SKU-1082,Cosmetic Bundle,Digital,1,55.17,0.00,refunded,13
ORD-003491,2025-12-04 15:41:30,CUST-00145,EMEA,ONLINE,SKU-1249,Playmat,Accessories,5,10.48,0.10,completed,11
ORD-001764,2025-08-15 00:44:53,CUST-00923,EMEA,WHOLESALE,SKU-1096,1000pc Coastline,Puzzles,1,25.45,0.00,pending,8
ORD-004649,2025-03-06 08:42:00,CUST-01286,LATAM,online,SKU-1294,Playmat,  Accessories ,3,37.11,0.15,refunded,6
ORD-003501,2026-05-28 17:33:09,CUST-01342,North America,partner,SKU-1392,Card Sleeves,Accessories,2,35.62,0.00,cancelled,17
ORD-003202,2025-07-22 10:21:11,CUST-01398,EMEA,wholesale,SKU-1384,Dice Set,Accessories,1,12.24,0.00,cancelled,17
ORD-002876,2025-08-27 04:15:24,CUST-01489,EMEA,online,SKU-1366,2000pc Star Chart,Puzzles,2,11.04,0.10,refunded,10
ORD-000824,2025-09-19 13:13:32,CUST-00259,North America,online,SKU-1214,Expansion Key,Digital,2,53.49,0.00,completed,12
ORD-001027,2025-07-09T23:54:11Z,CUST-00694,APAC,online,SKU-1133,2000pc Star Chart,Puzzles,3,29.30,0.00,refunded,12
ORD-004025,2026-05-20T14:09:51Z,CUST-01216,North America,retail,SKU-1179,Playmat,ACCESSORIES,1,31.04,0.00,cancelled,14
ORD-001015,04/30/2026,CUST-00079,EMEA,  partner ,SKU-1041,2000pc Star Chart,PUZZLES,8,32.31,0.00,cancelled,7
ORD-002642,11/27/2025,CUST-01291,LATAM,retail,SKU-1176,Starter Deck,Trading Cards,3,221.70,0.00,pending,9
ORD-003613,07/19/2025,CUST-01060,LATAM,,SKU-1271,Hero Blister,Miniatures,1,67.94,0.05,pending,15
ORD-004213,25-Sep-2025,CUST-01498,North America,retail,SKU-1148,Warband Set,Miniatures,5,88.21,0.25,completed,8
ORD-000986,2025-06-26 11:01:12,CUST-01482,APAC,partner,SKU-1249,Cosmetic Bundle,Digital,1,39.21,0.20,cancelled,10
ORD-003394,2025-05-07 20:21:10,CUST-00956,North America,online,SKU-1200,Booster Pack,Trading Cards,-2,164.75,0.00,refunded,7
ORD-004562,2025-08-27 14:17:01,CUST-00554,LATAM,online,SKU-1369,1000pc Coastline,Puzzles,2,26.94,0.00,pending,14
ORD-003216,06/11/2026,CUST-01102,APAC,retail,SKU-1133,Card Sleeves,Accessories,1,21.14,0.20,cancelled,18
ORD-002086,2026-01-24 12:20:21,CUST-00795,LATAM,retail,SKU-1043,Card Sleeves,Accessories,1,10.04,0.00,refunded,6
ORD-001946,2025-01-07 03:41:45,CUST-00390,APAC,partner,SKU-1190,Warband Set,Miniatures,1,94.38,0.00,pending,20
ORD-003964,2026-06-24 19:31:30,CUST-00387,North America,wholesale,SKU-1031,Dungeon Delve,Board Games,2,78.81,0.00,cancelled,11
ORD-000356,05/03/2026,CUST-00252,APAC,wholesale,SKU-1277,Castle Siege,Board Games,8,16.32,0.00,pending,2
ORD-001333,2026-03-24 10:52:09,CUST-01298,North America,online,SKU-1276,Cosmetic Bundle,DIGITAL,3,33.53,0.00,cancelled,18
ORD-000676,27-Jun-2025,CUST-01101,LATAM,retail,SKU-1316,Expansion Key,DIGITAL,1,34.43,0.00,cancelled,6
ORD-001508,09-Oct-2025,CUST-01769,emea,online,SKU-1392,Card Sleeves,Accessories,2,14.29,0.00,refunded,15
ORD-002224,2025-08-10 18:12:46,CUST-00128,EMEA,wholesale,SKU-1145,Dice Set,accessories,1,23.15,0.25,cancelled,3
ORD-001384,2025-06-10 05:21:08,CUST-00563,APAC,online,SKU-1168,Castle Siege,Board Games,2,75.84,0.00,completed,3
ORD-003510,2026-04-09 16:10:16,CUST-00446,LATAM,  online ,SKU-1245,Cosmetic Bundle,Digital,2,54.06,0.00,pending,8
ORD-002273,28-Feb-2026,CUST-00715,LATAM,wholesale,SKU-1048,1000pc Coastline,Puzzles,1,28.59,0.00,completed,20
ORD-001425,2025-05-17T19:56:31Z,CUST-01108,EMEA,retail,SKU-1054,Deck Box,Accessories,-12,$35.85,0.10,cancelled,16
ORD-001590,2026-01-04 06:37:56,CUST-00360,APAC,  wholesale ,SKU-1224,Season Pass,Digital,1,58.43,0.00,refunded,19
ORD-000899,2025-01-13 23:04:24,CUST-01095,APAC,online,SKU-1367,Paint Set,miniatures,1,56.02,0.00,completed,10
ORD-000683,2026-04-29 00:43:25,CUST-00813,APAC,wholesale,SKU-1201,500pc Night Market,Puzzles,2,23.59,0.20,cancelled,9
ORD-001000,2025-09-12 02:04:59,CUST-00446,north america,  online ,SKU-1048,Bundle Case,Trading Cards,1,67.72,0.00,cancelled,11
ORD-002029,2026-06-10 19:01:29,CUST-01028,LATAM,wholesale,SKU-1105,Harvest Moon Valley,Board Games,1,71.63,0.00,completed,21
ORD-003209,2026-02-23 20:01:18,CUST-01106,EMEA,PARTNER,SKU-1296,Hero Blister,MINIATURES,-1,33.12,0.00,refunded,2
ORD-000204,2025-11-23 02:36:07,CUST-01648,North America,wholesale,SKU-1180,Warband Set,miniatures,2,52.54,0.15,refunded,14
ORD-002366,2026-03-20 11:51:22,CUST-01494,EMEA,online,SKU-1335,Harvest Moon Valley,Board Games,1,52.12,0.00,refunded,13
ORD-004985,2025-01-09 07:11:27,CUST-01264,North America,partner,SKU-1179,Playmat,Accessories,1,8.59,0.00,cancelled,1
ORD-004471,2025-08-30 02:29:02,CUST-00864,EMEA,retail,SKU-1002,500pc Night Market,Puzzles,2,23.32,0.00,pending,7
ORD-003423,27-Oct-2025,CUST-01429,  EMEA ,partner,SKU-1249,Terrain Kit,MINIATURES,2,90.75,0.10,cancelled,7
ORD-002079,2025-11-07 19:33:32,CUST-00365,North America,partner,SKU-1012,Warband Set,Miniatures,1,$97.10,0.00,refunded,3
ORD-000401,2026-03-22 08:26:05,CUST-01580,North America,  online ,SKU-1190,Playmat,Accessories,1,13.62,0.00,refunded,10
ORD-001919,2025-08-03 22:51:17,CUST-01548,LATAM,partner,SKU-1293,1000pc Coastline,Puzzles,8,23.18,0.10,refunded,1
ORD-002436,2025-03-05 07:52:25,CUST-01448,EMEA,online,SKU-1084,Castle Siege,Board Games,5,$48.66,0.00,pending,12
ORD-000498,2026-04-22T00:02:15Z,CUST-01491,EMEA,retail,SKU-1378,1000pc Coastline,  Puzzles ,1,28.20,0.10,pending,5
ORD-001939,06-Jan-2025,CUST-00906,NORTH AMERICA,ONLINE,SKU-1314,Dice Set,Accessories,1,11.36,0.00,cancelled,4
ORD-004678,15-Jun-2025,CUST-01547,APAC,partner,SKU-1151,Season Pass,Digital,1,2.35,0.00,cancelled,9
ORD-004388,05/12/2026,CUST-00938,North America,online,SKU-1228,2000pc Star Chart,Puzzles,1,12.70,0.00,cancelled,13
ORD-000653,02/15/2026,CUST-01407,LATAM,online,SKU-1094,Dice Set,Accessories,3,14.04,0.00,refunded,16
ORD-004599,2025-10-18 01:39:54,CUST-01338,EMEA,retail,SKU-1387,Bundle Case,Trading Cards,4,196.90,0.00,cancelled,6
ORD-003571,2026-02-16 23:25:15,CUST-01727,APAC,online,SKU-1382,Bundle Case,Trading Cards,2,195.54,0.00,cancelled,3
ORD-000640,2025-03-17 08:25:51,CUST-00679,LATAM,wholesale,SKU-1004,Warband Set,MINIATURES,3,55.26,0.00,pending,
ORD-004435,02/16/2025,CUST-01146,LATAM,wholesale,SKU-1359,Trade Winds,Board Games,4,24.66,0.00,completed,12
ORD-003866,2025-03-19 12:08:18,CUST-01340,EMEA,online,SKU-1122,Signal Fire,Board Games,1,77.62,0.25,completed,9
ORD-001977,2025-10-03 13:09:27,CUST-01776,LATAM,wholesale,SKU-1370,Terrain Kit,Miniatures,5,74.56,0.05,refunded,12
ORD-003232,06/20/2025,CUST-01282,North America,partner,SKU-1029,Dungeon Delve,Board Games,3,17.60,0.20,pending,14
ORD-000703,2025-05-24 11:10:43,CUST-00776,emea,online,SKU-1395,Harvest Moon Valley,Board Games,3,67.32,0.00,pending,2
ORD-000515,2026-01-25 04:04:07,CUST-01120,APAC,partner,SKU-1107,Hero Blister,Miniatures,2,98.41,0.20,refunded,5
ORD-001102,2025-04-11 20:15:18,CUST-00039,APAC,partner,SKU-1193,Terrain Kit,Miniatures,4,82.27,0.15,completed,13
ORD-000118,2026-06-18T01:11:43Z,CUST-00115,North America,RETAIL,SKU-1273,Cosmetic Bundle,Digital,1,3.88,0.00,pending,20
ORD-002820,2025-12-02 11:18:53,CUST-00089,North America,wholesale,SKU-1242,Cosmetic Bundle,  Digital ,3,36.76,0.00,pending,7
ORD-001662,2025-07-03 07:48:28,CUST-01366,EMEA,ONLINE,SKU-1170,Terrain Kit,Miniatures,1,133.90,0.10,pending,19
ORD-003320,24-Apr-2025,CUST-01008,LATAM,retail,SKU-1183,Expansion Key,Digital,3,15.21,0.00,cancelled,7
ORD-003181,08/20/2025,CUST-00344,LATAM,retail,SKU-1252,1000pc Coastline,Puzzles,1,13.29,0.00,pending,15
ORD-003741,2026-03-07 10:12:40,CUST-01282,EMEA,wholesale,SKU-1259,Hero Blister,Miniatures,1,51.40,0.00,completed,13
ORD-002292,2026-04-23 17:44:42,CUST-01632,North America,wholesale,SKU-1298,Promo Tin,trading cards,3,110.71,0.00,refunded,20
ORD-001879,01/04/2026,CUST-00227,North America,online,SKU-1006,Terrain Kit,Miniatures,2,49.62,0.00,pending,19
ORD-004752,12/25/2025,CUST-01175,NORTH AMERICA,online,SKU-1395,Card Sleeves,Accessories,8,33.57,0.00,cancelled,3
ORD-003130,30-Oct-2025,CUST-00367,LATAM,partner,SKU-1279,Expansion Key,Digital,1,42.83,0.05,completed,1
ORD-002149,2025-08-26 03:44:03,CUST-01377,EMEA,wholesale,SKU-1048,Collector Box,Trading Cards,5,69.02,0.00,cancelled,12
ORD-002184,31-Oct-2025,CUST-00207,LATAM,retail,SKU-1335,1000pc Coastline,Puzzles,8,$30.40,0.25,refunded,20
ORD-000299,02/13/2026,CUST-00143,North America,partner,SKU-1268,Dice Set,ACCESSORIES,8,19.02,0.00,refunded,13
ORD-004014,2026-01-12 02:38:30,CUST-01253,North America,ONLINE,SKU-1365,Bundle Case,Trading Cards,1,246.12,0.00,cancelled,12
ORD-002473,2025-12-31 19:58:05,CUST-01137,APAC,online,SKU-1213,Trade Winds,Board Games,1,55.93,0.00,pending,6
ORD-002472,2026-05-21 19:06:46,CUST-01237,North America,ONLINE,SKU-1106,Expansion Key,Digital,2,23.81,0.10,cancelled,3
ORD-002753,06/13/2026,CUST-01248,North America,online,SKU-1218,2000pc Star Chart,Puzzles,1,29.93,0.00,refunded,13
ORD-004995,05/06/2025,CUST-01288,LATAM,partner,SKU-1278,Cosmetic Bundle,Digital,2,31.23,0.00,completed,8
ORD-000281,2025-09-09 00:06:03,CUST-01065,North America,retail,SKU-1214,Paint Set,Miniatures,1,41.30,0.00,completed,12
ORD-000512,2025-06-20 08:43:38,CUST-01580,LATAM,wholesale,SKU-1353,Hero Blister,  Miniatures ,1,33.83,0.25,pending,3
ORD-000243,2025-06-24 23:00:28,CUST-01621,North America,wholesale,SKU-1399,Cosmetic Bundle,Digital,8,12.50,0.00,cancelled,16
ORD-001603,24-Apr-2026,CUST-01384,LATAM,online,SKU-1313,Warband Set,Miniatures,-3,100.41,0.00,pending,6
ORD-002284,2025-08-31 05:03:15,CUST-00631,LATAM,online,SKU-1273,Harvest Moon Valley,BOARD GAMES,2,71.95,0.00,pending,16
ORD-000939,2025-12-16T10:54:36Z,CUST-01436,LATAM,retail,SKU-1147,Booster Pack,Trading Cards,5,225.55,0.15,refunded,3
ORD-002427,2025-03-16T02:18:23Z,CUST-00407,APAC,partner,SKU-1295,Paint Set,  Miniatures ,1,37.61,0.15,pending,18
ORD-001676,18-Nov-2025,CUST-00440,APAC,partner,SKU-1072,Castle Siege,  Board Games ,5,70.29,0.00,refunded,21
ORD-002803,02/10/2025,CUST-01175,North America,partner,SKU-1055,1000pc Coastline,PUZZLES,1,34.76,0.00,cancelled,4
ORD-002370,03/06/2026,CUST-01701,APAC,online,SKU-1199,Harvest Moon Valley,  Board Games ,5,67.34,0.00,completed,16
ORD-004298,2025-08-28 22:59:09,CUST-00871,EMEA,retail,SKU-1397,Castle Siege,Board Games,2,37.82,0.00,cancelled,17
ORD-004063,05/02/2025,CUST-00032,APAC,wholesale,SKU-1125,1000pc Coastline,  Puzzles ,12,17.61,0.00,pending,7
ORD-004160,2026-03-05 13:01:35,CUST-01347,NORTH AMERICA,retail,SKU-1329,Terrain Kit,Miniatures,2,127.89,0.25,pending,15
ORD-002369,02/19/2026,CUST-01053,EMEA,retail,SKU-1096,Harvest Moon Valley,Board Games,3,26.58,0.25,completed,5
ORD-001935,2025-02-13 05:21:01,CUST-01126,EMEA,online,SKU-1071,Warband Set,Miniatures,3,129.38,0.15,cancelled,14
ORD-000141,08/31/2025,CUST-00122,APAC,online,SKU-1224,500pc Night Market,Puzzles,1,32.65,0.00,cancelled,21
ORD-004418,17-May-2025,CUST-01610,North America,partner,SKU-1297,500pc Night Market,Puzzles,3,22.31,0.05,pending,4
ORD-004187,29-Jan-2026,CUST-00422,north america,retail,SKU-1141,Expansion Key,  Digital ,1,33.32,0.00,pending,15
ORD-001836,2025-06-29 14:07:18,CUST-00874,NORTH AMERICA,retail,SKU-1316,Warband Set,Miniatures,2,38.19,0.00,cancelled,15
ORD-001305,01/29/2025,CUST-00500,  LATAM ,partner,SKU-1016,Terrain Kit,Miniatures,5,65.12,0.00,pending,14
ORD-004184,07/19/2025,CUST-01340,North America,retail,SKU-1376,Card Sleeves,Accessories,1,22.64,0.00,pending,19
ORD-001850,2025-12-27 18:36:16,CUST-00357,APAC,wholesale,SKU-1205,Cosmetic Bundle,Digital,12,34.16,0.00,refunded,9
ORD-003041,2025-08-31T20:37:12Z,CUST-01031,APAC,online,SKU-1153,Trade Winds,Board Games,8,55.53,0.00,cancelled,14
ORD-000071,16-Apr-2026,CUST-00117,EMEA,wholesale,SKU-1368,2000pc Star Chart,Puzzles,1,13.02,0.00,cancelled,19
ORD-004035,2025-02-25 10:43:50,CUST-00381,LATAM,wholesale,SKU-1310,Playmat,accessories,1,22.67,0.00,completed,10
ORD-004788,2025-05-13 20:41:44,CUST-01704,EMEA,WHOLESALE,SKU-1296,Promo Tin,Trading Cards,2,$45.18,0.00,pending,1
ORD-002997,2026-06-08 07:46:50,CUST-00763,North America,partner,SKU-1046,Warband Set,Miniatures,12,61.88,0.15,cancelled,14
ORD-003724,2026-03-22 09:28:01,CUST-00416,LATAM,online,SKU-1012,2000pc Star Chart,puzzles,1,20.82,0.00,completed,12
ORD-000677,2025-03-18 05:17:19,CUST-00267,APAC,wholesale,SKU-1304,Terrain Kit,  Miniatures ,3,25.31,0.00,completed,20
ORD-004090,2025-10-06 10:27:23,CUST-00011,APAC,retail,SKU-1337,Collector Box,Trading Cards,2,168.19,0.00,pending,3
ORD-000234,2026-02-01 13:00:15,CUST-01060,LATAM,partner,SKU-1305,Expansion Key,Digital,2,22.00,0.00,refunded,15
ORD-004729,2025-07-21 22:31:25,CUST-01269,North America,retail,SKU-1030,Playmat,Accessories,1,18.84,0.00,refunded,15
ORD-001083,04/08/2025,CUST-01179,APAC,wholesale,SKU-1212,Cosmetic Bundle,Digital,1,48.35,0.05,pending,21
ORD-000268,2025-12-09 10:14:16,CUST-00494,EMEA,retail,SKU-1375,Castle Siege,Board Games,1,68.97,0.00,refunded,1
ORD-000195,2025-10-15 11:53:00,CUST-00970,LATAM,  retail ,SKU-1138,Trade Winds,  Board Games ,2,64.26,0.10,refunded,5
ORD-000164,2026-04-03 16:54:05,CUST-01022,North America,partner,SKU-1381,Paint Set,Miniatures,2,53.21,0.00,completed,20
ORD-001286,04/16/2025,CUST-00635,North America,wholesale,SKU-1296,Trade Winds,Board Games,4,44.14,0.00,completed,4
ORD-002743,07-Nov-2025,CUST-00402,LATAM,retail,SKU-1008,Expansion Key,Digital,1,12.96,0.00,cancelled,18
ORD-002831,2026-02-23 22:24:03,CUST-01736,APAC,online,SKU-1083,Warband Set,Miniatures,1,72.87,0.00,pending,16
ORD-001158,2025-06-02 11:43:40,CUST-01610,North America,WHOLESALE,SKU-1347,500pc Night Market,Puzzles,1,12.13,0.05,pending,3
ORD-001032,2025-06-21 03:28:14,CUST-01199,APAC,retail,SKU-1223,Harvest Moon Valley,Board Games,3,54.76,0.15,completed,20
ORD-001671,2025-04-14 06:01:42,CUST-00655,APAC,partner,SKU-1346,Hero Blister,Miniatures,4,135.87,0.00,pending,17
ORD-001224,04-Mar-2025,CUST-01797,North America,retail,SKU-1052,Trade Winds,Board Games,3,43.23,0.00,pending,19
ORD-002469,2025-10-25 00:39:49,CUST-00966,LATAM,online,SKU-1369,Season Pass,Digital,1,38.88,0.00,refunded,2
ORD-002302,05/08/2025,CUST-00603,LATAM,retail,SKU-1234,Signal Fire,Board Games,1,26.20,0.00,refunded,3
ORD-003199,09/20/2025,CUST-01323,LATAM,online,SKU-1108,Expansion Key,Digital,1,$40.10,0.05,pending,19
ORD-000092,06/19/2026,CUST-01565,  APAC ,wholesale,SKU-1127,Bundle Case,trading cards,3,$219.54,0.25,pending,17
ORD-000033,2026-01-09 20:31:39,CUST-01768,EMEA,RETAIL,SKU-1118,Starter Deck,trading cards,1,74.45,0.00,completed,8
ORD-002620,2025-10-19 21:40:38,CUST-01343,APAC,partner,SKU-1395,Playmat,Accessories,12,18.11,0.00,completed,7
ORD-003841,2026-03-15 13:10:36,CUST-01073,LATAM,partner,SKU-1030,2000pc Star Chart,puzzles,-4,27.88,0.00,cancelled,2
ORD-001781,2026-04-05 00:46:53,CUST-01196,EMEA,wholesale,SKU-1333,Dungeon Delve,Board Games,3,44.96,0.00,completed,10
ORD-000787,2026-02-25 23:32:15,CUST-00555,LATAM,wholesale,SKU-1241,Playmat,Accessories,4,28.69,0.10,cancelled,16
ORD-001036,2025-05-29 06:00:43,CUST-00807,  LATAM ,wholesale,SKU-1256,500pc Night Market,Puzzles,1,28.02,0.20,refunded,21
ORD-001386,2025-03-08 18:28:09,CUST-00165,APAC,online,SKU-1369,1000pc Coastline,Puzzles,3,21.89,0.15,refunded,1
ORD-002176,2025-03-08 01:35:33,CUST-01371,North America,online,SKU-1230,Starter Deck,Trading Cards,2,105.70,0.00,cancelled,6
ORD-000995,2025-07-02 05:29:27,CUST-01639,LATAM,wholesale,SKU-1252,Season Pass,Digital,1,2.26,0.00,refunded,5
ORD-002223,2025-09-06 15:03:07,CUST-01289,north america,wholesale,SKU-1331,Warband Set,Miniatures,2,30.31,0.00,cancelled,3
ORD-000690,05/10/2025,CUST-00044,APAC,ONLINE,SKU-1032,Hero Blister,Miniatures,2,112.54,0.25,completed,8
ORD-002226,2025-04-16T05:44:14Z,CUST-01265,North America,partner,SKU-1381,Dice Set,Accessories,2,$11.81,0.00,refunded,5
ORD-004247,2025-10-23 11:41:39,CUST-01188,,  partner ,SKU-1151,Playmat,Accessories,2,15.97,0.05,refunded,2
ORD-000323,13-Jan-2026,CUST-00213,LATAM,online,SKU-1279,Signal Fire,Board Games,2,64.43,0.00,pending,3
ORD-003819,2025-05-23 09:16:21,CUST-01342,LATAM,wholesale,SKU-1056,Expansion Key,Digital,3,36.82,0.00,pending,19
ORD-003691,04-Jun-2025,CUST-00450,APAC,partner,SKU-1063,Hero Blister,Miniatures,1,92.36,0.00,refunded,12
ORD-000415,2026-01-11 11:45:37,CUST-00404,North America,retail,SKU-1393,Starter Deck,Trading Cards,8,113.35,0.10,refunded,7
ORD-004700,22-Dec-2025,CUST-00298,APAC,retail,SKU-1389,Signal Fire,Board Games,2,21.73,0.00,cancelled,4
ORD-000823,03/01/2025,CUST-00433,North America,retail,SKU-1202,1000pc Coastline,Puzzles,3,20.64,0.00,cancelled,13
ORD-001222,03/17/2025,CUST-01333,EMEA,partner,SKU-1024,Card Sleeves,ACCESSORIES,1,18.89,0.05,cancelled,8
ORD-004021,20-Dec-2025,CUST-00963,LATAM,online,SKU-1048,Castle Siege,board games,3,53.63,0.00,pending,4
ORD-001602,2026-02-07 07:50:20,CUST-01052,  LATAM ,  online ,SKU-1169,Promo Tin,Trading Cards,1,195.12,0.00,completed,18
ORD-000659,2026-01-21 16:42:45,CUST-01150,North America,partner,SKU-1257,Warband Set,Miniatures,4,127.41,0.00,cancelled,13
ORD-001275,2025-02-01 04:46:03,CUST-00433,EMEA,wholesale,SKU-1399,Booster Pack,Trading Cards,3,96.54,0.00,completed,4
ORD-004673,20-Aug-2025,CUST-01478,North America,online,SKU-1084,Starter Deck,Trading Cards,2,166.87,0.00,pending,15
ORD-002698,28-Apr-2026,CUST-01441,EMEA,partner,SKU-1156,Warband Set,Miniatures,2,62.77,0.00,pending,2
ORD-000143,2026-03-25 08:40:53,CUST-00182,EMEA,retail,SKU-1251,500pc Night Market,Puzzles,2,22.12,0.00,cancelled,6
ORD-000052,20-Apr-2025,CUST-01642,EMEA,online,SKU-1100,Cosmetic Bundle,DIGITAL,1,8.79,0.00,cancelled,9
ORD-003229,10/03/2025,CUST-00250,APAC,wholesale,SKU-1160,Terrain Kit,MINIATURES,1,143.47,0.00,completed,2
ORD-002542,2026-04-11 04:05:42,CUST-01665,LATAM,retail,SKU-1151,Castle Siege,Board Games,1,77.62,0.00,cancelled,5
ORD-003352,13-Apr-2026,CUST-00405,LATAM,retail,SKU-1184,Dungeon Delve,Board Games,1,75.59,0.00,cancelled,12
ORD-003309,26-Apr-2026,CUST-00003,latam,wholesale,SKU-1046,Playmat,Accessories,3,22.39,0.00,pending,8
ORD-004265,2026-04-16 10:30:34,CUST-00833,EMEA,wholesale,SKU-1288,Expansion Key,Digital,2,46.03,0.00,pending,19
ORD-003862,2025-07-23T17:23:46Z,CUST-01121,APAC,wholesale,SKU-1399,Promo Tin,Trading Cards,1,235.07,0.00,refunded,1
ORD-000145,10/23/2025,CUST-00667,APAC,partner,SKU-1348,Castle Siege,Board Games,-2,75.39,0.00,completed,5
ORD-004393,12-Feb-2026,CUST-01466,LATAM,WHOLESALE,SKU-1397,Harvest Moon Valley,BOARD GAMES,1,76.68,0.00,pending,4
ORD-001608,06-Jul-2025,CUST-00970,APAC,online,SKU-1072,Warband Set,  Miniatures ,2,50.15,0.00,completed,16
ORD-003519,2026-03-01 14:38:55,CUST-00298,EMEA,online,SKU-1177,Season Pass,Digital,-4,42.97,0.00,refunded,21
ORD-003525,24-Mar-2025,CUST-01646,north america,partner,SKU-1304,Paint Set,Miniatures,1,27.48,0.00,completed,21
ORD-001622,11/20/2025,CUST-01407,APAC,partner,SKU-1027,Cosmetic Bundle,Digital,1,6.73,0.00,pending,14
ORD-004910,2026-05-23 00:52:19,CUST-01385,EMEA,online,SKU-1365,500pc Night Market,  Puzzles ,1,19.88,0.25,refunded,2
ORD-004045,2026-02-18 04:25:31,CUST-01790,APAC,online,SKU-1257,500pc Night Market,Puzzles,12,14.60,0.00,completed,2
ORD-004221,02/18/2026,CUST-01250,LATAM,PARTNER,SKU-1301,Harvest Moon Valley,Board Games,1,47.13,0.00,completed,3
ORD-001236,2026-04-09 13:49:23,CUST-00173,LATAM,wholesale,SKU-1372,1000pc Coastline,Puzzles,2,25.50,0.00,completed,1
ORD-002564,2025-06-14T15:53:05Z,CUST-00798,LATAM,retail,SKU-1353,Warband Set,MINIATURES,4,52.95,0.00,refunded,1
ORD-003283,04-Feb-2026,CUST-00532,LATAM,online,SKU-1115,Starter Deck,Trading Cards,4,$144.59,0.00,refunded,18
ORD-004030,2026-05-02 22:10:30,CUST-01197,APAC,wholesale,SKU-1141,Expansion Key,Digital,4,59.23,0.00,completed,9
ORD-001170,2026-04-13 07:45:12,CUST-00835,EMEA,  online ,SKU-1308,500pc Night Market,puzzles,5,25.20,0.00,pending,7
ORD-001044,05/15/2025,CUST-00426,LATAM,wholesale,SKU-1366,Booster Pack,Trading Cards,1,206.80,0.00,completed,4
ORD-004194,2025-04-15 08:28:35,CUST-00526,EMEA,wholesale,SKU-1400,Collector Box,Trading Cards,1,29.24,0.00,cancelled,21
ORD-001405,29-Sep-2025,CUST-00047,North America,wholesale,SKU-1328,Dice Set,Accessories,1,16.84,0.15,refunded,13
ORD-002329,2025-10-09 18:48:49,CUST-00638,North America,wholesale,SKU-1300,Hero Blister,Miniatures,2,68.21,0.00,refunded,3
ORD-004802,2026-01-29 01:59:20,,North America,partner,SKU-1247,1000pc Coastline,Puzzles,3,29.33,0.10,cancelled,21
ORD-000074,12-Jan-2025,CUST-00620,EMEA,online,SKU-1038,Castle Siege,Board Games,5,19.00,0.00,refunded,1
ORD-004252,12/02/2025,CUST-00144,LATAM,partner,SKU-1062,Collector Box,TRADING CARDS,2,67.52,0.00,completed,15
ORD-002081,09/20/2025,CUST-01620,APAC,wholesale,SKU-1096,Terrain Kit,  Miniatures ,1,41.02,0.00,pending,17
ORD-003471,05/06/2025,CUST-00028,  APAC ,retail,SKU-1015,Collector Box,Trading Cards,5,240.43,0.00,completed,12
ORD-000133,2025-10-07 00:57:32,CUST-00137,EMEA,ONLINE,SKU-1381,Hero Blister,  Miniatures ,1,50.88,0.00,pending,1
ORD-003292,31-Oct-2025,CUST-00012,  North America ,retail,SKU-1192,Card Sleeves,accessories,1,29.67,0.00,pending,6
ORD-001091,11-Jun-2025,CUST-00716,EMEA,online,SKU-1374,Card Sleeves,  Accessories ,1,$19.31,0.00,completed,7
ORD-003286,2025-11-25 10:26:17,CUST-00914,LATAM,wholesale,SKU-1165,Starter Deck,Trading Cards,1,248.39,0.20,completed,17
ORD-000790,2025-10-24 06:10:39,CUST-01120,APAC,online,SKU-1191,Hero Blister,Miniatures,2,96.16,0.00,refunded,10
ORD-003129,06/11/2025,CUST-01294,LATAM,  wholesale ,SKU-1305,Cosmetic Bundle,Digital,3,19.45,0.00,pending,16
ORD-003488,03-Jan-2026,CUST-01446,EMEA,online,SKU-1077,Season Pass,Digital,4,47.63,0.15,refunded,14
ORD-001948,2025-02-26 02:11:55,CUST-01542,emea,retail,SKU-1235,2000pc Star Chart,Puzzles,4,25.84,0.05,cancelled,21
ORD-002781,2025-05-13 19:31:10,CUST-00298,EMEA,PARTNER,SKU-1199,Castle Siege,Board Games,1,71.44,0.20,cancelled,3
ORD-000443,02/24/2025,CUST-00426,APAC,RETAIL,SKU-1129,Card Sleeves,Accessories,2,23.74,0.00,cancelled,6
ORD-004744,13-Apr-2026,CUST-00808,North America,online,SKU-1294,Card Sleeves,Accessories,4,7.62,0.00,completed,6
ORD-002059,2025-11-17T13:55:27Z,CUST-00544,APAC,online,SKU-1070,Starter Deck,  Trading Cards ,1,30.00,0.05,refunded,3
ORD-004070,2025-11-08 00:24:50,CUST-00547,  LATAM ,retail,SKU-1007,Trade Winds,Board Games,1,49.30,0.00,pending,17
ORD-003446,2026-02-28 08:04:38,CUST-01183,EMEA,partner,SKU-1373,500pc Night Market,Puzzles,1,21.58,0.15,refunded,17
ORD-001334,28-Jun-2026,CUST-00607,LATAM,retail,SKU-1334,Hero Blister,Miniatures,8,106.80,0.05,pending,10
ORD-002267,2026-06-23 15:10:49,CUST-01780,North America,partner,SKU-1386,Deck Box,Accessories,3,35.93,0.00,completed,20
ORD-004520,2025-10-26 07:57:56,CUST-00250,LATAM,partner,SKU-1351,Terrain Kit,Miniatures,1,41.86,0.00,pending,15
ORD-000674,2025-06-17 01:47:58,CUST-00494,APAC,partner,SKU-1058,Dungeon Delve,Board Games,2,71.78,0.15,refunded,20
ORD-004406,2026-04-05 12:43:54,CUST-00963,North America,wholesale,SKU-1104,Expansion Key,Digital,-2,59.01,0.00,cancelled,10
ORD-000917,02/17/2026,CUST-00058,EMEA,retail,SKU-1046,Starter Deck,Trading Cards,1,122.40,0.00,pending,19
ORD-003965,2025-03-16 03:25:30,CUST-00356,LATAM,  wholesale ,SKU-1345,Hero Blister,Miniatures,2,68.88,0.20,refunded,12
ORD-002898,2025-06-19 01:30:19,CUST-00560,APAC,wholesale,SKU-1074,Signal Fire,  Board Games ,1,67.37,0.05,cancelled,8
ORD-000710,2025-11-14 20:02:47,CUST-01688,North America,  retail ,SKU-1225,Warband Set,Miniatures,4,39.83,0.00,cancelled,2
ORD-003660,01/11/2025,CUST-00103,APAC,retail,SKU-1115,Bundle Case,Trading Cards,2,241.70,0.20,pending,
ORD-003098,2025-07-03 11:42:22,CUST-00934,APAC,partner,SKU-1320,Promo Tin,Trading Cards,8,13.96,0.00,refunded,10
ORD-000815,03/31/2026,CUST-01426,LATAM,online,SKU-1137,Season Pass,Digital,5,24.29,0.00,refunded,17
ORD-004716,2025-08-22 00:02:59,CUST-01575,  North America ,  retail ,SKU-1138,Playmat,ACCESSORIES,1,12.09,0.00,cancelled,12
ORD-000320,2026-05-15 11:12:19,CUST-00003,APAC,retail,SKU-1137,Expansion Key,Digital,2,50.73,0.00,completed,1
ORD-002452,2025-12-30 21:56:00,CUST-01276,North America,partner,SKU-1105,Cosmetic Bundle,digital,1,27.51,0.00,completed,9
ORD-001320,2025-07-03 19:25:04,CUST-00390,North America,WHOLESALE,SKU-1013,500pc Night Market,PUZZLES,1,29.47,0.10,cancelled,12
ORD-003585,2025-03-19 08:13:56,CUST-00811,,online,SKU-1365,Expansion Key,Digital,2,4.45,0.00,refunded,5
ORD-004019,2025-06-20 14:46:01,CUST-00781,EMEA,retail,SKU-1124,Booster Pack,Trading Cards,8,207.59,0.10,refunded,17
ORD-003485,2025-03-01T18:38:47Z,CUST-01672,APAC,ONLINE,SKU-1377,Season Pass,Digital,1,3.02,0.00,cancelled,15
ORD-000001,07/09/2025,CUST-00363,North America,wholesale,SKU-1242,Signal Fire,Board Games,2,72.91,0.00,cancelled,19
ORD-003035,2026-01-27 22:11:37,,north america,partner,SKU-1338,Season Pass,Digital,3,4.42,0.05,refunded,11
ORD-000973,29-Aug-2025,CUST-00381,North America,retail,SKU-1160,2000pc Star Chart,Puzzles,1,31.26,0.00,cancelled,6
ORD-003222,01/17/2025,CUST-01799,EMEA,partner,SKU-1136,Expansion Key,Digital,5,46.43,0.00,cancelled,21
ORD-001265,2026-02-03 12:33:35,CUST-01473,APAC,retail,SKU-1192,500pc Night Market,PUZZLES,2,13.38,0.00,cancelled,18
ORD-003536,2025-08-31 10:40:17,CUST-00279,EMEA,online,SKU-1067,Paint Set,Miniatures,2,113.36,0.00,cancelled,2
ORD-000596,2025-02-19 06:45:26,CUST-01605,EMEA,retail,SKU-1117,Playmat,Accessories,4,15.34,0.00,cancelled,7
ORD-004377,2025-08-03 01:17:59,CUST-01555,LATAM,online,SKU-1170,2000pc Star Chart,Puzzles,1,11.54,0.00,pending,14
ORD-000167,2025-05-01 00:15:15,CUST-00216,EMEA,partner,SKU-1331,1000pc Coastline,Puzzles,1,22.79,0.00,completed,14
ORD-003542,2025-09-18 08:24:52,CUST-01001,APAC,RETAIL,SKU-1259,Paint Set,Miniatures,1,141.70,0.15,pending,13
ORD-001418,2025-11-18 03:51:48,CUST-00373,APAC,partner,SKU-1104,Promo Tin,trading cards,4,242.50,0.00,cancelled,11
ORD-004481,2025-03-06 17:19:11,CUST-00100,APAC,ONLINE,SKU-1361,Bundle Case,Trading Cards,1,53.11,0.05,refunded,2
ORD-004146,2025-02-13 20:52:33,CUST-01200,North America,partner,SKU-1371,Booster Pack,Trading Cards,1,154.69,0.15,cancelled,11
ORD-004072,03/26/2026,CUST-01751,North America,partner,SKU-1290,Bundle Case,Trading Cards,1,184.83,0.00,refunded,19
ORD-001999,06/15/2026,,APAC,retail,SKU-1177,Cosmetic Bundle,DIGITAL,1,44.02,0.00,refunded,1
ORD-001208,27-Nov-2025,CUST-01287,North America,retail,SKU-1076,Paint Set,Miniatures,5,32.29,0.00,completed,12
ORD-003351,2025-01-29 17:42:20,CUST-01742,North America,WHOLESALE,SKU-1153,Deck Box,Accessories,1,$39.83,0.00,pending,13
ORD-003479,10/30/2025,CUST-01452,north america,retail,SKU-1287,Bundle Case,trading cards,1,160.62,0.25,cancelled,16
ORD-004229,03-Aug-2025,CUST-01087,North America,RETAIL,SKU-1037,Bundle Case,Trading Cards,4,18.38,0.00,completed,9
ORD-001079,03/06/2025,CUST-01194,LATAM,partner,SKU-1284,Starter Deck,Trading Cards,3,140.54,0.00,cancelled,6
ORD-003725,27-Aug-2025,CUST-00109,APAC,online,SKU-1151,Expansion Key,Digital,12,$22.47,0.15,pending,10
ORD-002212,2025-10-10 06:24:38,CUST-01561,LATAM,partner,SKU-1017,Playmat,Accessories,4,21.66,0.00,pending,10
ORD-003605,06/29/2025,CUST-01369,LATAM,online,SKU-1366,Collector Box,Trading Cards,2,93.18,0.25,completed,13
ORD-000684,2026-01-26 18:51:37,CUST-01580,NORTH AMERICA,wholesale,SKU-1378,Playmat,Accessories,1,22.70,0.05,cancelled,2
ORD-004239,04/12/2025,CUST-00039,EMEA,retail,SKU-1130,500pc Night Market,PUZZLES,12,28.01,0.15,cancelled,4
ORD-004332,21-Oct-2025,CUST-01191,APAC,partner,SKU-1201,500pc Night Market,PUZZLES,2,33.53,0.10,cancelled,9
ORD-001476,2025-07-06 06:53:58,CUST-00475,latam,partner,SKU-1139,Harvest Moon Valley,Board Games,3,$18.21,0.00,cancelled,11
ORD-003327,2025-11-14 07:54:36,CUST-00640,EMEA,online,SKU-1245,Season Pass,Digital,1,47.21,0.00,completed,17
ORD-000265,06/24/2025,CUST-00987,apac,online,SKU-1195,Season Pass,Digital,1,53.65,0.00,completed,8
ORD-001199,01/02/2026,CUST-00692,APAC,online,SKU-1133,Expansion Key,Digital,1,32.78,0.00,refunded,9
ORD-001135,12-Apr-2026,CUST-00513,APAC,retail,SKU-1380,Paint Set,miniatures,4,90.33,0.15,refunded,1
ORD-003033,15-Feb-2026,CUST-00900,EMEA,online,SKU-1340,Collector Box,Trading Cards,1,47.91,0.00,refunded,9
ORD-000273,2025-06-26 20:02:29,CUST-00932,North America,wholesale,SKU-1063,Dungeon Delve,Board Games,1,34.73,0.00,refunded,14
ORD-004740,02/15/2026,CUST-01730,APAC,online,SKU-1328,Expansion Key,digital,1,$23.49,0.00,refunded,3
ORD-001457,06/10/2025,CUST-01020,EMEA,online,SKU-1159,500pc Night Market,Puzzles,1,32.78,0.00,cancelled,7
ORD-001744,2025-04-30 23:11:10,CUST-00834,LATAM,WHOLESALE,SKU-1327,Trade Winds,Board Games,1,75.56,0.00,refunded,20
ORD-004485,2025-08-01 10:37:03,CUST-00825,LATAM,partner,SKU-1045,Hero Blister,Miniatures,1,49.10,0.00,completed,17
ORD-004701,10/23/2025,CUST-00952,EMEA,partner,SKU-1282,Warband Set,Miniatures,1,103.25,0.00,pending,5
ORD-003176,04/23/2026,CUST-01008,APAC,partner,SKU-1187,Trade Winds,  Board Games ,3,17.30,0.00,pending,17
ORD-004048,08/26/2025,CUST-01688,EMEA,online,SKU-1035,Cosmetic Bundle,Digital,2,9.21,0.00,refunded,16
ORD-001096,2026-02-06 03:46:39,CUST-01525,North America,wholesale,SKU-1345,Promo Tin,Trading Cards,1,172.77,0.20,refunded,11
ORD-000170,2025-11-27 04:28:10,CUST-01167,North America,partner,SKU-1020,2000pc Star Chart,Puzzles,2,15.47,0.00,refunded,19
ORD-003679,2025-09-21 14:17:52,CUST-00500,APAC,wholesale,SKU-1333,1000pc Coastline,  Puzzles ,1,31.68,0.05,completed,1
ORD-003149,2025-01-07T16:05:24Z,CUST-01298,  APAC ,wholesale,SKU-1052,500pc Night Market,Puzzles,1,27.95,0.25,pending,7
ORD-001607,2025-05-25 21:03:31,CUST-00524,north america,  online ,SKU-1309,Castle Siege,Board Games,1,69.59,0.00,completed,19
ORD-000395,09/29/2025,CUST-00889,APAC,  retail ,SKU-1220,Warband Set,MINIATURES,8,60.43,0.00,refunded,15
ORD-003583,06/16/2025,CUST-00466,LATAM,retail,SKU-1388,Trade Winds,Board Games,1,45.98,0.25,completed,15
ORD-004097,2026-02-21 05:05:13,CUST-01558,LATAM,partner,SKU-1310,500pc Night Market,Puzzles,2,34.08,0.00,cancelled,18
ORD-002551,02/25/2026,CUST-00863,EMEA,online,SKU-1275,Paint Set,  Miniatures ,1,35.40,0.00,completed,18
ORD-002454,22-Feb-2025,CUST-01428,LATAM,online,SKU-1273,1000pc Coastline,Puzzles,1,12.09,0.00,completed,14
ORD-003295,2026-06-02 17:25:19,CUST-00730,NORTH AMERICA,wholesale,SKU-1230,Expansion Key,Digital,1,17.97,0.00,pending,6
ORD-003835,2025-06-05 17:52:43,CUST-01509,North America,online,SKU-1208,Signal Fire,  Board Games ,3,43.01,0.00,refunded,2
ORD-004264,10/03/2025,CUST-01606,  EMEA ,wholesale,SKU-1381,Promo Tin,Trading Cards,-1,221.88,0.00,pending,8
ORD-003089,2026-04-29 13:57:41,CUST-01638,latam,partner,SKU-1257,Dice Set,  Accessories ,3,23.05,0.00,refunded,11
ORD-001448,2025-02-10 14:39:15,CUST-01313,LATAM,online,SKU-1105,1000pc Coastline,Puzzles,1,$30.17,0.15,completed,2
ORD-004966,2025-01-21 17:48:06,CUST-01107,LATAM,wholesale,SKU-1041,Dungeon Delve,board games,2,17.71,0.10,refunded,18
ORD-004949,2026-02-05 12:47:16,CUST-00207,APAC,wholesale,SKU-1077,Expansion Key,Digital,5,4.46,0.10,completed,19
ORD-003277,01/18/2025,CUST-01425,  APAC ,ONLINE,SKU-1390,2000pc Star Chart,Puzzles,1,31.40,0.05,pending,1
ORD-003090,2026-06-13 21:03:09,CUST-00856,North America,ONLINE,SKU-1038,Playmat,accessories,1,15.61,0.00,pending,8
ORD-003418,04/20/2025,CUST-01114,EMEA,RETAIL,SKU-1106,Deck Box,Accessories,2,29.71,0.00,pending,12
ORD-002873,05/01/2025,CUST-00223,emea,PARTNER,SKU-1243,Dungeon Delve,Board Games,1,$50.76,0.00,completed,15
ORD-001366,2025-08-14 05:25:01,CUST-00982,EMEA,  online ,SKU-1095,Expansion Key,digital,5,4.34,0.00,cancelled,20
ORD-004027,2025-04-29T18:09:31Z,CUST-00550,EMEA,online,SKU-1389,Paint Set,MINIATURES,3,91.58,0.00,pending,13
ORD-000104,2026-05-07T04:42:33Z,CUST-00170,North America,partner,SKU-1168,Promo Tin,Trading Cards,4,135.81,0.00,cancelled,6
ORD-002849,2025-10-28 20:21:02,CUST-00879,EMEA,retail,SKU-1273,Cosmetic Bundle,Digital,2,54.40,0.00,pending,9
ORD-004029,05/11/2026,CUST-00495,LATAM,partner,SKU-1189,Hero Blister,Miniatures,5,121.85,0.20,pending,21
ORD-000928,2025-10-27 17:24:08,CUST-00156,LATAM,retail,SKU-1265,Paint Set,miniatures,1,140.62,0.00,pending,2
ORD-003509,2025-10-09 20:55:01,CUST-00126,North America,  partner ,SKU-1212,Collector Box,trading cards,2,234.57,0.20,refunded,8
ORD-001961,2025-07-22 15:39:57,CUST-00954,APAC,wholesale,SKU-1306,Starter Deck,TRADING CARDS,2,182.90,0.00,cancelled,10
ORD-004222,2026-01-08 16:38:40,CUST-01440,EMEA,  online ,SKU-1174,Terrain Kit,Miniatures,1,60.54,0.00,cancelled,13
ORD-001972,2025-07-27 17:41:24,CUST-00789,APAC,wholesale,SKU-1171,500pc Night Market,Puzzles,3,20.34,0.25,completed,8
ORD-000625,2025-10-27 13:10:13,CUST-01108,LATAM,wholesale,SKU-1337,Paint Set,Miniatures,2,54.87,0.00,cancelled,1
ORD-004946,2025-05-26 10:21:41,CUST-00299,emea,online,SKU-1147,Starter Deck,Trading Cards,2,169.97,0.10,refunded,17
ORD-002824,2025-07-11 15:17:53,CUST-00831,EMEA,retail,SKU-1341,Cosmetic Bundle,Digital,5,$52.10,0.00,pending,6
ORD-002644,2025-02-28 12:53:51,CUST-01330,North America,partner,SKU-1202,Promo Tin,Trading Cards,1,240.04,0.00,cancelled,12
ORD-000875,10/24/2025,CUST-01443,APAC,retail,SKU-1321,500pc Night Market,Puzzles,5,32.41,0.05,refunded,9
ORD-000827,2026-01-23 12:34:32,CUST-00801,North America,ONLINE,SKU-1367,Terrain Kit,Miniatures,3,124.87,0.00,completed,6
ORD-000003,10/02/2025,CUST-01065,North America,online,SKU-1034,Cosmetic Bundle,Digital,5,59.34,0.00,cancelled,8
ORD-000709,01-Jun-2025,CUST-01686,APAC,partner,SKU-1198,Trade Winds,Board Games,2,16.97,0.20,pending,7
ORD-000470,2025-07-29 10:27:25,CUST-01321,LATAM,wholesale,SKU-1377,Playmat,Accessories,1,$23.72,0.00,completed,9
ORD-001643,01/01/2025,CUST-01188,LATAM,partner,SKU-1325,Season Pass,DIGITAL,1,18.87,0.00,completed,15
ORD-003218,11/18/2025,CUST-01633,EMEA,wholesale,SKU-1212,Starter Deck,Trading Cards,3,85.52,0.00,pending,16
ORD-002162,2025-07-12 07:08:09,CUST-01200,EMEA,online,SKU-1211,Season Pass,  Digital ,3,6.53,0.00,cancelled,5
ORD-001077,2026-06-15 01:24:37,CUST-01701,NORTH AMERICA,online,SKU-1062,Playmat,Accessories,2,34.33,0.00,completed,21
ORD-000458,2025-06-12 04:00:43,CUST-00797,APAC,online,SKU-1397,Card Sleeves,Accessories,3,26.53,0.00,completed,14
ORD-004335,11/07/2025,CUST-00342,APAC,online,SKU-1330,Dice Set,ACCESSORIES,12,21.52,0.00,refunded,11
ORD-003723,08-May-2025,CUST-00257,LATAM,partner,SKU-1186,Cosmetic Bundle,digital,1,6.47,0.20,cancelled,5
ORD-001873,2025-06-21 17:45:03,CUST-01231,North America,  partner ,SKU-1282,Deck Box,accessories,3,15.46,0.00,cancelled,20
ORD-004234,2025-02-17 06:39:56,CUST-00769,LATAM,,SKU-1256,Terrain Kit,Miniatures,2,109.33,0.00,cancelled,14
ORD-003590,2025-04-27 02:46:03,CUST-01616,North America,retail,SKU-1255,Signal Fire,Board Games,3,37.09,0.00,pending,19
ORD-000946,2026-01-15 03:41:44,CUST-00888,APAC,online,SKU-1088,Paint Set,Miniatures,1,34.99,0.00,cancelled,17
ORD-003817,09/11/2025,CUST-00713,APAC,wholesale,SKU-1028,Cosmetic Bundle,DIGITAL,1,$6.64,0.00,cancelled,21
ORD-000050,2025-04-01 22:07:57,CUST-01617,EMEA,partner,SKU-1350,Dice Set,Accessories,3,19.50,0.00,completed,13
ORD-002208,2025-08-06 23:00:25,CUST-00568,emea,partner,SKU-1395,Starter Deck,Trading Cards,3,206.43,0.15,refunded,1
ORD-003875,2025-07-29 20:33:26,CUST-00557,EMEA,partner,SKU-1004,Promo Tin,Trading Cards,1,98.37,0.05,cancelled,5
ORD-000482,2025-06-05T17:10:43Z,CUST-01065,LATAM,partner,SKU-1065,Paint Set,MINIATURES,2,106.98,0.00,cancelled,7
ORD-003927,2025-05-21 00:44:28,CUST-01176,  APAC ,partner,SKU-1190,Hero Blister,Miniatures,2,78.22,0.00,cancelled,14
ORD-001795,2026-04-08 15:03:52,CUST-00868,LATAM,wholesale,SKU-1158,Cosmetic Bundle,Digital,1,39.08,0.00,pending,8
ORD-002960,2026-02-04 21:22:47,CUST-01331,APAC,retail,SKU-1320,Bundle Case,Trading Cards,4,212.03,0.00,cancelled,12
ORD-000334,2025-09-26 14:15:15,CUST-00081,APAC,wholesale,SKU-1344,2000pc Star Chart,PUZZLES,2,22.73,0.00,completed,15
ORD-003226,08/18/2025,CUST-01295,EMEA,online,SKU-1026,Playmat,ACCESSORIES,1,39.07,0.00,cancelled,20
ORD-004123,01/21/2025,CUST-01775,LATAM,,SKU-1386,Dungeon Delve,Board Games,5,44.59,0.15,pending,18
ORD-003558,2025-01-12T14:21:20Z,CUST-01721,North America,online,SKU-1387,Starter Deck,Trading Cards,3,215.38,0.10,cancelled,8
ORD-000803,05/10/2026,CUST-00646,North America,online,SKU-1349,Starter Deck,Trading Cards,3,$159.04,0.00,refunded,7
ORD-003916,2025-08-10 06:42:33,CUST-00188,EMEA,retail,SKU-1329,Paint Set,Miniatures,-5,118.71,0.10,completed,20
ORD-001581,2025-12-15 21:17:04,CUST-00131,APAC,retail,SKU-1016,Trade Winds,Board Games,1,44.07,0.00,cancelled,21
ORD-000982,2025-09-29 03:12:15,CUST-01417,latam,partner,SKU-1149,Harvest Moon Valley,  Board Games ,2,36.21,0.00,cancelled,8
ORD-000730,2026-02-21 00:35:18,,APAC,online,SKU-1171,1000pc Coastline,Puzzles,2,14.40,0.00,pending,13
ORD-002881,2025-01-03 01:37:46,CUST-01557,APAC,online,SKU-1042,Signal Fire,Board Games,-1,46.24,0.25,completed,2
ORD-004526,02/27/2025,CUST-01270,LATAM,partner,SKU-1228,Dice Set,Accessories,3,19.06,0.05,cancelled,17
ORD-002696,2025-11-10 10:37:02,CUST-00253,LATAM,online,SKU-1356,Promo Tin,Trading Cards,2,87.73,0.10,completed,6
ORD-004964,2025-11-06 21:11:51,CUST-01075,EMEA,online,SKU-1259,Cosmetic Bundle,DIGITAL,8,26.71,0.05,pending,21
ORD-002739,2025-12-08 19:54:39,CUST-00423,LATAM,partner,SKU-1042,Trade Winds,Board Games,4,60.94,0.15,cancelled,18
ORD-000713,04/30/2025,CUST-01340,North America,retail,SKU-1284,Bundle Case,Trading Cards,1,28.78,0.10,pending,1
ORD-000418,11/21/2025,CUST-01518,North America,retail,SKU-1255,Dungeon Delve,Board Games,5,75.99,0.00,refunded,16
ORD-001233,02/22/2025,CUST-00753,LATAM,online,SKU-1251,1000pc Coastline,Puzzles,3,29.27,0.00,cancelled,11
ORD-001436,2025-02-14 08:18:14,CUST-00301,EMEA,partner,SKU-1181,Trade Winds,Board Games,1,$19.56,0.00,completed,19
ORD-003048,11/04/2025,CUST-00574,North America,ONLINE,SKU-1139,Castle Siege,Board Games,1,72.48,0.00,refunded,21
ORD-001826,2026-05-19T13:15:27Z,CUST-00858,APAC,wholesale,SKU-1121,1000pc Coastline,PUZZLES,2,26.99,0.00,cancelled,21
ORD-004301,2025-10-03 10:18:58,CUST-01721,North America,retail,SKU-1171,Season Pass,Digital,2,57.59,0.20,completed,13
ORD-001682,2026-05-08 01:15:02,CUST-00012,LATAM,partner,SKU-1081,Season Pass,Digital,1,38.60,0.25,cancelled,6
ORD-002638,2025-05-08 17:33:45,CUST-00559,LATAM,retail,SKU-1300,Booster Pack,Trading Cards,2,14.64,0.25,pending,20
ORD-004465,23-Aug-2025,CUST-01037,LATAM,retail,SKU-1140,Dice Set,Accessories,1,20.27,0.00,cancelled,16
ORD-001912,11/23/2025,CUST-00075,LATAM,wholesale,SKU-1366,Expansion Key,Digital,1,36.21,0.25,refunded,16
ORD-004173,09/01/2025,CUST-01362,EMEA,partner,SKU-1026,Card Sleeves,Accessories,1,30.56,0.05,pending,1
ORD-004430,2026-03-17 01:58:47,CUST-00598,APAC,online,SKU-1021,Signal Fire,Board Games,2,71.37,0.05,completed,11
ORD-000813,05-Dec-2025,,APAC,retail,SKU-1161,Expansion Key,digital,3,17.85,0.00,completed,19
ORD-001742,11/16/2025,CUST-00707,apac,wholesale,SKU-1074,Expansion Key,Digital,1,49.96,0.00,completed,15
ORD-002605,2026-06-28 18:32:36,CUST-00579,North America,wholesale,SKU-1222,Card Sleeves,Accessories,2,$15.87,0.00,completed,6
ORD-001287,2025-09-10T14:20:24Z,CUST-01618,APAC,online,SKU-1153,Castle Siege,Board Games,4,60.31,0.00,completed,3
ORD-000590,09/12/2025,CUST-01398,EMEA,retail,SKU-1079,500pc Night Market,  Puzzles ,-2,19.33,0.00,completed,5
ORD-003569,2025-01-26 04:16:42,CUST-00492,APAC,online,SKU-1352,Dungeon Delve,BOARD GAMES,2,33.89,0.00,pending,1
ORD-004504,10/28/2025,CUST-01392,LATAM,online,SKU-1397,Expansion Key,  Digital ,2,30.51,0.00,pending,11
ORD-001747,07/06/2025,CUST-00174,APAC,wholesale,SKU-1384,Expansion Key,Digital,3,37.06,0.00,refunded,20
ORD-000912,2026-05-16 18:53:25,CUST-01745,EMEA,retail,SKU-1131,Terrain Kit,MINIATURES,2,38.56,0.20,completed,14
ORD-003123,12/31/2025,CUST-00932,  North America ,PARTNER,SKU-1351,Expansion Key,Digital,4,37.54,0.05,cancelled,7
ORD-002896,2025-12-03 02:52:38,CUST-00553,EMEA,online,SKU-1292,1000pc Coastline,Puzzles,2,20.99,0.15,cancelled,3
ORD-001714,2025-11-13 07:16:38,CUST-01260,APAC,online,SKU-1356,Terrain Kit,Miniatures,2,112.72,0.15,cancelled,12
ORD-000535,07/28/2025,CUST-00894,APAC,wholesale,SKU-1294,Expansion Key,Digital,1,14.91,0.00,pending,10
ORD-000384,01/02/2026,CUST-00281,APAC,partner,SKU-1058,Deck Box,Accessories,2,26.72,0.00,cancelled,8
ORD-001266,01/24/2026,CUST-01249,APAC,wholesale,SKU-1031,Warband Set,Miniatures,12,129.48,0.10,pending,2
ORD-003157,2025-09-18 10:27:45,CUST-01757,LATAM,online,SKU-1268,Dice Set,Accessories,3,34.13,0.00,refunded,18
ORD-000080,2026-01-28 07:49:15,CUST-01064,LATAM,online,SKU-1256,Warband Set,Miniatures,1,75.56,0.00,completed,15
ORD-003278,06/19/2026,CUST-00348,LATAM,wholesale,SKU-1074,Paint Set,Miniatures,3,139.08,0.00,pending,20
ORD-002573,17-Mar-2025,CUST-00703,North America,  wholesale ,SKU-1386,Promo Tin,Trading Cards,1,110.50,0.00,cancelled,16
ORD-001239,30-May-2025,CUST-01387,North America,PARTNER,SKU-1194,Bundle Case,Trading Cards,1,136.62,0.00,completed,4
ORD-001327,10/17/2025,CUST-00494,north america,wholesale,SKU-1239,Harvest Moon Valley,Board Games,1,74.56,0.00,refunded,16
ORD-004512,2025-04-18 04:33:32,CUST-00360,NORTH AMERICA,wholesale,SKU-1283,Paint Set,Miniatures,1,46.25,0.00,refunded,1
ORD-003929,08/29/2025,CUST-00624,,online,SKU-1046,Terrain Kit,Miniatures,1,90.82,0.15,refunded,5
ORD-004847,2026-02-08 23:28:07,CUST-00468,LATAM,wholesale,SKU-1342,1000pc Coastline,  Puzzles ,5,11.37,0.20,refunded,6
ORD-002755,2025-05-23T17:33:09Z,CUST-00427,APAC,partner,SKU-1149,Cosmetic Bundle,Digital,5,38.56,0.10,pending,16
ORD-002116,19-Dec-2025,CUST-01766,LATAM,partner,SKU-1078,500pc Night Market,Puzzles,1,26.38,0.00,cancelled,8
ORD-001280,2026-05-28 22:02:45,CUST-01004,  LATAM ,online,SKU-1298,Dice Set,accessories,2,8.90,0.00,refunded,17
ORD-002558,02/15/2025,CUST-01662,APAC,partner,SKU-1092,Warband Set,Miniatures,2,37.78,0.05,refunded,17
ORD-000733,2025-10-08T13:56:09Z,CUST-00055,NORTH AMERICA,online,SKU-1374,Card Sleeves,Accessories,8,14.98,0.00,refunded,8
ORD-000116,13-Dec-2025,CUST-00863,North America,wholesale,SKU-1390,Warband Set,Miniatures,8,37.04,0.10,cancelled,21
ORD-003361,12/15/2025,CUST-01336,EMEA,retail,SKU-1362,Trade Winds,Board Games,1,76.82,0.20,cancelled,9
ORD-002135,05/18/2025,CUST-00966,North America,wholesale,SKU-1223,2000pc Star Chart,Puzzles,1,19.75,0.00,refunded,5
ORD-001710,2025-02-16 22:46:46,CUST-01203,APAC,online,SKU-1199,Booster Pack,Trading Cards,4,117.40,0.00,pending,4
ORD-001324,2025-06-21 11:07:34,CUST-00665,APAC,online,SKU-1115,Promo Tin,Trading Cards,1,227.33,0.00,refunded,1
ORD-002394,2025-06-14 03:54:10,CUST-00842,LATAM,  online ,SKU-1217,Terrain Kit,  Miniatures ,1,102.05,0.05,completed,1
ORD-001258,10/24/2025,CUST-01557,LATAM,online,SKU-1024,Dice Set,Accessories,2,37.29,0.20,pending,12
ORD-003970,02/27/2026,CUST-01023,North America,wholesale,SKU-1041,Hero Blister,  Miniatures ,4,73.02,0.00,completed,9
ORD-001570,2026-06-10 21:50:03,CUST-01395,apac,online,SKU-1223,Collector Box,Trading Cards,5,181.70,0.10,refunded,9
ORD-003469,2025-04-18 01:23:47,CUST-01739,EMEA,online,SKU-1221,Paint Set,  Miniatures ,4,88.54,0.00,refunded,5
ORD-004774,2025-07-13 14:59:29,CUST-00953,EMEA,wholesale,SKU-1015,Card Sleeves,Accessories,1,19.03,0.00,cancelled,20
ORD-003224,2025-08-21 06:48:32,CUST-01747,EMEA,  online ,SKU-1339,Dungeon Delve,BOARD GAMES,4,34.88,0.00,pending,18
ORD-003437,07/01/2025,CUST-00104,EMEA,wholesale,SKU-1297,Bundle Case,Trading Cards,2,145.90,0.00,refunded,10
ORD-000150,2025-07-09 12:54:09,CUST-00259,North America,partner,SKU-1207,Cosmetic Bundle,Digital,4,53.90,0.00,cancelled,11
ORD-002060,05/26/2026,CUST-00700,LATAM,online,SKU-1336,Hero Blister,Miniatures,5,74.40,0.00,pending,21
ORD-002259,2025-11-27 05:58:30,CUST-00883,North America,wholesale,SKU-1042,1000pc Coastline,  Puzzles ,2,18.16,0.00,refunded,2
ORD-001543,17-Jan-2025,CUST-00941,EMEA,wholesale,SKU-1005,Season Pass,  Digital ,2,10.98,0.00,refunded,1
ORD-001152,2025-07-18 17:44:07,CUST-00875,APAC,retail,SKU-1184,Expansion Key,DIGITAL,3,7.43,0.00,refunded,14
ORD-004178,2025-05-22 12:21:36,CUST-01665,EMEA,online,SKU-1169,Dice Set,  Accessories ,2,18.32,0.00,refunded,18
ORD-002101,04/10/2026,CUST-00860,EMEA,partner,SKU-1299,Cosmetic Bundle,DIGITAL,12,42.91,0.00,pending,18
ORD-000169,11/16/2025,CUST-00285,EMEA,online,SKU-1301,Harvest Moon Valley,Board Games,2,78.26,0.10,completed,5
ORD-001440,2025-10-14 21:35:22,CUST-01041,APAC,wholesale,SKU-1299,Collector Box,Trading Cards,1,55.20,0.20,completed,1
ORD-003148,2026-01-10 01:14:21,CUST-00087,  LATAM ,partner,SKU-1054,2000pc Star Chart,  Puzzles ,1,26.66,0.00,cancelled,11
ORD-001185,20-Jun-2026,CUST-01280,EMEA,wholesale,SKU-1243,Deck Box,Accessories,2,25.57,0.00,pending,19
ORD-000382,2025-12-13T08:07:01Z,CUST-01475,APAC,online,SKU-1376,Cosmetic Bundle,Digital,1,29.25,0.00,completed,16
ORD-003092,2025-04-11 11:18:32,CUST-01419,APAC,wholesale,SKU-1120,Dungeon Delve,Board Games,1,70.60,0.00,completed,19
ORD-002933,2025-12-30T09:34:21Z,CUST-00333,North America,retail,SKU-1023,Trade Winds,Board Games,1,64.54,0.15,completed,18
ORD-002808,29-Jun-2025,CUST-00820,APAC,retail,SKU-1208,Castle Siege,Board Games,3,21.44,0.00,pending,9
ORD-003385,09-Nov-2025,CUST-00534,  EMEA ,partner,SKU-1229,Harvest Moon Valley,Board Games,1,$61.35,0.00,completed,2
ORD-002153,2025-09-12 16:47:06,CUST-01401,North America,online,SKU-1201,Terrain Kit,Miniatures,2,64.02,0.00,refunded,12
ORD-000009,2025-06-19 23:09:46,CUST-00117,North America,ONLINE,SKU-1068,Promo Tin,TRADING CARDS,1,122.72,0.20,cancelled,17
ORD-000336,2026-06-12 00:58:58,CUST-01532,APAC,partner,SKU-1140,Collector Box,Trading Cards,2,74.04,0.00,completed,5
ORD-003760,2025-11-15 15:47:12,CUST-00913,APAC,wholesale,SKU-1099,Dungeon Delve,BOARD GAMES,3,53.45,0.15,refunded,16
ORD-002613,2025-11-03 00:12:46,CUST-01314,APAC,retail,SKU-1066,Terrain Kit,Miniatures,1,117.14,0.00,pending,7
ORD-002484,18-Mar-2025,CUST-01757,LATAM,partner,SKU-1167,Hero Blister,Miniatures,1,82.53,0.00,pending,2
ORD-003784,2025-05-09 08:28:35,CUST-01762,EMEA,retail,SKU-1151,Season Pass,Digital,2,29.14,0.00,cancelled,8
ORD-003749,08/08/2025,CUST-00860,latam,wholesale,SKU-1261,Terrain Kit,Miniatures,3,37.25,0.00,refunded,19
ORD-003009,2025-08-03T09:27:13Z,CUST-01276,EMEA,partner,SKU-1193,Harvest Moon Valley,  Board Games ,8,48.66,0.00,completed,4
ORD-003194,01/13/2025,CUST-00068,APAC,wholesale,SKU-1313,Bundle Case,Trading Cards,1,150.88,0.00,completed,14
ORD-000029,05/31/2025,CUST-01252,North America,wholesale,SKU-1043,Harvest Moon Valley,Board Games,5,59.99,0.00,pending,8
ORD-002198,26-Jun-2026,CUST-01528,north america,wholesale,SKU-1126,Warband Set,Miniatures,1,138.19,0.00,cancelled,6
ORD-001568,2025-12-29 20:30:13,CUST-00916,APAC,retail,SKU-1222,Playmat,accessories,1,28.16,0.00,pending,10
ORD-000951,2026-04-03 08:01:34,CUST-00433,APAC,partner,SKU-1204,Card Sleeves,Accessories,2,19.86,0.00,pending,13
ORD-000005,2025-07-15 07:49:42,CUST-00400,North America,online,SKU-1004,2000pc Star Chart,puzzles,1,12.60,0.00,pending,1
ORD-004746,25-Sep-2025,CUST-00015,north america,ONLINE,SKU-1216,Starter Deck,TRADING CARDS,1,176.57,0.00,completed,20
ORD-004084,23-Jan-2025,CUST-00381,north america,retail,SKU-1287,Warband Set,Miniatures,2,63.64,0.10,cancelled,8
ORD-003353,2026-04-19T02:49:34Z,CUST-00820,LATAM,retail,SKU-1144,Trade Winds,Board Games,2,77.25,0.00,cancelled,8
ORD-004896,2026-05-21 13:45:54,CUST-01556,North America,WHOLESALE,SKU-1372,Card Sleeves,Accessories,1,29.11,0.00,refunded,13
ORD-003737,2025-06-04T13:07:58Z,CUST-01500,EMEA,retail,SKU-1082,Hero Blister,Miniatures,1,94.27,0.00,refunded,5
ORD-000819,2025-08-24T11:25:51Z,CUST-00726,  LATAM ,online,SKU-1050,Signal Fire,Board Games,2,69.25,0.00,completed,4
ORD-002072,2025-06-29 01:47:15,CUST-00785,EMEA,partner,SKU-1237,Cosmetic Bundle,Digital,1,54.72,0.00,pending,8
ORD-004126,2025-09-17 01:38:54,CUST-00398,NORTH AMERICA,partner,SKU-1258,Expansion Key,DIGITAL,4,48.13,0.00,refunded,10
ORD-001749,2025-01-20 12:46:59,CUST-00352,EMEA,wholesale,SKU-1013,2000pc Star Chart,Puzzles,1,34.78,0.00,refunded,20
ORD-003722,12/21/2025,CUST-00339,North America,partner,SKU-1297,Dice Set,Accessories,1,$26.06,0.15,refunded,3
ORD-004256,2025-01-11 19:25:39,CUST-00792,LATAM,partner,SKU-1142,Starter Deck,Trading Cards,3,228.08,0.00,cancelled,15
ORD-004674,01-Feb-2025,CUST-00394,LATAM,partner,SKU-1308,Starter Deck,Trading Cards,2,108.19,0.15,cancelled,10
ORD-003880,2025-02-19 15:06:53,CUST-00750,APAC,online,SKU-1342,Signal Fire,Board Games,-4,47.20,0.10,pending,8
ORD-001949,2026-02-08 03:05:49,CUST-00788,North America,retail,SKU-1046,Deck Box,Accessories,1,23.82,0.15,cancelled,2
ORD-003408,10-Sep-2025,CUST-00626,North America,  retail ,SKU-1358,Cosmetic Bundle,Digital,2,30.48,0.05,refunded,16
ORD-000082,2026-02-25 16:30:28,CUST-01393,LATAM,online,SKU-1244,500pc Night Market,Puzzles,1,13.08,0.00,completed,1
ORD-000655,2025-03-12 01:24:36,CUST-00811,APAC,partner,SKU-1182,Playmat,Accessories,8,36.43,0.00,pending,10
ORD-002114,2025-11-22 09:21:04,CUST-01610,APAC,partner,SKU-1237,Trade Winds,Board Games,1,32.71,0.20,cancelled,13
ORD-004724,2025-12-04 02:19:20,CUST-00104,EMEA,wholesale,SKU-1120,Card Sleeves,Accessories,1,17.92,0.00,pending,9
ORD-000428,2026-06-01 22:26:44,CUST-00952,North America,wholesale,SKU-1386,Promo Tin,Trading Cards,1,8.39,0.00,refunded,16
ORD-000675,2025-04-09 22:20:34,CUST-00971,APAC,retail,SKU-1245,500pc Night Market,Puzzles,2,13.15,0.00,pending,14
ORD-004192,2025-12-12 16:45:22,CUST-01004,EMEA,PARTNER,SKU-1061,Booster Pack,Trading Cards,3,153.92,0.15,refunded,11
ORD-001559,2025-02-16T16:24:35Z,CUST-00986,EMEA,partner,SKU-1036,2000pc Star Chart,  Puzzles ,2,16.67,0.10,completed,7
ORD-001519,2025-07-11 21:15:50,CUST-01484,EMEA,retail,SKU-1136,Cosmetic Bundle,DIGITAL,8,31.59,0.00,cancelled,3
ORD-002439,01/21/2025,CUST-01227,LATAM,wholesale,SKU-1330,Castle Siege,Board Games,2,55.53,0.00,pending,19
ORD-000825,06/25/2025,CUST-00012,EMEA,retail,SKU-1240,Dice Set,Accessories,5,23.86,0.00,refunded,10
ORD-001047,08/13/2025,CUST-01469,North America,retail,SKU-1188,Expansion Key,Digital,5,56.70,0.25,cancelled,18
ORD-003839,03/14/2025,CUST-00758,North America,partner,SKU-1305,Dice Set,Accessories,2,31.05,0.00,completed,20
ORD-001016,12/16/2025,CUST-01646,EMEA,online,SKU-1239,Warband Set,MINIATURES,2,76.97,0.05,completed,7
ORD-002322,2026-03-09 09:29:21,CUST-00039,APAC,retail,SKU-1060,Trade Winds,board games,2,61.94,0.00,refunded,17
ORD-001253,2026-04-01 22:23:26,CUST-01126,APAC,online,SKU-1053,Collector Box,Trading Cards,3,203.55,0.00,completed,4
ORD-002320,02/20/2025,CUST-01415,North America,online,SKU-1028,Harvest Moon Valley,  Board Games ,4,28.55,0.00,completed,14
ORD-002232,2025-05-03 14:07:46,CUST-00843,LATAM,retail,SKU-1304,Signal Fire,Board Games,1,39.23,0.00,completed,17
ORD-004448,2025-11-30 04:18:46,CUST-00431,EMEA,RETAIL,SKU-1152,Collector Box,Trading Cards,3,173.39,0.00,cancelled,17
ORD-003304,2026-06-05 01:27:42,CUST-00315,North America,retail,SKU-1089,Signal Fire,Board Games,1,18.94,0.00,refunded,13
ORD-003960,12/01/2025,CUST-01382,North America,WHOLESALE,SKU-1101,Warband Set,Miniatures,8,96.94,0.10,refunded,20
ORD-002977,2026-06-28 08:15:46,CUST-01055,North America,partner,SKU-1057,Starter Deck,Trading Cards,3,155.60,0.00,cancelled,10
ORD-000668,2025-06-12 18:48:57,CUST-01315,NORTH AMERICA,partner,SKU-1224,Hero Blister,miniatures,1,89.27,0.10,pending,20
ORD-003025,08/08/2025,CUST-01602,APAC,online,SKU-1016,500pc Night Market,Puzzles,12,27.24,0.00,cancelled,14
ORD-000446,2025-06-30 02:28:42,CUST-00251,LATAM,ONLINE,SKU-1209,Card Sleeves,Accessories,1,36.51,0.00,cancelled,1
ORD-004989,2025-10-22 08:15:07,CUST-00577,LATAM,WHOLESALE,SKU-1162,Paint Set,Miniatures,1,90.13,0.00,pending,16
ORD-000201,2025-02-25 08:01:41,CUST-01039,LATAM,  retail ,SKU-1265,Collector Box,Trading Cards,1,19.47,0.25,completed,21
ORD-002294,31-Mar-2025,CUST-00989,EMEA,online,SKU-1092,Cosmetic Bundle,  Digital ,1,38.15,0.00,refunded,21
ORD-001933,2025-02-19 19:28:59,CUST-01503,APAC,online,SKU-1381,Signal Fire,Board Games,1,77.24,0.00,cancelled,6
ORD-003255,2025-11-04 12:05:07,CUST-01076,EMEA,PARTNER,SKU-1030,Expansion Key,Digital,1,37.62,0.05,refunded,16
ORD-003811,2025-05-19 00:21:01,CUST-00224,APAC,online,SKU-1174,Dungeon Delve,Board Games,4,17.47,0.00,completed,9
ORD-000014,2025-07-11 05:10:30,CUST-00366,LATAM,retail,SKU-1208,Harvest Moon Valley,BOARD GAMES,2,24.87,0.05,completed,9
ORD-000723,2025-02-07 13:42:14,CUST-00330,EMEA,  retail ,SKU-1284,Deck Box,Accessories,3,18.63,0.20,refunded,12
ORD-000163,02/12/2025,CUST-01144,EMEA,wholesale,SKU-1179,Card Sleeves,  Accessories ,2,19.30,0.05,pending,6
ORD-004624,2026-06-08 14:09:44,CUST-00465,LATAM,retail,SKU-1179,Dungeon Delve,board games,1,46.12,0.00,pending,8
ORD-002775,02-Apr-2026,CUST-00299,North America,wholesale,SKU-1011,Dungeon Delve,  Board Games ,1,67.47,0.00,cancelled,10
ORD-004651,2025-12-13 06:18:35,CUST-00094,EMEA,retail,SKU-1131,Promo Tin,TRADING CARDS,3,79.57,0.05,cancelled,15
ORD-002124,2025-06-09 20:44:17,CUST-01686,APAC,partner,SKU-1106,Dungeon Delve,BOARD GAMES,1,$23.45,0.05,pending,5
ORD-003430,2025-08-13 15:03:15,CUST-01366,LATAM,wholesale,SKU-1357,500pc Night Market,Puzzles,5,18.99,0.25,cancelled,19
ORD-000297,2025-06-23 06:37:49,CUST-01171,EMEA,wholesale,SKU-1031,Promo Tin,Trading Cards,5,9.41,0.00,completed,4
ORD-000227,07/04/2025,CUST-01515,LATAM,partner,SKU-1324,Paint Set,Miniatures,2,62.76,0.00,refunded,21
ORD-000102,2025-09-05 21:01:19,CUST-00942,LATAM,wholesale,SKU-1087,Dungeon Delve,Board Games,3,17.40,0.00,completed,6
ORD-002799,2026-01-10T21:30:42Z,CUST-01701,NORTH AMERICA,online,SKU-1203,Promo Tin,Trading Cards,5,18.60,0.00,cancelled,7
ORD-004633,01-Nov-2025,CUST-01350,APAC,wholesale,SKU-1123,1000pc Coastline,Puzzles,1,16.16,0.00,completed,4
ORD-001712,03/06/2026,CUST-00755,North America,retail,SKU-1207,Starter Deck,Trading Cards,3,144.46,0.00,completed,19
ORD-001813,2026-05-17 06:44:35,CUST-01164,North America,,SKU-1319,2000pc Star Chart,puzzles,1,18.23,0.00,pending,3
ORD-004903,2026-04-24 09:24:30,CUST-01561,  North America ,retail,SKU-1349,Expansion Key,Digital,3,1.35,0.00,completed,2
ORD-002367,08-Mar-2025,CUST-00811,APAC,retail,SKU-1215,Booster Pack,Trading Cards,2,62.49,0.00,completed,2
ORD-004262,2025-02-23 01:27:43,CUST-00850,North America,online,SKU-1383,1000pc Coastline,Puzzles,2,25.88,0.00,refunded,14
ORD-002195,14-Jul-2025,CUST-00104,EMEA,wholesale,SKU-1005,Dice Set,  Accessories ,3,30.69,0.05,pending,11
ORD-000568,05/24/2026,CUST-00070,EMEA,online,SKU-1364,Season Pass,Digital,4,41.02,0.00,cancelled,7
ORD-004988,2025-06-03 14:37:46,CUST-01531,APAC,wholesale,SKU-1310,1000pc Coastline,Puzzles,2,14.62,0.00,pending,11
ORD-003850,06/14/2026,CUST-00343,APAC,WHOLESALE,SKU-1263,Dungeon Delve,Board Games,5,54.58,0.05,refunded,12
ORD-002756,11/20/2025,CUST-00416,EMEA,partner,SKU-1044,Playmat,Accessories,5,$16.18,0.25,cancelled,15
ORD-001148,25-Sep-2025,CUST-00363,APAC,ONLINE,SKU-1256,Harvest Moon Valley,Board Games,8,62.79,0.00,pending,16
ORD-002747,2025-12-27 14:46:22,CUST-00625,APAC,retail,SKU-1248,Paint Set,Miniatures,-1,25.54,0.10,completed,10
ORD-004176,26-Jun-2026,CUST-01417,EMEA,wholesale,SKU-1023,Bundle Case,Trading Cards,3,120.05,0.00,completed,14
ORD-003153,2025-09-01 11:13:29,CUST-01753,North America,partner,SKU-1133,Dungeon Delve,  Board Games ,3,56.83,0.15,pending,1
ORD-000463,17-May-2025,CUST-00115,North America,partner,SKU-1245,2000pc Star Chart,puzzles,2,26.96,0.10,pending,2
ORD-001613,03/07/2026,CUST-01747,EMEA,  wholesale ,SKU-1297,2000pc Star Chart,Puzzles,1,20.75,0.00,refunded,3
ORD-000045,2026-04-07 12:41:41,CUST-00274,EMEA,partner,SKU-1031,Playmat,Accessories,1,33.28,0.00,cancelled,3
ORD-000358,06/24/2025,CUST-01791,LATAM,wholesale,SKU-1317,Expansion Key,Digital,1,33.72,0.00,cancelled,17
ORD-000055,2025-06-26 17:44:11,CUST-00718,APAC,retail,SKU-1308,Warband Set,Miniatures,1,91.20,0.00,refunded,20
ORD-002526,02/20/2025,CUST-00757,NORTH AMERICA,partner,SKU-1364,Deck Box,Accessories,2,13.19,0.00,cancelled,6
ORD-003798,25-Jul-2025,CUST-00377,North America,wholesale,SKU-1140,Paint Set,MINIATURES,1,145.07,0.00,cancelled,
ORD-000475,2025-11-21T01:18:40Z,CUST-01324,APAC,retail,SKU-1261,1000pc Coastline,Puzzles,1,31.76,0.00,pending,20
ORD-004153,2026-05-28 08:48:36,CUST-00504,EMEA,retail,SKU-1331,2000pc Star Chart,Puzzles,1,34.96,0.00,pending,17
ORD-001748,12-Jun-2026,CUST-01617,LATAM,wholesale,SKU-1321,Promo Tin,Trading Cards,2,27.27,0.00,cancelled,12
ORD-002220,2025-08-12 10:36:52,CUST-00497,North America,online,SKU-1355,Trade Winds,Board Games,2,58.25,0.00,completed,7
ORD-001442,08-Jun-2026,CUST-00053,EMEA,online,SKU-1149,1000pc Coastline,Puzzles,12,19.41,0.00,refunded,8
ORD-001426,05/29/2025,CUST-01362,North America,online,SKU-1353,Paint Set,Miniatures,1,136.93,0.15,completed,2
ORD-001582,26-May-2025,CUST-00882,North America,online,SKU-1308,Promo Tin,Trading Cards,8,202.77,0.00,refunded,11
ORD-001863,2026-04-18 17:25:11,CUST-01365,APAC,wholesale,SKU-1377,2000pc Star Chart,puzzles,1,34.00,0.00,refunded,12
ORD-004149,2025-04-09 06:04:27,CUST-01634,EMEA,online,SKU-1028,1000pc Coastline,Puzzles,5,17.34,0.00,completed,2
ORD-001681,10/22/2025,CUST-01097,North America,retail,SKU-1170,Dice Set,Accessories,12,29.24,0.20,completed,6
ORD-001695,09-May-2025,CUST-00348,APAC,online,SKU-1263,Warband Set,  Miniatures ,5,106.45,0.00,refunded,3
ORD-004302,03-Mar-2025,CUST-00988,North America,retail,SKU-1131,1000pc Coastline,Puzzles,4,34.10,0.10,refunded,14
ORD-000023,2026-05-27 10:22:13,CUST-00007,LATAM,PARTNER,SKU-1088,Expansion Key,Digital,1,53.99,0.20,completed,17
ORD-004089,2025-12-24 06:42:33,CUST-00119,EMEA,partner,SKU-1185,2000pc Star Chart,PUZZLES,1,27.37,0.00,pending,3
ORD-002946,28-Aug-2025,CUST-00570,apac,retail,SKU-1353,Promo Tin,Trading Cards,2,14.35,0.00,refunded,7
ORD-003682,2025-11-10 01:29:33,CUST-01173,APAC,,SKU-1246,Signal Fire,Board Games,1,53.31,0.20,pending,16
ORD-004402,30-Mar-2026,CUST-00548,North America,  partner ,SKU-1231,Deck Box,Accessories,1,16.71,0.00,pending,12
ORD-000814,2025-04-21 08:44:41,CUST-01359,APAC,wholesale,SKU-1257,Playmat,Accessories,1,10.38,0.00,pending,20
ORD-002433,2026-06-30 03:37:07,CUST-01731,EMEA,partner,SKU-1194,Warband Set,Miniatures,2,34.99,0.00,completed,
ORD-001414,2026-03-30 07:40:47,CUST-00432,LATAM,wholesale,SKU-1074,Collector Box,Trading Cards,1,31.42,0.20,cancelled,10
ORD-002299,09/20/2025,CUST-00855,APAC,wholesale,SKU-1017,2000pc Star Chart,Puzzles,1,$20.63,0.05,completed,7
ORD-002748,06/16/2025,CUST-00303,North America,wholesale,SKU-1186,1000pc Coastline,Puzzles,2,18.06,0.00,refunded,6
ORD-003135,2025-12-01 23:43:13,CUST-01588,LATAM,online,SKU-1116,Harvest Moon Valley,Board Games,1,35.48,0.00,refunded,3
ORD-000639,06/16/2026,CUST-01178,North America,retail,SKU-1233,Deck Box,Accessories,3,32.02,0.00,pending,7
ORD-003779,2026-02-02T13:56:18Z,CUST-01456,EMEA,partner,SKU-1169,Harvest Moon Valley,Board Games,1,60.85,0.00,completed,8
ORD-001354,2025-05-24 22:10:01,CUST-01778,LATAM,partner,SKU-1356,Bundle Case,Trading Cards,2,206.47,0.00,completed,18
ORD-003163,2025-06-23 14:43:26,CUST-01624,EMEA,partner,SKU-1100,Playmat,Accessories,1,30.00,0.10,pending,5
ORD-003046,06/14/2025,CUST-00573,North America,online,SKU-1168,Card Sleeves,Accessories,1,8.00,0.00,pending,8
ORD-001880,2025-06-17T07:21:48Z,CUST-01215,North America,wholesale,SKU-1340,2000pc Star Chart,  Puzzles ,3,13.10,0.20,cancelled,10
ORD-002637,2026-04-05 08:24:16,CUST-01456,North America,ONLINE,SKU-1387,Signal Fire,  Board Games ,3,52.60,0.10,completed,6
ORD-003785,25-Dec-2025,CUST-00691,LATAM,retail,SKU-1147,Warband Set,Miniatures,4,75.00,0.00,completed,19
ORD-002517,2025-08-23 08:37:19,CUST-01798,APAC,retail,SKU-1361,Terrain Kit,Miniatures,8,115.27,0.00,refunded,5
ORD-004366,05/18/2026,CUST-00046,emea,partner,SKU-1027,Cosmetic Bundle,Digital,1,56.57,0.00,pending,4
ORD-002579,04/20/2026,CUST-01641,APAC,wholesale,SKU-1132,Expansion Key,Digital,2,7.75,0.00,cancelled,12
ORD-004408,06/16/2025,,NORTH AMERICA,online,SKU-1128,Terrain Kit,MINIATURES,8,94.98,0.25,refunded,3
ORD-000123,2025-06-27 06:02:55,CUST-01767,North America,partner,SKU-1012,Cosmetic Bundle,Digital,2,35.07,0.25,cancelled,12
ORD-004044,05/27/2025,CUST-01107,APAC,partner,SKU-1048,1000pc Coastline,Puzzles,2,32.99,0.00,cancelled,21
ORD-000869,05/24/2026,CUST-01634,LATAM,online,SKU-1141,Paint Set,Miniatures,1,96.95,0.05,refunded,7
ORD-001978,12/25/2025,CUST-01060,APAC,retail,SKU-1371,Bundle Case,trading cards,2,188.83,0.00,refunded,20
ORD-000263,06/12/2025,CUST-00820,North America,wholesale,SKU-1087,Warband Set,MINIATURES,1,67.01,0.00,pending,3
ORD-004077,2026-01-16 03:41:42,CUST-01260,LATAM,partner,SKU-1226,Playmat,Accessories,1,32.55,0.05,completed,3
ORD-002006,2026-02-02 09:54:00,CUST-00826,NORTH AMERICA,WHOLESALE,SKU-1282,Season Pass,digital,1,39.93,0.00,completed,6
ORD-000963,06/07/2025,CUST-01455,  EMEA ,wholesale,SKU-1146,Deck Box,ACCESSORIES,1,18.58,0.00,refunded,12
ORD-002386,2026-06-18 05:42:48,CUST-01272,North America,retail,SKU-1183,1000pc Coastline,Puzzles,8,16.25,0.00,refunded,1
ORD-003445,2025-02-20 13:40:28,CUST-01715,APAC,  partner ,SKU-1372,2000pc Star Chart,Puzzles,1,23.30,0.00,refunded,19
ORD-000058,2025-04-16T11:00:09Z,CUST-00627,North America,partner,SKU-1185,Paint Set,Miniatures,4,61.97,0.00,pending,9
ORD-004786,2026-04-16 16:55:08,CUST-01722,North America,retail,SKU-1249,Expansion Key,Digital,2,11.45,0.00,completed,21
ORD-000686,2026-05-10 04:17:57,CUST-01486,latam,wholesale,SKU-1358,Expansion Key,DIGITAL,2,14.17,0.15,cancelled,11
ORD-000311,2025-12-20T09:39:55Z,CUST-00496,EMEA,  online ,SKU-1358,2000pc Star Chart,Puzzles,3,27.25,0.00,cancelled,15
ORD-001064,2025-10-25 16:54:49,CUST-00885,LATAM,wholesale,SKU-1176,Paint Set,miniatures,1,38.01,0.00,refunded,20
ORD-000648,27-Aug-2025,CUST-00780,APAC,partner,SKU-1190,Booster Pack,Trading Cards,1,142.71,0.25,completed,9
ORD-004534,2025-07-24 14:48:23,CUST-01676,North America,WHOLESALE,SKU-1227,Trade Winds,Board Games,4,26.38,0.00,completed,18
ORD-002709,06/14/2025,CUST-00440,EMEA,retail,SKU-1258,500pc Night Market,Puzzles,1,17.19,0.05,completed,9
ORD-000022,2025-05-20 20:04:43,CUST-00774,EMEA,partner,SKU-1031,Signal Fire,Board Games,1,23.21,0.00,completed,5
ORD-001453,2026-02-10 05:15:56,CUST-01276,APAC,online,SKU-1313,Dungeon Delve,Board Games,-1,69.42,0.00,cancelled,18
ORD-003902,21-Jul-2025,CUST-00071,EMEA,wholesale,SKU-1047,Expansion Key,Digital,2,11.70,0.00,refunded,1
ORD-000718,2026-02-05 01:02:01,CUST-00682,APAC,partner,SKU-1115,Terrain Kit,  Miniatures ,1,134.00,0.00,completed,5
ORD-001101,2025-07-25 19:45:22,CUST-00302,APAC,online,SKU-1390,Cosmetic Bundle,Digital,2,2.62,0.00,cancelled,12
ORD-003870,2026-06-05 11:56:39,CUST-00799,North America,ONLINE,SKU-1129,Harvest Moon Valley,Board Games,1,46.49,0.00,refunded,21
ORD-001071,2026-04-09 09:14:18,CUST-00404,APAC,  retail ,SKU-1277,Paint Set,Miniatures,2,97.58,0.00,refunded,8
ORD-002537,2026-04-15T12:18:36Z,CUST-01424,North America,wholesale,SKU-1033,Collector Box,Trading Cards,5,29.26,0.00,cancelled,21
ORD-001526,2026-04-28 07:16:01,CUST-01425,EMEA,partner,SKU-1235,Warband Set,Miniatures,1,64.79,0.00,pending,13
ORD-003212,2026-06-23T03:41:08Z,CUST-00746,EMEA,online,SKU-1187,Cosmetic Bundle,digital,1,31.77,0.00,refunded,9
ORD-000961,2026-06-13 18:59:29,CUST-00496,APAC,wholesale,SKU-1315,Collector Box,Trading Cards,3,93.65,0.00,cancelled,17
ORD-001922,2025-05-12T12:20:09Z,CUST-00906,APAC,RETAIL,SKU-1210,Booster Pack,Trading Cards,5,57.55,0.00,cancelled,7
ORD-004933,2025-01-17 13:39:56,CUST-00508,APAC,wholesale,SKU-1012,Castle Siege,Board Games,2,74.49,0.15,cancelled,15
ORD-000488,10-Mar-2025,CUST-00269,EMEA,partner,SKU-1226,Warband Set,Miniatures,4,72.64,0.00,pending,3
ORD-001550,2025-05-14 20:26:51,CUST-00240,LATAM,ONLINE,SKU-1149,Season Pass,Digital,1,13.75,0.00,cancelled,5
ORD-004572,2025-08-23 06:28:28,CUST-00809,APAC,partner,SKU-1370,Paint Set,Miniatures,2,78.93,0.00,completed,4
ORD-002168,04/19/2026,CUST-00773,North America,online,SKU-1182,Paint Set,MINIATURES,1,120.70,0.00,refunded,13
ORD-004561,2026-04-02 16:23:38,CUST-00880,North America,  wholesale ,SKU-1087,1000pc Coastline,Puzzles,1,31.85,0.00,pending,5
ORD-003775,2025-05-31 21:34:46,CUST-01357,EMEA,online,SKU-1018,Playmat,ACCESSORIES,1,25.68,0.00,completed,19
ORD-003834,2026-01-14T00:15:19Z,CUST-01125,North America,retail,SKU-1151,2000pc Star Chart,Puzzles,1,26.16,0.05,pending,15
ORD-003853,2026-05-03 07:48:50,CUST-00249,LATAM,wholesale,SKU-1246,Booster Pack,Trading Cards,2,194.87,0.00,refunded,20
ORD-002231,2026-05-11 02:13:22,CUST-00815,North America,online,SKU-1106,1000pc Coastline,Puzzles,3,16.56,0.00,refunded,20
ORD-003889,2025-12-17 15:35:38,CUST-00024,LATAM,online,SKU-1202,Collector Box,Trading Cards,1,112.68,0.00,completed,19
ORD-000593,2026-02-19 22:35:28,CUST-00796,North America,  partner ,SKU-1233,Castle Siege,Board Games,3,21.28,0.25,refunded,7
ORD-003620,11/29/2025,CUST-00428,North America,wholesale,SKU-1035,1000pc Coastline,Puzzles,1,12.22,0.00,refunded,21
ORD-002095,2025-12-15 19:24:29,CUST-01344,latam,online,SKU-1308,Card Sleeves,Accessories,1,28.51,0.00,refunded,
ORD-000680,2025-01-21 02:20:40,CUST-01172,APAC,partner,SKU-1240,Signal Fire,Board Games,1,39.00,0.00,cancelled,9
ORD-003191,11-Feb-2026,CUST-01735,APAC,online,SKU-1122,Promo Tin,  Trading Cards ,4,$235.58,0.05,refunded,14
ORD-003799,2025-01-23T04:57:06Z,CUST-00667,APAC,  retail ,SKU-1327,Expansion Key,  Digital ,4,45.03,0.00,completed,17
ORD-003733,28-Apr-2026,CUST-00258,APAC,retail,SKU-1059,Warband Set,Miniatures,2,82.54,0.00,refunded,7
ORD-000743,08/04/2025,CUST-01405,EMEA,online,SKU-1027,Booster Pack,Trading Cards,2,96.30,0.00,pending,13
ORD-000148,08-Feb-2025,CUST-01785,APAC,wholesale,SKU-1344,Collector Box,Trading Cards,3,235.81,0.00,refunded,9
ORD-003918,2025-08-19 02:31:09,CUST-00035,APAC,wholesale,SKU-1260,1000pc Coastline,Puzzles,3,18.37,0.00,cancelled,19
ORD-004541,09/27/2025,CUST-01175,North America,partner,SKU-1310,Dungeon Delve,Board Games,8,30.68,0.00,completed,12
ORD-003697,2025-08-26 08:56:24,CUST-01052,APAC,WHOLESALE,SKU-1299,Promo Tin,trading cards,1,106.85,0.05,cancelled,11
ORD-001667,07/07/2025,CUST-00666,LATAM,retail,SKU-1064,500pc Night Market,Puzzles,1,$27.55,0.00,pending,11
ORD-000732,2025-11-19 16:23:38,CUST-01027,APAC,online,SKU-1306,Harvest Moon Valley,Board Games,2,49.84,0.00,refunded,1
ORD-000453,28-Sep-2025,CUST-00201,North America,partner,SKU-1025,Dungeon Delve,board games,5,33.77,0.00,pending,9
ORD-001140,2025-01-06 10:13:16,CUST-00156,North America,,SKU-1349,Deck Box,accessories,5,28.65,0.10,pending,5
ORD-000794,09-Dec-2025,CUST-01119,EMEA,online,SKU-1160,Expansion Key,DIGITAL,12,53.23,0.00,refunded,19
ORD-001799,02/04/2026,CUST-00089,EMEA,online,SKU-1067,Starter Deck,Trading Cards,8,98.41,0.05,refunded,20
ORD-003777,2026-04-13 21:27:00,CUST-00016,LATAM,online,SKU-1295,Collector Box,Trading Cards,2,34.71,0.00,pending,3
ORD-000496,07-Jun-2026,CUST-01602,  LATAM ,online,SKU-1282,Card Sleeves,Accessories,2,24.36,0.00,pending,20
ORD-004343,2025-08-13 05:31:24,CUST-00745,NORTH AMERICA,online,SKU-1387,Terrain Kit,  Miniatures ,4,112.26,0.00,pending,13
ORD-004829,2025-02-20 03:28:00,CUST-00094,APAC,partner,SKU-1354,Playmat,Accessories,1,27.88,0.05,completed,1
ORD-000918,2026-01-02 09:19:17,CUST-01492,LATAM,online,SKU-1020,Castle Siege,Board Games,1,47.15,0.00,refunded,17
ORD-001793,2025-01-22 17:54:42,CUST-01703,EMEA,online,SKU-1163,Signal Fire,Board Games,2,$32.44,0.10,cancelled,10
ORD-002858,04/26/2026,CUST-01343,,partner,SKU-1046,Terrain Kit,Miniatures,1,122.47,0.10,refunded,14
ORD-003744,2025-03-18 05:51:49,CUST-00930,APAC,,SKU-1149,500pc Night Market,Puzzles,1,25.15,0.00,completed,1
ORD-004908,11/02/2025,CUST-00448,APAC,partner,SKU-1242,Warband Set,Miniatures,3,108.58,0.00,pending,16
ORD-000246,2025-12-21 20:40:46,CUST-00169,APAC,online,SKU-1269,500pc Night Market,Puzzles,2,34.22,0.05,completed,3
ORD-002693,2026-03-04 12:57:12,CUST-01772,APAC,online,SKU-1308,500pc Night Market,Puzzles,12,34.69,0.10,refunded,20
ORD-000618,2026-05-21 04:39:40,CUST-01557,LATAM,RETAIL,SKU-1179,Signal Fire,Board Games,8,69.93,0.20,refunded,21
ORD-000623,2025-08-27 12:37:01,CUST-01514,EMEA,wholesale,SKU-1270,2000pc Star Chart,Puzzles,4,31.88,0.00,completed,8
ORD-004225,27-Oct-2025,CUST-01459,North America,partner,SKU-1243,2000pc Star Chart,Puzzles,12,34.79,0.20,cancelled,20
ORD-003816,27-Jun-2025,CUST-01015,LATAM,wholesale,SKU-1218,1000pc Coastline,Puzzles,1,20.66,0.00,cancelled,9
ORD-000611,09/01/2025,CUST-01736,EMEA,partner,SKU-1084,Playmat,Accessories,3,32.30,0.05,completed,11
ORD-001479,03/01/2026,CUST-01106,North America,wholesale,SKU-1388,Dungeon Delve,Board Games,-2,65.80,0.00,completed,5
ORD-001395,2025-12-12 06:55:16,CUST-01010,LATAM,PARTNER,SKU-1277,Harvest Moon Valley,Board Games,2,21.36,0.00,pending,12
ORD-000513,2025-09-10T17:06:12Z,CUST-00340,EMEA,  online ,SKU-1249,Signal Fire,Board Games,8,$60.21,0.00,pending,5
ORD-001119,10/07/2025,CUST-01616,LATAM,  online ,SKU-1196,Warband Set,MINIATURES,1,147.18,0.00,pending,6
ORD-001180,2026-03-01 01:26:58,CUST-01062,North America,online,SKU-1334,Castle Siege,Board Games,1,28.94,0.00,refunded,9
ORD-001363,2025-02-15 20:15:29,CUST-01415,LATAM,wholesale,SKU-1211,Warband Set,MINIATURES,1,149.52,0.00,pending,21
ORD-001634,2025-09-24 20:20:07,CUST-00975,APAC,wholesale,SKU-1223,Terrain Kit,Miniatures,1,42.43,0.05,cancelled,6
ORD-002082,03/25/2026,CUST-01512,  EMEA ,wholesale,SKU-1077,Dice Set,Accessories,2,38.03,0.00,pending,18
ORD-002774,13-Mar-2025,CUST-01338,APAC,RETAIL,SKU-1184,Playmat,Accessories,4,15.13,0.05,cancelled,4
ORD-001995,2025-04-21 01:27:55,CUST-00677,apac,wholesale,SKU-1388,Trade Winds,Board Games,12,36.43,0.00,refunded,19
ORD-003649,09-Jun-2025,CUST-00867,EMEA,wholesale,SKU-1127,Castle Siege,Board Games,2,41.29,0.00,pending,2
ORD-001374,30-May-2026,CUST-01448,LATAM,partner,SKU-1186,Signal Fire,Board Games,1,24.56,0.00,cancelled,19
ORD-002407,2026-06-21T09:41:25Z,CUST-00311,EMEA,online,SKU-1339,1000pc Coastline,Puzzles,2,22.44,0.00,refunded,17
ORD-000880,2025-02-09 10:54:28,CUST-00160,LATAM,online,SKU-1230,Terrain Kit,MINIATURES,12,53.50,0.25,completed,19
ORD-000681,2025-09-05 01:01:41,CUST-00813,North America,  wholesale ,SKU-1102,Booster Pack,Trading Cards,1,89.81,0.00,pending,13
ORD-002194,11/06/2025,CUST-01442,LATAM,wholesale,SKU-1085,Starter Deck,Trading Cards,4,76.04,0.15,pending,20
ORD-000056,29-Dec-2025,CUST-01667,APAC,online,SKU-1060,500pc Night Market,Puzzles,8,30.56,0.00,completed,6
ORD-001115,2025-06-24 00:35:17,CUST-00512,EMEA,partner,SKU-1268,500pc Night Market,Puzzles,2,13.08,0.00,completed,20
ORD-004321,2025-06-07T19:40:50Z,CUST-01016,North America,partner,SKU-1214,Trade Winds,BOARD GAMES,3,34.32,0.25,completed,7
ORD-000194,29-May-2026,CUST-00923,North America,online,SKU-1008,Deck Box,Accessories,2,24.71,0.25,pending,7
ORD-000915,2025-09-19 00:55:49,CUST-00178,LATAM,retail,SKU-1012,Bundle Case,Trading Cards,1,236.65,0.00,refunded,18
ORD-001153,04/17/2026,CUST-01506,LATAM,wholesale,SKU-1017,Cosmetic Bundle,Digital,3,39.64,0.00,refunded,15
ORD-000932,02-Mar-2025,CUST-01547,EMEA,online,SKU-1230,Expansion Key,DIGITAL,1,42.89,0.00,refunded,5
ORD-003068,2025-09-23 16:55:26,CUST-00646,latam,wholesale,SKU-1267,Harvest Moon Valley,BOARD GAMES,3,30.91,0.00,pending,20
ORD-001132,06/08/2026,CUST-00990,APAC,online,SKU-1051,Season Pass,Digital,3,42.62,0.20,refunded,18
ORD-000274,04/11/2025,CUST-00971,latam,  partner ,SKU-1151,500pc Night Market,Puzzles,8,31.54,0.00,completed,4
ORD-004214,05/14/2025,CUST-00544,APAC,partner,SKU-1029,Deck Box,ACCESSORIES,2,11.14,0.00,completed,9
ORD-000712,2025-05-21 20:09:58,CUST-00219,emea,retail,SKU-1239,Dice Set,Accessories,3,32.87,0.00,completed,4
ORD-000155,2025-08-16 14:12:24,CUST-01163,EMEA,partner,SKU-1369,Cosmetic Bundle,Digital,1,6.73,0.00,refunded,18
ORD-000225,2025-01-11 08:28:19,CUST-00170,LATAM,wholesale,SKU-1314,Terrain Kit,Miniatures,2,23.26,0.00,cancelled,19
ORD-003350,2025-10-29 15:31:19,CUST-00383,North America,online,SKU-1163,Starter Deck,Trading Cards,1,92.68,0.20,pending,17
ORD-000602,01/05/2026,CUST-00968,North America,online,SKU-1270,Trade Winds,BOARD GAMES,1,79.93,0.00,refunded,16
ORD-003719,11-May-2025,CUST-00533,LATAM,wholesale,SKU-1039,Castle Siege,  Board Games ,1,17.13,0.05,cancelled,14
ORD-003470,09/02/2025,CUST-00847,LATAM,wholesale,SKU-1335,Castle Siege,Board Games,2,33.78,0.00,pending,20
ORD-003132,2026-03-28 11:18:31,CUST-01714,LATAM,partner,SKU-1036,Trade Winds,Board Games,2,79.54,0.00,refunded,12
ORD-001687,06/17/2026,CUST-00805,APAC,wholesale,SKU-1195,Playmat,ACCESSORIES,2,19.54,0.00,cancelled,16
ORD-003856,01/05/2025,CUST-00027,North America,,SKU-1258,Booster Pack,trading cards,1,9.22,0.20,cancelled,17
ORD-004764,06/26/2025,CUST-00119,LATAM,online,SKU-1175,Card Sleeves,Accessories,1,22.28,0.00,cancelled,4
ORD-004874,2026-01-01 12:47:07,CUST-00296,apac,  online ,SKU-1018,2000pc Star Chart,PUZZLES,1,15.81,0.00,pending,7
ORD-002361,2025-03-11 07:29:35,CUST-00052,North America,  wholesale ,SKU-1180,Terrain Kit,Miniatures,2,$72.27,0.05,refunded,14
ORD-004505,2025-08-06 12:46:54,CUST-01371,North America,online,SKU-1189,Warband Set,miniatures,1,130.70,0.00,cancelled,18
ORD-004364,2026-06-07 23:39:09,CUST-01708,LATAM,RETAIL,SKU-1148,Deck Box,Accessories,4,15.57,0.15,refunded,18
ORD-002651,2025-03-27 09:20:14,CUST-00910,North America,retail,SKU-1260,Deck Box,Accessories,3,10.46,0.00,refunded,14
ORD-000612,13-Dec-2025,CUST-00611,North America,wholesale,SKU-1383,Harvest Moon Valley,Board Games,2,42.56,0.00,cancelled,17
ORD-003713,04-May-2025,CUST-00717,APAC,retail,SKU-1169,Signal Fire,Board Games,1,$17.80,0.00,refunded,5
ORD-003739,2025-11-27 03:22:56,CUST-00273,LATAM,RETAIL,SKU-1246,Trade Winds,Board Games,2,40.84,0.00,refunded,20
ORD-003159,2025-01-04 04:52:01,CUST-00277,EMEA,online,SKU-1365,Promo Tin,Trading Cards,3,32.93,0.10,refunded,11
ORD-003694,2026-02-18 00:01:18,CUST-01437,LATAM,wholesale,SKU-1208,Expansion Key,Digital,3,$6.61,0.00,cancelled,16
ORD-001930,04/05/2025,CUST-00918,North America,partner,SKU-1115,Playmat,Accessories,1,38.07,0.00,pending,20
ORD-001689,05-Oct-2025,CUST-01177,LATAM,retail,SKU-1083,Trade Winds,Board Games,4,23.27,0.00,completed,1
ORD-003039,2026-03-05T02:44:28Z,CUST-01418,North America,online,SKU-1089,2000pc Star Chart,PUZZLES,1,15.71,0.00,completed,4
ORD-003864,06/30/2026,CUST-00339,LATAM,retail,SKU-1274,Starter Deck,Trading Cards,2,228.85,0.00,completed,
ORD-003137,03/25/2025,CUST-00526,EMEA,online,SKU-1184,Trade Winds,Board Games,1,19.51,0.00,cancelled,2
ORD-000519,2025-08-20 09:42:46,CUST-00944,North America,  retail ,SKU-1180,Bundle Case,Trading Cards,2,145.84,0.00,completed,1
ORD-002090,2025-01-17 05:31:28,CUST-01773,LATAM,PARTNER,SKU-1085,1000pc Coastline,Puzzles,4,30.03,0.00,refunded,1
ORD-002572,2025-07-18 09:13:36,CUST-00838,EMEA,retail,SKU-1381,Terrain Kit,Miniatures,1,22.64,0.00,completed,17
ORD-001908,2026-02-01T10:01:59Z,CUST-00245,LATAM,wholesale,SKU-1055,Card Sleeves,Accessories,1,21.92,0.00,cancelled,12
ORD-001481,2025-05-11 14:26:25,CUST-00547,North America,partner,SKU-1158,Dice Set,Accessories,1,30.35,0.10,cancelled,17
ORD-002295,02/09/2025,CUST-01232,LATAM,wholesale,SKU-1206,Signal Fire,Board Games,1,32.71,0.10,completed,2
ORD-001876,2025-02-17 12:44:53,CUST-00251,LATAM,partner,SKU-1046,Promo Tin,Trading Cards,4,33.10,0.10,cancelled,5
ORD-004012,2025-03-09 05:10:23,CUST-00546,North America,retail,SKU-1246,Deck Box,Accessories,1,19.88,0.00,pending,6
ORD-001885,17-Mar-2026,CUST-00089,EMEA,online,SKU-1348,Harvest Moon Valley,Board Games,2,49.79,0.00,refunded,10
ORD-004100,2025-07-10 04:13:41,CUST-00572,LATAM,online,SKU-1127,Season Pass,Digital,2,26.70,0.00,pending,4
ORD-001994,09-Feb-2026,CUST-00269,APAC,retail,SKU-1045,Harvest Moon Valley,  Board Games ,1,$37.86,0.00,cancelled,
ORD-003654,2025-12-27 06:47:22,CUST-00362,LATAM,,SKU-1095,Season Pass,Digital,12,57.23,0.00,pending,7
ORD-004872,2025-05-26 16:14:02,CUST-00389,APAC,wholesale,SKU-1387,Terrain Kit,MINIATURES,1,129.40,0.00,pending,17
ORD-003950,01/14/2026,CUST-01639,LATAM,online,SKU-1358,Harvest Moon Valley,Board Games,-4,67.19,0.00,refunded,6
ORD-002250,2026-02-02 03:10:15,CUST-00605,apac,retail,SKU-1053,Playmat,ACCESSORIES,2,31.80,0.00,completed,5
ORD-000351,2026-02-12 22:27:04,CUST-00948,North America,wholesale,SKU-1043,Dice Set,Accessories,1,23.93,0.00,refunded,18
ORD-001066,2026-02-09 13:52:27,CUST-00724,EMEA,partner,SKU-1111,Warband Set,  Miniatures ,5,100.39,0.25,completed,8
ORD-004621,2025-10-30 12:05:26,CUST-00831,North America,retail,SKU-1037,Trade Winds,Board Games,1,75.88,0.00,pending,6
ORD-000492,2025-03-30T05:11:00Z,CUST-01082,North America,wholesale,SKU-1242,Playmat,Accessories,5,30.48,0.00,pending,18
ORD-001979,2025-08-31 18:52:05,CUST-00903,  APAC ,wholesale,SKU-1313,Hero Blister,Miniatures,8,37.09,0.00,cancelled,11
ORD-000632,02/08/2026,CUST-01297,  LATAM ,wholesale,SKU-1122,Bundle Case,trading cards,3,202.63,0.00,completed,7
ORD-000048,2025-03-28 19:19:33,CUST-00965,APAC,  wholesale ,SKU-1256,Hero Blister,Miniatures,4,68.33,0.00,pending,16
ORD-002271,2026-02-13 05:10:38,CUST-01471,APAC,wholesale,SKU-1073,Signal Fire,  Board Games ,3,26.38,0.00,completed,10
ORD-003657,2025-10-15 02:17:11,CUST-00293,LATAM,retail,SKU-1059,Collector Box,Trading Cards,2,$193.44,0.00,pending,20
ORD-004031,2026-02-28T14:28:26Z,CUST-01451,North America,wholesale,SKU-1123,Dungeon Delve,Board Games,8,53.87,0.00,pending,17
ORD-002647,2026-02-18 20:57:48,CUST-01213,North America,partner,SKU-1233,1000pc Coastline,Puzzles,1,12.72,0.00,cancelled,15
ORD-004684,2025-12-07 06:16:27,CUST-01135,EMEA,online,SKU-1229,Collector Box,Trading Cards,1,201.89,0.00,pending,8
ORD-004686,05/30/2026,CUST-01354,North America,  wholesale ,SKU-1181,Dice Set,accessories,-4,24.84,0.05,pending,19
ORD-003658,09/27/2025,CUST-01589,North America,wholesale,SKU-1046,Terrain Kit,Miniatures,2,103.58,0.20,pending,17
ORD-003121,2026-02-08 21:34:57,CUST-00010,EMEA,partner,SKU-1162,1000pc Coastline,Puzzles,1,13.32,0.00,cancelled,12
ORD-003134,2026-05-05 23:59:38,CUST-01748,emea,online,SKU-1288,Expansion Key,Digital,3,10.50,0.00,cancelled,10
ORD-000376,2025-03-17 15:40:19,CUST-00596,North America,retail,SKU-1316,1000pc Coastline,Puzzles,1,27.90,0.00,cancelled,15
ORD-001522,2025-04-09 20:20:19,CUST-01074,EMEA,online,SKU-1322,Dungeon Delve,  Board Games ,3,22.31,0.00,refunded,2
ORD-001468,2025-02-03 10:43:01,CUST-01528,apac,partner,SKU-1374,Castle Siege,board games,1,63.04,0.00,completed,19
ORD-000942,2025-10-09 06:11:43,CUST-00355,North America,partner,SKU-1016,Season Pass,Digital,2,27.53,0.05,completed,10
ORD-004232,2025-09-03 11:00:36,CUST-00005,LATAM,ONLINE,SKU-1254,Warband Set,Miniatures,2,143.89,0.00,completed,7
ORD-002046,02/04/2026,CUST-01569,LATAM,retail,SKU-1278,Playmat,Accessories,1,19.11,0.00,completed,5
ORD-001251,12/19/2025,CUST-00485,North America,wholesale,SKU-1294,1000pc Coastline,Puzzles,2,12.46,0.00,cancelled,14
ORD-003103,04/14/2025,CUST-01454,APAC,partner,SKU-1328,Warband Set,Miniatures,2,38.47,0.05,refunded,8
ORD-001223,2026-01-11T08:49:12Z,CUST-00547,North America,partner,SKU-1153,Card Sleeves,Accessories,-2,$21.86,0.00,pending,19
ORD-003317,23-Aug-2025,CUST-01114,APAC,  wholesale ,SKU-1062,Season Pass,  Digital ,-1,59.17,0.00,pending,17
ORD-004644,2026-01-29 13:31:57,CUST-01289,EMEA,ONLINE,SKU-1204,Castle Siege,  Board Games ,1,23.97,0.25,cancelled,14
ORD-002356,2026-02-11T17:21:44Z,CUST-00148,  APAC ,online,SKU-1219,Dungeon Delve,Board Games,1,54.06,0.00,cancelled,9
ORD-003198,2025-07-21 12:20:47,CUST-00614,latam,retail,SKU-1348,Booster Pack,Trading Cards,2,132.45,0.00,refunded,7
ORD-000142,2025-07-12 04:53:13,CUST-01423,LATAM,online,SKU-1058,Booster Pack,Trading Cards,4,68.23,0.00,completed,11
ORD-001762,2025-01-09 06:53:09,CUST-01248,EMEA,retail,SKU-1288,Expansion Key,Digital,4,59.98,0.00,cancelled,17
ORD-002169,06/21/2026,CUST-01007,EMEA,partner,SKU-1124,Bundle Case,Trading Cards,1,$177.47,0.00,pending,21
ORD-001832,2025-12-13 07:30:45,CUST-01073,North America,wholesale,SKU-1220,Deck Box,Accessories,12,7.70,0.00,completed,14
ORD-000316,2026-03-20 13:57:27,CUST-00009,LATAM,partner,SKU-1154,500pc Night Market,puzzles,12,32.38,0.05,refunded,13
ORD-002838,2025-10-18T22:54:27Z,CUST-01007,LATAM,partner,SKU-1332,Warband Set,MINIATURES,12,103.68,0.00,refunded,16
ORD-003546,2025-07-07 01:37:11,CUST-00340,LATAM,PARTNER,SKU-1104,500pc Night Market,Puzzles,5,14.38,0.00,cancelled,4
ORD-000113,2026-06-11 07:59:25,CUST-00952,North America,retail,SKU-1117,Booster Pack,Trading Cards,-1,59.96,0.05,refunded,10
ORD-003623,2025-09-16 12:59:13,CUST-01445,EMEA,,SKU-1111,Playmat,Accessories,5,30.32,0.20,pending,2
ORD-003262,07/13/2025,CUST-00714,north america,PARTNER,SKU-1052,Dungeon Delve,  Board Games ,2,55.85,0.25,refunded,21
ORD-004818,19-Jul-2025,CUST-00795,APAC,wholesale,SKU-1369,Booster Pack,Trading Cards,3,$248.65,0.00,refunded,5
ORD-002450,12/30/2025,CUST-01089,APAC,WHOLESALE,SKU-1007,Trade Winds,Board Games,4,78.97,0.00,completed,20
ORD-004991,2026-01-29 10:33:43,CUST-01258,North America,online,SKU-1372,Trade Winds,Board Games,12,52.56,0.00,cancelled,14
ORD-002140,2025-01-24 10:21:35,CUST-01469,North America,online,SKU-1103,500pc Night Market,Puzzles,1,33.15,0.25,cancelled,18
ORD-001616,2025-02-23 14:27:25,CUST-00951,APAC,retail,SKU-1306,Warband Set,Miniatures,3,31.91,0.00,cancelled,10
ORD-000714,2025-04-06 13:56:01,CUST-01089,APAC,partner,SKU-1235,Starter Deck,Trading Cards,2,238.66,0.00,refunded,5
ORD-001045,2026-06-05 03:22:51,CUST-01742,North America,online,SKU-1067,Harvest Moon Valley,Board Games,1,25.11,0.00,refunded,18
ORD-004527,16-Jun-2026,CUST-01739,APAC,wholesale,SKU-1249,Collector Box,Trading Cards,4,144.53,0.00,pending,19
ORD-000577,2025-03-16 13:13:41,CUST-00591,North America,wholesale,SKU-1192,Dungeon Delve,Board Games,2,38.46,0.00,pending,19
ORD-002025,2025-12-06 04:40:17,CUST-00524,EMEA,  online ,SKU-1021,Season Pass,Digital,1,19.41,0.00,pending,3
ORD-000687,2025-04-13T17:17:48Z,CUST-00675,LATAM,online,SKU-1313,500pc Night Market,PUZZLES,1,28.52,0.00,pending,1
ORD-002274,03-Sep-2025,CUST-01640,North America,online,SKU-1134,Castle Siege,Board Games,2,59.96,0.00,refunded,4
ORD-004648,2026-04-11 08:03:29,CUST-00924,APAC,  online ,SKU-1047,Cosmetic Bundle,Digital,1,19.13,0.00,refunded,1
ORD-003410,2025-08-06 06:05:59,CUST-01037,North America,partner,SKU-1158,2000pc Star Chart,Puzzles,1,12.74,0.00,completed,4
ORD-003487,10/20/2025,CUST-00184,EMEA,wholesale,SKU-1295,Season Pass,Digital,2,$46.92,0.00,cancelled,17
ORD-001165,2025-08-29 12:14:47,CUST-01084,NORTH AMERICA,partner,SKU-1000,Trade Winds,Board Games,2,50.96,0.00,refunded,18
ORD-000689,23-May-2026,CUST-00233,EMEA,partner,SKU-1013,1000pc Coastline,Puzzles,4,15.31,0.00,cancelled,10
ORD-002459,14-Dec-2025,CUST-01097,  APAC ,wholesale,SKU-1186,Expansion Key,  Digital ,5,57.80,0.00,completed,4
ORD-000345,09-Aug-2025,CUST-00740,North America,wholesale,SKU-1201,500pc Night Market,Puzzles,1,26.83,0.00,refunded,3
ORD-002497,2025-04-26 13:18:26,CUST-01056,APAC,wholesale,SKU-1346,Signal Fire,BOARD GAMES,1,45.07,0.00,refunded,10
ORD-004372,2026-06-09 09:44:42,CUST-01031,LATAM,online,SKU-1205,Card Sleeves,Accessories,1,5.05,0.00,pending,2
ORD-000308,2026-06-03 18:37:15,CUST-00817,APAC,retail,SKU-1298,Harvest Moon Valley,Board Games,1,33.11,0.10,cancelled,17
ORD-001038,2025-05-06 11:33:03,CUST-01656,LATAM,retail,SKU-1087,Terrain Kit,Miniatures,1,145.65,0.00,refunded,21
ORD-000615,2026-06-22 04:15:37,CUST-00729,APAC,online,SKU-1251,Harvest Moon Valley,Board Games,1,73.13,0.00,refunded,20
ORD-001346,10-Aug-2025,CUST-00300,EMEA,  wholesale ,SKU-1036,Hero Blister,Miniatures,1,84.04,0.00,refunded,1
ORD-003306,12-Jun-2026,CUST-00567,LATAM,wholesale,SKU-1029,Dice Set,Accessories,3,14.16,0.00,refunded,1
ORD-004195,2026-02-16 14:35:49,CUST-01327,APAC,online,SKU-1229,Dice Set,Accessories,4,6.59,0.20,pending,1
ORD-001230,09/08/2025,CUST-01037,North America,partner,SKU-1012,Cosmetic Bundle,Digital,2,$29.83,0.00,refunded,5
ORD-000555,2026-04-10 17:18:13,CUST-00192,EMEA,wholesale,SKU-1271,Season Pass,Digital,1,45.34,0.05,pending,21
ORD-002859,2025-03-25 23:15:46,CUST-00804,LATAM,retail,SKU-1270,Starter Deck,Trading Cards,1,165.84,0.00,pending,4
ORD-002539,2025-12-04 09:30:00,CUST-00035,APAC,online,SKU-1351,Bundle Case,Trading Cards,1,86.43,0.00,refunded,21
ORD-003243,06-May-2026,CUST-00172,LATAM,retail,SKU-1089,Hero Blister,Miniatures,4,39.22,0.00,pending,16
ORD-001790,05/30/2026,CUST-00076,LATAM,wholesale,SKU-1207,Collector Box,Trading Cards,8,148.82,0.00,pending,16
ORD-001156,2025-04-14 13:10:06,CUST-00375,EMEA,wholesale,SKU-1262,Deck Box,Accessories,1,6.72,0.00,pending,19
ORD-004699,2025-01-29 19:36:17,CUST-00603,LATAM,retail,SKU-1052,Harvest Moon Valley,Board Games,1,59.84,0.00,completed,20
ORD-003661,2026-03-06 06:16:47,CUST-00561,North America,wholesale,SKU-1124,Collector Box,TRADING CARDS,2,6.43,0.00,cancelled,20
ORD-003094,2025-01-08 19:36:47,,APAC,wholesale,SKU-1191,Bundle Case,Trading Cards,1,176.08,0.00,cancelled,2
ORD-002099,09/26/2025,CUST-01531,North America,wholesale,SKU-1046,Deck Box,  Accessories ,8,19.03,0.05,completed,8
ORD-003113,02/23/2026,CUST-01797,APAC,RETAIL,SKU-1089,500pc Night Market,Puzzles,12,17.36,0.00,pending,12
ORD-003715,2026-05-03 07:09:52,CUST-00016,APAC,online,SKU-1053,Paint Set,Miniatures,1,143.63,0.10,cancelled,18
ORD-000089,08-Jun-2025,CUST-01236,LATAM,online,SKU-1307,Harvest Moon Valley,Board Games,2,20.20,0.00,cancelled,21
ORD-000477,2025-10-05 18:09:23,CUST-01507,LATAM,wholesale,SKU-1227,Season Pass,Digital,8,18.66,0.10,pending,21
ORD-004438,10/28/2025,CUST-01093,NORTH AMERICA,ONLINE,SKU-1096,Castle Siege,Board Games,4,70.93,0.00,pending,19
ORD-004653,2025-07-27 15:18:14,CUST-00519,LATAM,partner,SKU-1039,500pc Night Market,Puzzles,3,32.85,0.00,refunded,16
ORD-001069,2026-02-13 00:25:08,CUST-00297,APAC,wholesale,SKU-1161,2000pc Star Chart,Puzzles,1,16.73,0.00,refunded,4
ORD-002851,12-Apr-2026,CUST-00960,APAC,retail,SKU-1104,Signal Fire,Board Games,3,21.27,0.15,refunded,9
ORD-001774,23-Feb-2026,CUST-01506,,wholesale,SKU-1387,Collector Box,Trading Cards,2,77.16,0.00,completed,21
ORD-004823,2025-01-02 09:46:40,CUST-00470,North America,wholesale,SKU-1225,Starter Deck,Trading Cards,2,183.39,0.10,cancelled,10
ORD-004862,2025-10-31 20:31:10,CUST-01608,latam,  wholesale ,SKU-1138,Hero Blister,Miniatures,3,149.13,0.00,refunded,8
ORD-001398,03/19/2025,CUST-00579,APAC,online,SKU-1338,Deck Box,Accessories,1,$19.96,0.00,refunded,18
ORD-004227,2025-10-11 07:39:05,CUST-01216,EMEA,retail,SKU-1109,Trade Winds,Board Games,3,71.22,0.05,completed,9
ORD-000257,09/06/2025,CUST-00647,North America,online,SKU-1198,Hero Blister,Miniatures,1,41.95,0.00,cancelled,4
ORD-000015,02/26/2025,CUST-01129,,online,SKU-1099,Card Sleeves,Accessories,1,36.59,0.00,pending,7
ORD-000013,2026-06-09 15:34:41,CUST-00421,  LATAM ,online,SKU-1272,2000pc Star Chart,Puzzles,2,27.36,0.00,completed,9
ORD-000935,2025-03-23T05:48:11Z,CUST-00285,EMEA,partner,SKU-1351,Expansion Key,Digital,1,6.23,0.00,completed,5
ORD-003498,08/17/2025,CUST-00666,North America,partner,SKU-1361,Promo Tin,Trading Cards,1,178.14,0.00,completed,1
ORD-004390,2025-05-29 17:37:09,CUST-00364,  North America ,wholesale,SKU-1344,Cosmetic Bundle,Digital,2,22.59,0.00,pending,18
ORD-000837,05/15/2025,CUST-00229,APAC,RETAIL,SKU-1213,Expansion Key,Digital,1,36.52,0.05,pending,14
ORD-000795,12-Mar-2025,CUST-01330,APAC,retail,SKU-1342,Expansion Key,Digital,1,54.64,0.05,pending,5
ORD-001215,2025-10-20 17:38:42,CUST-00385,LATAM,wholesale,SKU-1000,Dice Set,Accessories,1,26.73,0.00,cancelled,10
ORD-004984,2025-09-04 01:51:25,CUST-00285,APAC,ONLINE,SKU-1150,Collector Box,Trading Cards,1,156.58,0.00,completed,3
ORD-000025,12/09/2025,CUST-00654,EMEA,online,SKU-1169,Bundle Case,Trading Cards,4,7.25,0.00,pending,12
ORD-004865,26-Mar-2025,CUST-00304,APAC,  retail ,SKU-1036,1000pc Coastline,  Puzzles ,2,12.98,0.15,pending,10
ORD-000633,05-Feb-2026,CUST-00854,LATAM,partner,SKU-1340,Cosmetic Bundle,  Digital ,2,39.99,0.00,completed,12
ORD-004034,01/16/2026,CUST-01188,APAC,online,SKU-1037,Season Pass,  Digital ,3,52.09,0.10,pending,14
ORD-003517,2026-06-05 23:29:25,CUST-00474,North America,partner,SKU-1021,Booster Pack,Trading Cards,3,212.74,0.05,refunded,15
ORD-000241,02/20/2025,CUST-00429,EMEA,wholesale,SKU-1287,Hero Blister,Miniatures,1,41.65,0.15,refunded,11
ORD-003152,2025-02-02 18:29:42,CUST-00280,  APAC ,online,SKU-1030,Collector Box,Trading Cards,5,61.82,0.00,cancelled,11
ORD-004899,2026-04-12 03:31:16,CUST-01272,EMEA,partner,SKU-1184,500pc Night Market,PUZZLES,5,20.83,0.00,cancelled,8
ORD-000139,02/15/2025,CUST-00088,LATAM,partner,SKU-1070,Terrain Kit,Miniatures,1,33.37,0.00,completed,21
ORD-002481,2026-01-05 20:37:22,CUST-01277,North America,online,SKU-1014,Booster Pack,Trading Cards,1,234.05,0.20,cancelled,11
ORD-002091,02/16/2025,CUST-01364,APAC,partner,SKU-1112,1000pc Coastline,PUZZLES,1,32.83,0.25,cancelled,12
ORD-000865,2026-04-19 20:12:55,CUST-00391,  EMEA ,partner,SKU-1187,Season Pass,Digital,1,35.33,0.00,pending,9
ORD-003597,2025-05-21 05:07:54,CUST-00440,  North America ,online,SKU-1297,Dungeon Delve,Board Games,4,20.67,0.00,refunded,17
ORD-001454,2026-03-05T09:09:53Z,CUST-00693,LATAM,wholesale,SKU-1032,Expansion Key,digital,2,11.19,0.15,pending,15
ORD-003257,2025-09-24 21:12:39,CUST-01529,APAC,retail,SKU-1365,Playmat,Accessories,4,17.08,0.00,pending,6
ORD-000670,03/15/2026,CUST-01596,  APAC ,partner,SKU-1337,Cosmetic Bundle,Digital,1,$59.12,0.00,pending,9
ORD-003768,2026-05-13 10:37:27,CUST-00210,APAC,retail,SKU-1314,Card Sleeves,Accessories,2,7.37,0.00,completed,15
ORD-002174,2025-06-12 17:23:56,CUST-00972,North America,partner,SKU-1216,1000pc Coastline,Puzzles,2,11.17,0.00,cancelled,7
ORD-004065,2025-06-30 15:22:11,CUST-00700,North America,wholesale,SKU-1124,Dungeon Delve,BOARD GAMES,1,53.87,0.15,completed,13
ORD-002728,2026-05-08 13:30:51,CUST-01388,North America,online,SKU-1148,Trade Winds,board games,3,19.67,0.20,pending,21
ORD-003637,09/29/2025,CUST-00995,EMEA,online,SKU-1092,Paint Set,miniatures,1,44.35,0.00,pending,8
ORD-003074,2026-05-26T10:39:44Z,CUST-01611,EMEA,wholesale,SKU-1073,Season Pass,Digital,3,47.82,0.00,completed,20
ORD-003143,2025-04-13 23:07:52,CUST-00532,North America,online,SKU-1330,Hero Blister,Miniatures,1,56.88,0.00,completed,3
ORD-001925,2025-04-27 11:30:00,CUST-01033,APAC,online,SKU-1125,1000pc Coastline,Puzzles,1,31.01,0.15,cancelled,18
ORD-002751,10/23/2025,CUST-01113,APAC,retail,SKU-1059,2000pc Star Chart,Puzzles,2,25.78,0.00,pending,16
ORD-003758,01-May-2025,CUST-01786,APAC,retail,SKU-1012,Trade Winds,Board Games,3,43.20,0.00,cancelled,9
ORD-002996,2025-03-20T21:20:24Z,CUST-00485,APAC,wholesale,SKU-1132,Deck Box,Accessories,1,39.82,0.10,refunded,6
ORD-003053,2026-02-17 18:20:07,CUST-01323,APAC,partner,SKU-1171,2000pc Star Chart,Puzzles,2,$10.03,0.00,cancelled,5
ORD-004617,2026-02-06 23:21:25,CUST-01105,APAC,partner,SKU-1285,1000pc Coastline,Puzzles,1,18.89,0.00,refunded,16
ORD-001229,2025-12-12 04:13:41,CUST-00833,,retail,SKU-1133,Deck Box,Accessories,1,29.65,0.15,refunded,3
ORD-000641,2025-01-12 14:01:32,CUST-01580,APAC,wholesale,SKU-1032,Hero Blister,Miniatures,1,78.18,0.00,completed,3
ORD-003427,2025-09-10 11:12:35,CUST-01153,APAC,online,SKU-1386,Dungeon Delve,Board Games,1,33.34,0.00,cancelled,10
ORD-001882,16-Jul-2025,CUST-01588,LATAM,retail,SKU-1214,Bundle Case,Trading Cards,4,197.26,0.00,completed,5
ORD-000933,07/21/2025,CUST-01308,EMEA,online,SKU-1192,1000pc Coastline,PUZZLES,2,34.13,0.00,pending,18
ORD-001815,2026-05-10 10:38:55,CUST-01430,EMEA,online,SKU-1253,Season Pass,Digital,1,52.56,0.00,cancelled,18
ORD-001529,2025-06-17 07:22:39,CUST-00043,North America,online,SKU-1396,500pc Night Market,puzzles,8,23.28,0.00,refunded,2
ORD-004186,2025-06-29 16:52:05,CUST-00690,EMEA,retail,SKU-1282,Starter Deck,Trading Cards,2,231.52,0.10,completed,21
ORD-004945,2025-01-02 12:33:38,CUST-01389,EMEA,wholesale,SKU-1056,Cosmetic Bundle,Digital,1,18.04,0.10,refunded,3
ORD-002545,2025-05-13 18:02:24,CUST-00536,North America,retail,SKU-1336,Collector Box,Trading Cards,2,248.00,0.20,completed,16
ORD-000780,06/23/2026,CUST-00111,North America,partner,SKU-1151,Expansion Key,Digital,2,54.61,0.10,cancelled,1
ORD-001497,19-Jan-2026,CUST-00885,LATAM,partner,SKU-1065,Card Sleeves,Accessories,5,18.13,0.25,refunded,14
ORD-001190,03/18/2026,CUST-01702,APAC,retail,SKU-1204,Warband Set,Miniatures,-3,126.19,0.00,refunded,17
ORD-004190,16-Jul-2025,CUST-01107,,partner,SKU-1245,500pc Night Market,Puzzles,8,29.89,0.00,refunded,3
ORD-002362,12/17/2025,CUST-01471,EMEA,wholesale,SKU-1325,Dice Set,Accessories,1,18.50,0.00,refunded,1
ORD-003537,05/18/2026,CUST-01450,latam,RETAIL,SKU-1196,2000pc Star Chart,Puzzles,1,22.71,0.10,cancelled,5
ORD-004452,2025-05-04 06:30:55,CUST-00678,EMEA,retail,SKU-1386,Expansion Key,Digital,2,4.63,0.00,cancelled,15
ORD-000211,20-Jan-2026,CUST-00314,EMEA,retail,SKU-1301,Cosmetic Bundle,DIGITAL,3,$30.51,0.00,completed,1
ORD-002326,2025-01-25 02:58:35,CUST-00076,APAC,wholesale,SKU-1030,Collector Box,trading cards,1,99.52,0.10,refunded,14
ORD-004434,06/23/2026,CUST-00976,EMEA,retail,SKU-1314,Dungeon Delve,Board Games,2,15.35,0.00,pending,16
ORD-004564,2026-04-23T12:39:44Z,CUST-00364,EMEA,online,SKU-1203,Warband Set,Miniatures,1,67.32,0.00,cancelled,5
ORD-000768,02/18/2025,CUST-01335,North America,online,SKU-1205,Booster Pack,Trading Cards,3,45.45,0.00,pending,7
ORD-001514,2025-08-01 18:12:07,CUST-01610,LATAM,retail,SKU-1304,Bundle Case,Trading Cards,3,109.50,0.00,completed,12
ORD-002094,2026-06-28 07:21:12,CUST-00296,North America,PARTNER,SKU-1392,Collector Box,Trading Cards,2,25.78,0.00,cancelled,1
ORD-004205,2025-06-03 07:17:43,CUST-00076,North America,wholesale,SKU-1249,Season Pass,Digital,5,36.02,0.00,completed,16
ORD-004127,2025-04-14 15:07:34,,  North America ,online,SKU-1159,Promo Tin,TRADING CARDS,1,16.03,0.00,pending,4
ORD-004359,2025-09-16 22:14:36,CUST-00200,APAC,partner,SKU-1028,Starter Deck,Trading Cards,2,232.88,0.20,pending,12
ORD-002348,2025-09-22 14:01:56,CUST-00629,North America,online,SKU-1061,Signal Fire,BOARD GAMES,4,39.06,0.00,pending,4
ORD-004762,2025-09-05 02:30:33,CUST-00910,LATAM,online,SKU-1311,Booster Pack,TRADING CARDS,1,158.64,0.25,refunded,18
ORD-003360,2025-07-20T01:25:50Z,CUST-01730,EMEA,partner,SKU-1100,500pc Night Market,Puzzles,1,21.91,0.00,refunded,5
ORD-000437,11/18/2025,CUST-01265,APAC,,SKU-1107,Cosmetic Bundle,Digital,2,46.69,0.00,completed,8
ORD-004571,03/20/2025,CUST-00943,APAC,retail,SKU-1391,Playmat,Accessories,1,16.37,0.00,pending,4
ORD-001189,2025-09-20 19:15:14,CUST-01660,North America,retail,SKU-1198,Castle Siege,Board Games,3,40.77,0.00,refunded,14
ORD-002945,01/13/2026,CUST-00697,EMEA,retail,SKU-1269,2000pc Star Chart,Puzzles,1,14.83,0.00,cancelled,17
ORD-003242,08-May-2025,CUST-01244,LATAM,retail,SKU-1188,Bundle Case,Trading Cards,4,61.25,0.00,cancelled,19
ORD-002288,12/25/2025,CUST-01493,LATAM,  retail ,SKU-1083,Season Pass,Digital,5,29.64,0.00,cancelled,4
ORD-001373,2025-11-11 23:26:30,CUST-01088,EMEA,online,SKU-1098,Warband Set,Miniatures,2,141.23,0.00,pending,1
ORD-000599,03/25/2026,CUST-00409,APAC,retail,SKU-1345,Card Sleeves,Accessories,3,27.20,0.00,pending,18
ORD-001031,2025-06-19 17:24:38,CUST-00898,EMEA,online,SKU-1188,Season Pass,Digital,-8,28.32,0.20,completed,19
ORD-004723,20-Jun-2026,CUST-00376,apac,online,SKU-1009,Deck Box,Accessories,2,$23.03,0.00,completed,21
ORD-004580,09-Feb-2025,CUST-00136,LATAM,retail,SKU-1250,Dice Set,Accessories,4,22.23,0.00,cancelled,12
ORD-004768,2025-10-26 17:09:16,CUST-00377,EMEA,online,SKU-1107,Bundle Case,Trading Cards,3,236.75,0.25,refunded,6
ORD-004643,09-Mar-2026,CUST-00142,North America,online,SKU-1388,Starter Deck,Trading Cards,2,95.57,0.00,refunded,3
ORD-004627,20-May-2026,CUST-01023,APAC,wholesale,SKU-1123,Deck Box,Accessories,1,11.71,0.00,cancelled,14
ORD-001235,2025-07-24 19:07:44,CUST-01496,North America,wholesale,SKU-1326,Terrain Kit,Miniatures,4,88.41,0.00,pending,6
ORD-000028,2026-01-20 02:09:01,CUST-00063,APAC,online,SKU-1393,1000pc Coastline,Puzzles,1,34.97,0.00,cancelled,12
ORD-000770,05/06/2026,CUST-01141,EMEA,retail,SKU-1040,Bundle Case,Trading Cards,1,131.40,0.00,pending,14
ORD-000958,2025-01-06 05:29:32,CUST-00992,LATAM,partner,SKU-1317,Dungeon Delve,Board Games,3,$79.44,0.00,cancelled,10
ORD-003666,2026-03-26 07:59:39,CUST-00642,North America,partner,SKU-1398,Harvest Moon Valley,BOARD GAMES,2,59.13,0.00,refunded,4
ORD-001402,2025-02-09 14:24:27,CUST-00599,LATAM,retail,SKU-1335,Trade Winds,Board Games,2,41.88,0.00,refunded,11
ORD-003407,2026-02-22T22:26:39Z,CUST-01256,APAC,partner,SKU-1026,Booster Pack,Trading Cards,1,210.26,0.10,completed,9
ORD-000086,11-Feb-2025,CUST-01219,APAC,retail,SKU-1251,Deck Box,ACCESSORIES,2,24.32,0.20,completed,1
ORD-003941,2026-01-06 17:10:00,CUST-00423,APAC,PARTNER,SKU-1148,Cosmetic Bundle,Digital,12,31.44,0.00,pending,4
ORD-002201,2025-08-27 15:17:38,CUST-00812,  LATAM ,partner,SKU-1320,Collector Box,Trading Cards,1,140.55,0.10,pending,17
ORD-001834,2025-04-27 04:59:59,CUST-01706,APAC,online,SKU-1355,Dice Set,ACCESSORIES,3,28.99,0.05,refunded,13
ORD-003707,2025-12-15T01:40:18Z,CUST-00249,LATAM,wholesale,SKU-1369,2000pc Star Chart,Puzzles,1,28.33,0.00,completed,11
ORD-004932,12-Jan-2025,CUST-00823,APAC,PARTNER,SKU-1245,Starter Deck,Trading Cards,2,214.45,0.05,cancelled,1
ORD-001856,2026-01-03T22:51:00Z,CUST-00891,LATAM,partner,SKU-1378,Dungeon Delve,Board Games,3,21.98,0.15,pending,12
ORD-001035,08/25/2025,CUST-00327,EMEA,retail,SKU-1160,Dice Set,Accessories,1,20.04,0.00,completed,9
ORD-003416,2025-07-13 08:45:59,CUST-01200,  LATAM ,partner,SKU-1058,Bundle Case,Trading Cards,1,69.36,0.00,pending,14
ORD-000731,2025-04-26 00:47:21,CUST-00170,EMEA,partner,SKU-1362,Signal Fire,Board Games,1,52.68,0.00,completed,
ORD-003825,2025-03-19 04:51:49,CUST-00534,LATAM,wholesale,SKU-1121,Collector Box,Trading Cards,3,249.55,0.00,refunded,12
ORD-003857,11-Aug-2025,CUST-00125,North America,wholesale,SKU-1289,Bundle Case,Trading Cards,1,239.89,0.15,refunded,20
ORD-000454,2025-12-01 03:37:09,CUST-01316,LATAM,retail,SKU-1243,Cosmetic Bundle,Digital,2,13.98,0.00,completed,13
ORD-000551,2026-02-24 02:42:16,CUST-00510,NORTH AMERICA,partner,SKU-1101,Card Sleeves,Accessories,8,25.56,0.00,pending,3
ORD-003906,2025-04-07 06:53:14,CUST-00128,North America,ONLINE,SKU-1319,Bundle Case,Trading Cards,2,203.80,0.15,cancelled,4
ORD-004884,14-Feb-2026,CUST-01600,EMEA,partner,SKU-1342,Harvest Moon Valley,Board Games,1,26.66,0.00,cancelled,14
ORD-003877,08-Dec-2025,CUST-00703,APAC,partner,SKU-1181,Harvest Moon Valley,Board Games,12,31.29,0.00,completed,11
ORD-002173,2025-04-16 18:14:39,CUST-00263,APAC,online,SKU-1146,Bundle Case,Trading Cards,12,175.84,0.00,pending,6
ORD-004524,2026-01-19 20:46:54,CUST-01325,APAC,RETAIL,SKU-1366,Season Pass,Digital,1,25.74,0.00,completed,3
ORD-001303,12/30/2025,CUST-01279,North America,online,SKU-1307,500pc Night Market,Puzzles,1,19.23,0.25,refunded,9
ORD-000525,2025-09-29 03:44:36,CUST-00978,,wholesale,SKU-1264,Booster Pack,Trading Cards,2,237.62,0.20,refunded,4
ORD-001964,2025-03-08 09:39:25,CUST-01021,EMEA,online,SKU-1194,Card Sleeves,Accessories,2,27.29,0.00,cancelled,11
ORD-003636,02/06/2025,CUST-01637,north america,partner,SKU-1380,500pc Night Market,Puzzles,1,19.62,0.00,cancelled,12
ORD-004458,2026-04-20 01:29:03,CUST-00300,LATAM,partner,SKU-1069,Paint Set,Miniatures,2,24.47,0.00,refunded,7
ORD-001488,2025-12-10 02:16:34,CUST-00329,EMEA,partner,SKU-1316,Trade Winds,  Board Games ,1,17.65,0.00,cancelled,10
ORD-002218,28-Feb-2025,CUST-00296,North America,partner,SKU-1136,Dice Set,Accessories,2,19.60,0.00,completed,5
ORD-003323,2025-07-24 14:07:58,CUST-01648,NORTH AMERICA,retail,SKU-1084,Warband Set,Miniatures,1,70.87,0.15,completed,10
ORD-002225,2026-01-03T20:56:37Z,CUST-00308,NORTH AMERICA,retail,SKU-1302,Playmat,Accessories,1,39.07,0.00,refunded,18
ORD-003005,03-Dec-2025,CUST-01403,North America,retail,SKU-1020,Booster Pack,Trading Cards,2,69.91,0.00,pending,5
ORD-003648,11-Jun-2026,CUST-00028,North America,online,SKU-1000,2000pc Star Chart,Puzzles,1,34.65,0.00,pending,8
ORD-003879,2025-03-23T02:36:58Z,CUST-01661,North America,retail,SKU-1323,Card Sleeves,Accessories,1,31.73,0.00,cancelled,8
ORD-002593,2025-06-08 07:44:11,CUST-01720,LATAM,wholesale,SKU-1106,500pc Night Market,Puzzles,3,$27.07,0.00,completed,6
ORD-000737,2026-01-20 17:43:22,CUST-01249,LATAM,retail,SKU-1254,Promo Tin,Trading Cards,4,45.14,0.10,completed,19
ORD-003981,2026-04-03 12:49:15,CUST-00650,APAC,partner,SKU-1177,Terrain Kit,Miniatures,1,99.66,0.00,refunded,21
ORD-002702,2025-12-29 20:16:39,CUST-01646,APAC,partner,SKU-1025,Season Pass,DIGITAL,1,24.74,0.00,pending,10
ORD-001623,2025-04-06 09:36:19,CUST-00067,LATAM,  partner ,SKU-1125,Dice Set,Accessories,1,30.63,0.00,pending,17
ORD-002985,2025-09-15T02:07:46Z,CUST-01406,North America,online,SKU-1039,Expansion Key,digital,3,51.75,0.00,cancelled,18
ORD-001699,2026-05-27T14:07:18Z,CUST-00654,APAC,partner,SKU-1113,Card Sleeves,Accessories,1,$34.34,0.05,cancelled,17
ORD-002622,12/15/2025,CUST-01539,  APAC ,partner,SKU-1233,Cosmetic Bundle,Digital,4,33.50,0.00,cancelled,3
ORD-001432,02-Feb-2026,CUST-00971,LATAM,retail,SKU-1322,Season Pass,Digital,4,21.17,0.00,pending,11
ORD-003087,02/03/2025,CUST-00788,North America,wholesale,SKU-1218,Booster Pack,Trading Cards,2,70.45,0.00,refunded,11
ORD-002257,2025-11-26 05:11:16,CUST-00435,LATAM,retail,SKU-1061,Deck Box,ACCESSORIES,3,37.66,0.10,pending,7
ORD-001284,10/10/2025,CUST-00917,  APAC ,online,SKU-1237,Signal Fire,board games,1,72.27,0.10,refunded,11
ORD-002648,2025-07-21 18:41:31,CUST-00634,latam,retail,SKU-1313,Expansion Key,Digital,1,44.17,0.00,pending,15
ORD-001352,2025-05-30 12:26:37,CUST-01788,North America,retail,SKU-1124,Cosmetic Bundle,Digital,3,13.96,0.05,refunded,2
ORD-002711,12-Oct-2025,CUST-00362,APAC,wholesale,SKU-1020,Signal Fire,Board Games,1,69.15,0.00,cancelled,2
ORD-004348,2026-02-13 19:59:33,CUST-01265,APAC,  wholesale ,SKU-1067,Castle Siege,Board Games,2,43.30,0.00,refunded,2
ORD-001540,2025-08-23 02:48:07,CUST-00226,APAC,wholesale,SKU-1078,Hero Blister,Miniatures,1,34.79,0.00,pending,6
ORD-003405,2025-03-13 01:25:36,CUST-00286,North America,partner,SKU-1105,Harvest Moon Valley,Board Games,1,23.22,0.00,completed,14
ORD-003703,01/02/2026,CUST-00520,EMEA,retail,SKU-1086,Warband Set,miniatures,3,35.10,0.00,completed,3
ORD-000439,2026-04-28 17:07:20,CUST-01729,APAC,online,SKU-1034,Warband Set,Miniatures,3,129.84,0.00,refunded,2
ORD-000494,2025-05-31 20:16:31,CUST-00903,latam,ONLINE,SKU-1052,Card Sleeves,Accessories,2,11.08,0.00,completed,20
ORD-001685,2025-01-28 01:42:17,CUST-00488,EMEA,wholesale,SKU-1090,Playmat,Accessories,2,17.03,0.00,refunded,20
ORD-002685,12-Feb-2026,CUST-01159,LATAM,partner,SKU-1263,Warband Set,Miniatures,1,120.79,0.10,completed,14
ORD-000634,2025-01-14 11:12:31,CUST-00555,EMEA,partner,SKU-1357,2000pc Star Chart,Puzzles,1,15.56,0.00,pending,20
ORD-002414,01/20/2026,CUST-01258,APAC,partner,SKU-1302,Hero Blister,miniatures,1,146.35,0.25,cancelled,11
ORD-000511,02-Jan-2025,CUST-00294,LATAM,online,SKU-1241,Dungeon Delve,Board Games,5,21.84,0.05,pending,3
ORD-003012,01/19/2025,CUST-00460,EMEA,online,SKU-1255,Expansion Key,Digital,1,45.61,0.15,cancelled,4
ORD-002136,25-Oct-2025,CUST-00747,emea,  online ,SKU-1001,1000pc Coastline,Puzzles,1,18.96,0.00,cancelled,8
ORD-000248,2025-07-05 15:54:13,CUST-01451,North America,partner,SKU-1051,Signal Fire,Board Games,2,21.44,0.00,refunded,9
ORD-003029,2025-10-07 15:37:06,CUST-00763,LATAM,partner,SKU-1057,Expansion Key,Digital,2,28.31,0.15,cancelled,15
ORD-001531,2025-06-27 15:14:25,CUST-00130,apac,online,SKU-1032,Warband Set,Miniatures,2,103.95,0.00,refunded,9
ORD-002287,09/09/2025,CUST-00859,  LATAM ,RETAIL,SKU-1170,Dungeon Delve,Board Games,1,30.04,0.00,cancelled,18
ORD-000072,2025-08-18 08:22:38,CUST-01646,EMEA,  online ,SKU-1184,Deck Box,Accessories,3,18.06,0.15,cancelled,5
ORD-001389,2025-01-26 14:59:52,CUST-01660,EMEA,retail,SKU-1320,Booster Pack,Trading Cards,1,95.63,0.00,cancelled,5
ORD-004314,25-Sep-2025,CUST-00230,North America,partner,SKU-1079,Warband Set,Miniatures,2,48.16,0.00,pending,19
ORD-004005,2025-05-31 21:13:46,CUST-00243,  North America ,wholesale,SKU-1158,Castle Siege,Board Games,1,34.32,0.00,completed,3
ORD-000381,2026-05-07 09:29:15,CUST-00888,North America,online,SKU-1213,Terrain Kit,Miniatures,1,27.07,0.00,pending,20
ORD-004922,11-May-2026,CUST-00542,LATAM,wholesale,SKU-1092,500pc Night Market,Puzzles,2,21.77,0.00,refunded,17
ORD-003972,2026-01-29 12:49:29,CUST-01154,  LATAM ,wholesale,SKU-1058,Terrain Kit,miniatures,1,$132.01,0.00,refunded,1
ORD-002145,10-Jun-2026,CUST-00916,APAC,online,SKU-1337,Harvest Moon Valley,Board Games,1,42.43,0.00,cancelled,1
ORD-002005,2026-03-24 12:55:33,,EMEA,retail,SKU-1166,Expansion Key,Digital,8,1.49,0.00,completed,3
ORD-004067,03/21/2025,CUST-00675,North America,  retail ,SKU-1212,Expansion Key,Digital,5,$26.49,0.00,cancelled,9
ORD-004585,14-Apr-2026,CUST-00967,North America,partner,SKU-1333,Starter Deck,Trading Cards,2,214.75,0.15,pending,14
ORD-002892,08/10/2025,CUST-00333,North America,partner,SKU-1215,Dice Set,Accessories,2,27.06,0.10,pending,2
ORD-004911,11/16/2025,CUST-00962,EMEA,partner,SKU-1063,Terrain Kit,Miniatures,1,$85.35,0.00,completed,5
ORD-003738,29-Sep-2025,CUST-00440,LATAM,  online ,SKU-1209,Castle Siege,Board Games,1,29.24,0.00,pending,3
ORD-002422,2025-11-25 09:48:44,CUST-00068,EMEA,retail,SKU-1144,Starter Deck,Trading Cards,1,12.44,0.00,cancelled,18
ORD-003599,2025-12-16 07:28:42,CUST-01702,LATAM,partner,SKU-1102,500pc Night Market,Puzzles,8,$23.81,0.00,cancelled,17
ORD-004734,12/24/2025,CUST-01589,North America,retail,SKU-1059,Deck Box,Accessories,3,$26.24,0.00,completed,18
ORD-001249,2025-07-05 22:42:13,CUST-00053,NORTH AMERICA,  wholesale ,SKU-1380,Booster Pack,TRADING CARDS,1,173.75,0.00,refunded,7
ORD-003680,2025-11-05 17:55:00,CUST-01789,  North America ,  retail ,SKU-1351,Signal Fire,Board Games,12,72.22,0.00,cancelled,16
ORD-000898,2026-05-05 13:18:20,CUST-01633,EMEA,wholesale,SKU-1271,Terrain Kit,Miniatures,1,108.19,0.00,completed,6
ORD-003548,07/11/2025,CUST-00709,EMEA,online,SKU-1249,Warband Set,Miniatures,3,91.29,0.00,pending,11
ORD-001612,2025-11-07 08:00:16,CUST-00354,APAC,online,SKU-1174,Season Pass,DIGITAL,2,5.51,0.00,completed,16
ORD-003464,2025-05-26 12:27:53,CUST-01010,North America,partner,SKU-1316,Terrain Kit,Miniatures,8,55.06,0.25,cancelled,15
ORD-002445,09-Jan-2025,CUST-00226,LATAM,wholesale,SKU-1080,Card Sleeves,ACCESSORIES,1,36.94,0.00,refunded,12
ORD-000604,2026-01-29 13:26:33,CUST-01196,LATAM,wholesale,SKU-1029,1000pc Coastline,Puzzles,2,13.90,0.20,pending,18
ORD-002034,2026-01-25T19:16:06Z,CUST-00756,North America,partner,SKU-1249,1000pc Coastline,PUZZLES,1,23.81,0.00,pending,18
ORD-001537,2025-12-16 17:35:10,CUST-01439,EMEA,partner,SKU-1303,2000pc Star Chart,  Puzzles ,1,13.64,0.00,completed,1
ORD-000894,2025-12-24 07:02:20,CUST-00631,LATAM,partner,SKU-1133,Castle Siege,  Board Games ,2,63.96,0.00,cancelled,6
ORD-001049,2025-07-17 09:55:25,CUST-00396,North America,partner,SKU-1057,Cosmetic Bundle,Digital,1,4.39,0.00,refunded,9
ORD-002119,17-Apr-2026,CUST-01121,APAC,wholesale,SKU-1268,Starter Deck,Trading Cards,1,215.74,0.00,pending,6
ORD-001971,2025-12-13 02:31:30,CUST-01426,LATAM,online,SKU-1193,Deck Box,Accessories,1,12.06,0.00,refunded,8
ORD-000844,06-May-2026,CUST-01272,emea,online,SKU-1291,Playmat,Accessories,4,11.31,0.05,completed,11
ORD-000500,2025-11-18 09:23:33,CUST-00195,LATAM,wholesale,SKU-1226,Dungeon Delve,Board Games,1,21.36,0.00,pending,2
ORD-000121,06/20/2026,CUST-00478,LATAM,retail,SKU-1022,Dice Set,Accessories,1,$6.22,0.00,cancelled,16
ORD-000617,2025-12-09 02:14:32,CUST-00234,LATAM,wholesale,SKU-1103,Hero Blister,Miniatures,1,74.88,0.20,completed,11
ORD-003442,06/22/2026,CUST-01770,LATAM,RETAIL,SKU-1225,Hero Blister,MINIATURES,2,83.51,0.00,refunded,20
ORD-004531,2026-05-25 18:06:55,CUST-01173,EMEA,wholesale,SKU-1269,Season Pass,Digital,1,33.25,0.15,cancelled,8
ORD-004405,2025-07-15 09:21:58,CUST-01202,  EMEA ,retail,SKU-1203,Deck Box,Accessories,1,13.52,0.00,refunded,14
ORD-004105,2025-08-29 20:02:37,CUST-00817,North America,partner,SKU-1394,2000pc Star Chart,puzzles,1,26.51,0.00,cancelled,6
ORD-003246,2025-05-08 06:41:50,CUST-01303,EMEA,retail,SKU-1161,Hero Blister,MINIATURES,2,99.63,0.00,pending,15
ORD-003136,2025-07-09 19:57:02,CUST-00954,North America,retail,SKU-1205,Card Sleeves,ACCESSORIES,5,9.39,0.00,completed,6
ORD-000176,2026-02-09 23:12:53,CUST-01265,North America,online,SKU-1105,Hero Blister,Miniatures,1,64.32,0.10,refunded,10
ORD-000861,2025-09-14 17:58:21,CUST-00065,EMEA,retail,SKU-1076,Castle Siege,Board Games,12,39.82,0.25,refunded,14
ORD-000203,20-Mar-2026,CUST-00160,LATAM,partner,SKU-1273,Signal Fire,Board Games,-3,79.21,0.00,cancelled,5
ORD-001207,2026-02-09T20:35:16Z,CUST-00013,apac,wholesale,SKU-1022,Playmat,Accessories,3,24.59,0.00,completed,21
ORD-002400,01-May-2026,CUST-00956,apac,wholesale,SKU-1047,500pc Night Market,Puzzles,5,10.49,0.00,refunded,13
ORD-004042,2025-08-03 12:48:19,CUST-00565,EMEA,partner,SKU-1183,Expansion Key,Digital,-4,24.11,0.10,cancelled,13
ORD-001351,2026-05-24 03:42:01,CUST-01363,LATAM,partner,SKU-1057,Warband Set,Miniatures,5,106.99,0.20,completed,9
ORD-003145,2026-02-08T06:25:15Z,CUST-01329,LATAM,partner,SKU-1254,500pc Night Market,Puzzles,1,28.36,0.10,refunded,18
ORD-001601,09/27/2025,CUST-00388,LATAM,partner,SKU-1139,500pc Night Market,Puzzles,1,34.12,0.00,completed,14
ORD-004931,2025-04-20 19:35:14,CUST-00114,apac,partner,SKU-1338,Starter Deck,Trading Cards,1,33.86,0.00,refunded,6
ORD-001523,2025-09-04 14:38:22,CUST-01421,APAC,retail,SKU-1099,Season Pass,Digital,1,23.28,0.10,cancelled,8
ORD-002681,15-Feb-2025,CUST-00500,APAC,retail,SKU-1180,Card Sleeves,ACCESSORIES,1,28.53,0.00,cancelled,20
ORD-001241,2025-04-01 21:42:02,CUST-00910,LATAM,wholesale,SKU-1207,Card Sleeves,Accessories,1,13.17,0.00,pending,3
ORD-003038,02/13/2026,CUST-00196,APAC,partner,SKU-1186,Playmat,Accessories,1,11.41,0.00,cancelled,8
ORD-002905,11/14/2025,CUST-00063,EMEA,retail,SKU-1376,Warband Set,Miniatures,4,$46.95,0.00,pending,11
ORD-004848,2025-08-30 16:20:29,CUST-01099,North America,wholesale,SKU-1295,Deck Box,Accessories,8,32.53,0.00,refunded,6
ORD-000853,2025-01-15 14:31:27,CUST-00875,LATAM,partner,SKU-1095,Deck Box,Accessories,1,23.44,0.20,refunded,5
ORD-002961,2025-03-19 08:54:45,CUST-01559,LATAM,online,SKU-1275,Collector Box,Trading Cards,3,210.29,0.00,cancelled,12
ORD-002513,2026-05-23 19:10:56,CUST-00269,North America,partner,SKU-1212,Dungeon Delve,Board Games,8,54.21,0.00,pending,3
ORD-000324,02/23/2026,CUST-00001,APAC,ONLINE,SKU-1062,Card Sleeves,Accessories,3,38.50,0.15,refunded,19
ORD-002733,2025-05-24 21:51:08,CUST-00206,apac,retail,SKU-1059,Booster Pack,Trading Cards,2,157.16,0.00,refunded,8
ORD-001638,03/07/2025,CUST-00413,NORTH AMERICA,wholesale,SKU-1183,Card Sleeves,ACCESSORIES,1,9.04,0.10,cancelled,16
ORD-004728,2025-09-25 06:50:47,CUST-01792,APAC,PARTNER,SKU-1086,Dice Set,Accessories,1,37.52,0.05,refunded,5
ORD-001123,2025-07-02 17:17:22,CUST-00367,APAC,partner,SKU-1373,Playmat,accessories,1,16.19,0.00,pending,2
ORD-002387,01/15/2025,CUST-01433,LATAM,retail,SKU-1208,Dungeon Delve,Board Games,12,54.22,0.00,pending,9
ORD-004968,2025-12-06 20:09:40,CUST-01102,EMEA,retail,SKU-1076,Terrain Kit,MINIATURES,1,$73.70,0.00,refunded,15
ORD-003625,2026-04-02 15:20:01,CUST-00768,North America,online,SKU-1006,Hero Blister,Miniatures,1,107.44,0.00,pending,21
ORD-000859,2026-03-10 23:35:16,CUST-01171,North America,online,SKU-1120,1000pc Coastline,PUZZLES,1,$22.67,0.15,pending,15
ORD-002045,2026-05-02T08:25:42Z,CUST-01071,LATAM,retail,SKU-1254,Harvest Moon Valley,Board Games,1,55.07,0.00,refunded,16
ORD-001445,2026-03-02 16:12:51,CUST-01446,North America,partner,SKU-1053,Expansion Key,Digital,1,39.51,0.00,refunded,12
ORD-001592,2025-04-26 07:32:52,CUST-01680,EMEA,retail,SKU-1248,Season Pass,Digital,8,38.05,0.25,cancelled,5
ORD-000291,2026-05-21T20:02:07Z,CUST-01417,,wholesale,SKU-1027,Castle Siege,Board Games,4,44.53,0.00,completed,12
ORD-001195,2025-08-22 02:40:25,CUST-00753,LATAM,retail,SKU-1050,Card Sleeves,  Accessories ,1,27.19,0.00,completed,7
ORD-002900,04/05/2025,CUST-00019,EMEA,PARTNER,SKU-1231,Bundle Case,Trading Cards,1,10.38,0.00,refunded,10
ORD-002479,16-Apr-2026,CUST-00835,APAC,online,SKU-1108,Expansion Key,Digital,1,16.00,0.00,cancelled,6
ORD-002528,2025-04-05 13:10:23,CUST-00320,APAC,ONLINE,SKU-1226,Collector Box,Trading Cards,5,218.57,0.25,cancelled,17
ORD-003925,11/23/2025,CUST-01158,EMEA,online,SKU-1151,Expansion Key,Digital,4,33.03,0.00,completed,4
ORD-001988,01-Oct-2025,CUST-00719,NORTH AMERICA,online,SKU-1237,Bundle Case,Trading Cards,1,238.80,0.00,refunded,17
ORD-002674,2026-05-16 23:41:05,CUST-00255,APAC,online,SKU-1053,Promo Tin,Trading Cards,1,22.31,0.00,completed,10
ORD-001408,2026-04-14 13:36:11,CUST-00746,APAC,PARTNER,SKU-1235,Expansion Key,Digital,3,16.87,0.10,refunded,9
ORD-003213,06-Feb-2025,CUST-01274,LATAM,retail,SKU-1260,Terrain Kit,Miniatures,3,136.23,0.00,pending,21
ORD-003560,2025-07-27 12:15:15,CUST-00786,NORTH AMERICA,wholesale,SKU-1327,Bundle Case,Trading Cards,1,224.78,0.05,pending,17
ORD-003250,2026-02-07T11:09:46Z,CUST-01323,EMEA,wholesale,SKU-1142,Card Sleeves,Accessories,1,33.91,0.00,refunded,16
ORD-004680,05/09/2025,CUST-01362,APAC,online,SKU-1282,1000pc Coastline,Puzzles,1,19.87,0.25,completed,15
ORD-002031,04-Jul-2025,CUST-00785,LATAM,wholesale,SKU-1120,1000pc Coastline,Puzzles,4,11.30,0.00,cancelled,8
ORD-001732,2025-06-08 18:59:44,CUST-01528,North America,retail,SKU-1248,Playmat,ACCESSORIES,2,7.29,0.20,completed,11
ORD-000503,2025-10-24 12:52:33,CUST-00477,APAC,RETAIL,SKU-1048,Terrain Kit,Miniatures,5,76.72,0.25,pending,7
ORD-002530,29-Apr-2026,CUST-01578,North America,partner,SKU-1376,Warband Set,Miniatures,2,137.34,0.05,refunded,4
ORD-001007,2026-04-13 17:48:57,CUST-00282,North America,wholesale,SKU-1176,Castle Siege,Board Games,2,54.05,0.00,pending,10
ORD-004855,2025-11-07 06:50:48,CUST-00333,LATAM,online,SKU-1343,Bundle Case,Trading Cards,1,152.23,0.00,refunded,2
ORD-002877,25-May-2026,CUST-01401,EMEA,retail,SKU-1225,Terrain Kit,Miniatures,1,65.92,0.00,cancelled,19
ORD-004281,2026-06-20 10:10:45,CUST-00005,LATAM,online,SKU-1389,Castle Siege,Board Games,-1,54.54,0.00,cancelled,20
ORD-001054,2026-01-05 02:53:14,CUST-01599,North America,retail,SKU-1397,Warband Set,Miniatures,2,87.52,0.00,completed,19
ORD-003040,2025-06-04 10:26:40,CUST-00983,LATAM,wholesale,SKU-1386,Paint Set,Miniatures,1,113.34,0.00,cancelled,15
ORD-000018,05/31/2026,CUST-00897,LATAM,ONLINE,SKU-1114,2000pc Star Chart,Puzzles,2,10.11,0.00,cancelled,21
ORD-004794,2025-10-07 18:28:21,CUST-01111,North America,online,SKU-1334,Playmat,  Accessories ,12,36.27,0.00,cancelled,2
ORD-002580,2026-04-22 13:27:48,CUST-01580,EMEA,,SKU-1102,Cosmetic Bundle,Digital,1,25.00,0.00,refunded,10
ORD-000330,2025-03-13 05:24:26,CUST-00240,LATAM,online,SKU-1257,Card Sleeves,Accessories,8,14.51,0.00,completed,1
ORD-003656,2025-11-11 19:54:06,CUST-00505,LATAM,wholesale,SKU-1059,Signal Fire,BOARD GAMES,2,16.33,0.00,pending,18
ORD-001121,04/03/2026,CUST-01113,APAC,partner,SKU-1348,Hero Blister,Miniatures,2,126.32,0.00,cancelled,9
ORD-003827,2026-03-20 14:47:19,CUST-01651,North America,partner,SKU-1284,1000pc Coastline,  Puzzles ,2,22.53,0.00,completed,11
ORD-003413,2026-05-17 00:27:03,CUST-01162,emea,retail,SKU-1371,Terrain Kit,Miniatures,4,68.65,0.20,pending,5
ORD-002923,20-Mar-2025,CUST-00925,NORTH AMERICA,partner,SKU-1216,2000pc Star Chart,Puzzles,12,26.95,0.00,completed,2
ORD-003492,12-Feb-2026,CUST-01577,,ONLINE,SKU-1012,Warband Set,Miniatures,5,104.16,0.15,pending,18
ORD-000993,05/17/2025,CUST-00647,APAC,partner,SKU-1324,Dice Set,accessories,1,35.45,0.00,cancelled,2
ORD-002715,2026-03-08 11:07:45,CUST-00599,APAC,WHOLESALE,SKU-1148,Starter Deck,Trading Cards,1,243.55,0.00,refunded,18
ORD-003100,08-Mar-2026,CUST-00550,EMEA,retail,SKU-1327,Hero Blister,Miniatures,2,58.91,0.00,refunded,4
ORD-004965,2025-08-28 03:11:47,CUST-00367,North America,wholesale,SKU-1214,Starter Deck,Trading Cards,2,203.09,0.05,cancelled,1
ORD-002585,2026-03-19 10:53:04,CUST-00247,NORTH AMERICA,  online ,SKU-1227,Dungeon Delve,Board Games,4,25.88,0.00,completed,1
ORD-004071,2025-02-19 19:08:58,CUST-00556,EMEA,online,SKU-1136,Paint Set,Miniatures,1,28.26,0.00,pending,11
ORD-002183,03/22/2025,CUST-00762,APAC,wholesale,SKU-1080,Trade Winds,board games,1,66.97,0.15,refunded,18
ORD-002468,2026-04-21 19:44:10,CUST-01717,North America,wholesale,SKU-1037,Booster Pack,Trading Cards,1,214.90,0.20,cancelled,5
ORD-001443,04/22/2025,CUST-01527,APAC,online,SKU-1158,Trade Winds,Board Games,2,37.98,0.00,pending,5
ORD-002177,2026-02-25 22:35:15,CUST-00571,LATAM,retail,SKU-1086,Harvest Moon Valley,Board Games,2,59.17,0.00,refunded,5
ORD-001302,12/09/2025,CUST-01063,LATAM,online,SKU-1077,Castle Siege,Board Games,2,39.28,0.00,pending,7
ORD-000738,04/12/2026,CUST-00974,North America,wholesale,SKU-1250,Deck Box,Accessories,1,9.55,0.15,pending,16
ORD-000419,02/26/2025,CUST-01437,APAC,online,SKU-1253,Signal Fire,Board Games,2,59.32,0.25,refunded,1
ORD-000266,2026-01-09 22:25:14,CUST-00530,North America,online,SKU-1399,Dungeon Delve,Board Games,1,61.03,0.00,cancelled,18
ORD-001605,2026-06-20 03:00:27,CUST-00937,APAC,retail,SKU-1196,2000pc Star Chart,Puzzles,12,30.75,0.00,completed,20
ORD-003541,03/20/2026,CUST-01366,North America,wholesale,SKU-1200,Castle Siege,Board Games,1,63.02,0.00,completed,16
ORD-001884,2026-02-10 14:28:00,CUST-00797,emea,online,SKU-1288,Promo Tin,Trading Cards,2,110.57,0.00,completed,21
ORD-001264,2025-03-23 14:21:30,CUST-00136,APAC,retail,SKU-1255,Dungeon Delve,BOARD GAMES,2,42.15,0.20,cancelled,19
ORD-002256,2026-06-08 00:51:44,CUST-00241,North America,online,SKU-1244,Terrain Kit,Miniatures,2,25.90,0.00,completed,2
ORD-002872,2025-12-14 03:54:04,CUST-00651,EMEA,wholesale,SKU-1315,Season Pass,Digital,5,42.56,0.10,refunded,4
ORD-001004,03/11/2026,CUST-01392,North America,retail,SKU-1061,500pc Night Market,Puzzles,1,25.29,0.20,pending,2
ORD-001309,2026-05-19 02:44:22,CUST-00935,APAC,wholesale,SKU-1290,Bundle Case,Trading Cards,3,231.02,0.00,pending,2
ORD-003708,2026-01-01 16:20:08,CUST-00835,,wholesale,SKU-1036,1000pc Coastline,Puzzles,12,31.31,0.15,pending,4
ORD-003688,2026-02-12 14:41:02,CUST-00667,North America,partner,SKU-1133,Castle Siege,Board Games,2,27.53,0.00,cancelled,19
ORD-001206,2025-02-15 06:43:56,CUST-01659,APAC,ONLINE,SKU-1121,Expansion Key,Digital,2,40.80,0.15,completed,12
ORD-003284,2025-06-15 23:16:13,CUST-00236,APAC,partner,SKU-1174,Warband Set,Miniatures,3,46.80,0.00,refunded,16
ORD-001707,2026-04-17 10:34:12,CUST-00555,APAC,wholesale,SKU-1296,1000pc Coastline,Puzzles,1,30.98,0.00,pending,11
ORD-001461,2025-03-10 12:07:32,CUST-00291,APAC,partner,SKU-1094,Deck Box,Accessories,4,25.34,0.00,refunded,21
ORD-000505,12/09/2025,CUST-00413,North America,partner,SKU-1006,Bundle Case,Trading Cards,1,25.24,0.05,completed,11
ORD-004544,02-Jun-2026,CUST-00377,EMEA,wholesale,SKU-1208,2000pc Star Chart,Puzzles,2,$25.90,0.00,refunded,20
ORD-003024,2025-10-01 21:48:01,CUST-00304,APAC,retail,SKU-1319,2000pc Star Chart,Puzzles,2,30.13,0.00,completed,10
ORD-001147,2025-06-27 21:23:14,CUST-01599,NORTH AMERICA,wholesale,SKU-1290,Signal Fire,Board Games,1,56.81,0.00,completed,19
ORD-000484,04/25/2026,CUST-01092,LATAM,online,SKU-1260,Cosmetic Bundle,DIGITAL,2,19.06,0.00,refunded,20
ORD-003843,04-Apr-2026,CUST-00269,LATAM,partner,SKU-1378,Bundle Case,Trading Cards,2,6.84,0.05,pending,11
ORD-001626,2025-10-30 19:35:06,CUST-01248,EMEA,wholesale,SKU-1317,Dice Set,ACCESSORIES,1,28.73,0.20,refunded,9
ORD-004510,03/12/2025,CUST-00728,North America,online,SKU-1084,Cosmetic Bundle,Digital,1,10.99,0.00,cancelled,1
ORD-001825,2025-11-28 15:21:39,CUST-00174,EMEA,partner,SKU-1114,Expansion Key,Digital,8,55.04,0.20,pending,21
ORD-001894,04/22/2026,CUST-00563,EMEA,retail,SKU-1399,Expansion Key,Digital,1,15.56,0.00,refunded,12
ORD-000342,04/12/2026,CUST-00697,APAC,,SKU-1347,Cosmetic Bundle,Digital,3,26.83,0.15,cancelled,11
ORD-004436,2026-02-21 09:54:14,CUST-01758,APAC,online,SKU-1217,Card Sleeves,Accessories,2,31.32,0.00,refunded,11
ORD-004024,2026-03-20 05:58:09,CUST-01718,APAC,retail,SKU-1240,1000pc Coastline,  Puzzles ,1,24.37,0.05,refunded,20
ORD-000828,2026-04-02 02:07:08,CUST-00122,North America,wholesale,SKU-1063,1000pc Coastline,Puzzles,12,24.53,0.00,pending,10
ORD-002435,2026-02-28 15:08:40,CUST-00852,EMEA,  retail ,SKU-1195,Promo Tin,Trading Cards,2,233.30,0.10,refunded,15
ORD-001274,13-May-2026,CUST-01513,North America,retail,SKU-1116,Trade Winds,Board Games,3,35.07,0.00,refunded,20
ORD-002344,2025-11-24 23:15:37,CUST-00612,North America,partner,SKU-1175,Cosmetic Bundle,Digital,1,28.54,0.00,completed,21
ORD-000017,2025-03-17 14:26:24,CUST-01083,EMEA,wholesale,SKU-1184,500pc Night Market,Puzzles,2,20.09,0.00,completed,5
ORD-001021,07/07/2025,CUST-00096,North America,  wholesale ,SKU-1110,Trade Winds,Board Games,2,60.32,0.15,completed,10
ORD-004432,2026-03-17 08:26:58,CUST-01341,North America,online,SKU-1036,Cosmetic Bundle,DIGITAL,3,38.85,0.00,completed,3
ORD-000315,01/11/2026,CUST-00895,NORTH AMERICA,online,SKU-1265,2000pc Star Chart,Puzzles,1,20.13,0.00,refunded,8
ORD-001311,2026-01-01 00:40:55,CUST-00757,NORTH AMERICA,online,SKU-1384,Booster Pack,Trading Cards,1,245.28,0.15,cancelled,18
ORD-002248,2025-05-07 16:55:53,CUST-01172,APAC,retail,SKU-1126,500pc Night Market,Puzzles,1,31.25,0.00,refunded,19
ORD-001548,2025-04-11 20:20:26,CUST-01365,APAC,partner,SKU-1394,Promo Tin,Trading Cards,12,147.07,0.00,cancelled,19
ORD-000491,2025-08-22 05:18:55,CUST-00657,emea,  online ,SKU-1102,Playmat,Accessories,1,8.59,0.00,pending,3
ORD-001761,2025-03-25 21:12:51,CUST-00330,EMEA,wholesale,SKU-1335,Hero Blister,MINIATURES,2,107.35,0.00,completed,20
ORD-002816,2025-06-14 08:13:44,CUST-00207,NORTH AMERICA,partner,SKU-1151,Playmat,Accessories,2,29.37,0.00,cancelled,20
ORD-002990,09-Dec-2025,CUST-00715,APAC,retail,SKU-1247,Season Pass,Digital,3,38.37,0.00,completed,20
ORD-001062,26-Nov-2025,CUST-00466,EMEA,partner,SKU-1161,Warband Set,Miniatures,1,58.97,0.00,pending,3
ORD-002416,2025-09-22 21:06:04,CUST-00589,LATAM,retail,SKU-1384,Warband Set,Miniatures,12,39.97,0.00,completed,4
ORD-002511,2026-06-18 03:20:38,CUST-00959,LATAM,wholesale,SKU-1229,Card Sleeves,Accessories,2,13.13,0.25,refunded,13
ORD-001789,2025-01-11 02:55:33,CUST-00844,LATAM,retail,SKU-1058,Deck Box,Accessories,4,26.52,0.00,pending,11
ORD-000831,2025-01-29 11:08:56,CUST-00049,LATAM,partner,SKU-1383,Expansion Key,Digital,1,41.69,0.00,refunded,9
ORD-002529,2026-03-24 13:06:00,CUST-01219,EMEA,partner,SKU-1258,500pc Night Market,Puzzles,5,12.40,0.00,completed,3
ORD-002157,2025-08-18 23:55:44,CUST-00866,APAC,online,SKU-1078,Promo Tin,Trading Cards,4,180.28,0.00,cancelled,7
ORD-001183,14-May-2025,CUST-01037,latam,partner,SKU-1264,1000pc Coastline,Puzzles,1,13.38,0.00,cancelled,16
ORD-004303,04/18/2025,CUST-01618,EMEA,wholesale,SKU-1223,Trade Winds,Board Games,4,74.59,0.25,refunded,9
ORD-004361,2025-08-06 16:29:26,CUST-00502,LATAM,partner,SKU-1349,500pc Night Market,Puzzles,4,24.20,0.00,pending,18
ORD-000585,15-Apr-2026,CUST-00863,LATAM,wholesale,SKU-1122,Starter Deck,Trading Cards,1,234.37,0.00,completed,3
ORD-001627,2025-07-11 05:38:47,CUST-01727,EMEA,online,SKU-1098,Harvest Moon Valley,Board Games,2,47.41,0.00,refunded,3
ORD-004583,2026-03-27 18:30:57,CUST-00233,EMEA,retail,SKU-1307,Hero Blister,Miniatures,2,84.17,0.10,refunded,7
ORD-004717,01/28/2026,CUST-00594,EMEA,retail,SKU-1009,Hero Blister,Miniatures,2,35.74,0.15,pending,14
ORD-001219,2026-05-15 12:55:26,CUST-01374,EMEA,wholesale,SKU-1058,Dungeon Delve,Board Games,1,25.50,0.00,refunded,5
ORD-004839,11/05/2025,CUST-01617,North America,retail,SKU-1341,Playmat,Accessories,1,38.67,0.00,cancelled,8
ORD-004694,06/25/2025,CUST-00129,North America,wholesale,SKU-1349,Card Sleeves,Accessories,5,14.59,0.00,pending,4
ORD-003624,2025-05-13 16:11:01,CUST-00331,APAC,wholesale,SKU-1019,Trade Winds,BOARD GAMES,4,74.31,0.10,pending,19
ORD-004853,2026-06-23 23:33:20,CUST-01036,North America,,SKU-1117,2000pc Star Chart,Puzzles,1,20.78,0.00,refunded,18
ORD-004382,08-Apr-2026,CUST-00093,EMEA,online,SKU-1027,Season Pass,Digital,1,11.34,0.00,pending,20
ORD-000060,2025-10-28 12:33:38,CUST-00625,EMEA,partner,SKU-1211,Castle Siege,Board Games,12,20.86,0.00,cancelled,7
ORD-002671,27-Jul-2025,CUST-01271,North America,RETAIL,SKU-1144,Collector Box,Trading Cards,1,139.91,0.00,pending,7
ORD-000390,2025-04-13 19:15:48,CUST-01246,APAC,retail,SKU-1150,Dungeon Delve,Board Games,1,28.25,0.00,completed,7
ORD-003678,2025-01-27 15:20:06,CUST-01658,  APAC ,wholesale,SKU-1000,500pc Night Market,Puzzles,1,30.49,0.00,completed,18
ORD-003189,08/19/2025,CUST-00745,APAC,wholesale,SKU-1389,Terrain Kit,Miniatures,2,49.87,0.00,completed,4
ORD-002041,2025-02-26 14:12:27,CUST-01636,LATAM,online,SKU-1132,Expansion Key,Digital,4,9.48,0.20,pending,1
ORD-001872,2025-04-18 05:29:12,CUST-01558,LATAM,retail,SKU-1359,Card Sleeves,Accessories,5,38.49,0.00,refunded,10
ORD-002819,2025-08-26T22:57:32Z,CUST-01737,APAC,online,SKU-1078,Booster Pack,Trading Cards,2,193.29,0.00,completed,11
ORD-003400,2026-06-26T15:31:54Z,CUST-01582,LATAM,ONLINE,SKU-1222,Terrain Kit,Miniatures,1,61.89,0.00,cancelled,5
ORD-004952,05/11/2026,CUST-00288,North America,partner,SKU-1086,Trade Winds,Board Games,1,22.68,0.05,refunded,7
ORD-000404,2025-01-12 08:42:57,CUST-00670,North America,online,SKU-1119,Season Pass,  Digital ,2,43.66,0.20,pending,18
ORD-000095,2025-09-22T22:45:04Z,CUST-00696,EMEA,retail,SKU-1320,Hero Blister,Miniatures,1,121.84,0.00,cancelled,14
ORD-002190,2025-02-11 00:36:20,CUST-00150,emea,online,SKU-1079,Terrain Kit,Miniatures,3,48.51,0.00,refunded,5
ORD-000467,2025-11-06T19:01:18Z,CUST-00375,EMEA,  partner ,SKU-1359,Signal Fire,Board Games,1,42.78,0.00,pending,16
ORD-000887,2025-10-03 09:19:29,CUST-00085,LATAM,online,SKU-1206,Deck Box,Accessories,1,23.55,0.00,refunded,4
ORD-002144,2025-03-30 03:55:25,CUST-00514,LATAM,wholesale,SKU-1236,Card Sleeves,ACCESSORIES,5,7.20,0.00,refunded,13
ORD-001941,2025-02-23 13:55:36,CUST-01716,LATAM,retail,SKU-1286,2000pc Star Chart,Puzzles,2,29.45,0.15,refunded,3
ORD-004962,2025-09-22T09:06:13Z,CUST-01400,latam,retail,SKU-1062,Paint Set,miniatures,1,66.14,0.10,cancelled,11
ORD-002007,2025-04-20 21:31:03,CUST-00915,north america,wholesale,SKU-1164,2000pc Star Chart,Puzzles,1,17.72,0.00,completed,18
ORD-000594,06-Mar-2026,CUST-00578,EMEA,partner,SKU-1263,Collector Box,  Trading Cards ,4,180.06,0.00,refunded,
ORD-003293,2026-01-09 23:16:42,CUST-00110,LATAM,retail,SKU-1165,Deck Box,Accessories,1,21.80,0.15,completed,19
ORD-001728,2025-01-17 09:03:19,CUST-01008,APAC,RETAIL,SKU-1023,Expansion Key,Digital,1,41.29,0.00,completed,19
ORD-001895,2025-05-23 15:46:52,CUST-00584,North America,retail,SKU-1150,Harvest Moon Valley,Board Games,1,56.71,0.00,pending,14
ORD-002888,2025-02-10 13:22:26,CUST-01312,EMEA,online,SKU-1259,Card Sleeves,Accessories,1,37.37,0.05,cancelled,5
ORD-004676,2026-02-01 12:44:04,CUST-01505,LATAM,partner,SKU-1327,Expansion Key,Digital,4,21.02,0.00,cancelled,15
ORD-004546,2025-04-01 09:46:17,CUST-00202,LATAM,partner,SKU-1252,Castle Siege,BOARD GAMES,1,30.82,0.05,refunded,9
ORD-000010,2025-01-15 21:32:33,CUST-00893,North America,retail,SKU-1322,Harvest Moon Valley,Board Games,3,67.81,0.00,completed,21
ORD-001474,2025-04-24 23:25:53,CUST-00352,APAC,retail,SKU-1341,500pc Night Market,Puzzles,1,21.99,0.20,refunded,20
ORD-002030,06-Feb-2025,,APAC,partner,SKU-1171,2000pc Star Chart,Puzzles,2,32.35,0.00,pending,1
ORD-000344,01/20/2025,CUST-01142,LATAM,partner,SKU-1209,Dice Set,Accessories,3,28.01,0.00,cancelled,2
ORD-003836,05-Dec-2025,CUST-00432,emea,partner,SKU-1388,Terrain Kit,Miniatures,3,48.45,0.10,cancelled,7
ORD-002192,2025-03-14T06:21:03Z,CUST-00507,APAC,partner,SKU-1338,Signal Fire,Board Games,3,62.95,0.00,pending,15
ORD-001059,14-Feb-2026,CUST-00845,LATAM,wholesale,SKU-1369,Season Pass,Digital,3,4.13,0.25,completed,2
ORD-004545,04/14/2025,CUST-00200,north america,wholesale,SKU-1127,Paint Set,Miniatures,2,28.03,0.00,refunded,18
ORD-002133,2025-05-19 23:51:59,CUST-00446,LATAM,PARTNER,SKU-1146,Promo Tin,Trading Cards,1,137.23,0.00,completed,2
ORD-000107,07-Jan-2025,CUST-00466,North America,partner,SKU-1067,Season Pass,Digital,5,54.24,0.00,cancelled,11
ORD-002989,15-Feb-2025,CUST-00275,EMEA,PARTNER,SKU-1021,Dice Set,Accessories,2,25.70,0.00,completed,9
ORD-002325,30-Jun-2026,CUST-00613,emea,partner,SKU-1342,Paint Set,Miniatures,5,144.09,0.00,refunded,21
ORD-004725,05/05/2026,CUST-00016,LATAM,partner,SKU-1186,Terrain Kit,Miniatures,1,138.34,0.00,cancelled,15
ORD-002315,2026-01-08 06:44:42,CUST-00154,LATAM,retail,SKU-1012,Cosmetic Bundle,Digital,1,$32.27,0.00,completed,17
ORD-004274,2025-02-12 22:03:12,CUST-00499,APAC,retail,SKU-1203,Card Sleeves,Accessories,3,19.96,0.00,pending,14
ORD-000106,29-Aug-2025,CUST-01189,APAC,wholesale,SKU-1050,Trade Winds,Board Games,2,67.40,0.00,refunded,8
ORD-000387,2026-05-11 10:38:42,CUST-00664,North America,partner,SKU-1395,Season Pass,DIGITAL,4,55.09,0.00,pending,14
ORD-004668,2025-05-24 03:57:14,CUST-01588,LATAM,wholesale,SKU-1202,Harvest Moon Valley,Board Games,3,69.84,0.15,refunded,18
ORD-000701,2025-01-30 19:41:27,CUST-01791,EMEA,partner,SKU-1341,Trade Winds,Board Games,2,29.22,0.20,pending,14
ORD-004778,2026-04-13 06:27:15,CUST-00333,APAC,partner,SKU-1109,2000pc Star Chart,Puzzles,1,28.15,0.00,cancelled,5
ORD-001187,2026-06-20 21:37:29,CUST-01467,LATAM,wholesale,SKU-1048,Cosmetic Bundle,Digital,5,44.33,0.00,refunded,2
ORD-002804,2025-01-12 05:52:38,CUST-00562,  LATAM ,partner,SKU-1394,Cosmetic Bundle,Digital,4,34.46,0.00,completed,14
ORD-004313,2025-01-17 13:05:18,CUST-00937,EMEA,retail,SKU-1376,Playmat,Accessories,1,31.08,0.25,refunded,12
ORD-001565,12/23/2025,CUST-00932,LATAM,wholesale,SKU-1396,Signal Fire,Board Games,2,$22.95,0.00,completed,1
ORD-001368,2025-08-12T23:35:15Z,CUST-00756,North America,partner,SKU-1327,Card Sleeves,ACCESSORIES,1,32.07,0.05,cancelled,13
ORD-001331,07/06/2025,CUST-00907,APAC,online,SKU-1167,Hero Blister,Miniatures,2,61.19,0.00,refunded,16
ORD-001804,2025-07-06T08:07:45Z,CUST-01796,APAC,wholesale,SKU-1183,Expansion Key,Digital,4,43.59,0.00,cancelled,16
ORD-003154,2026-04-01 13:04:18,CUST-00601,APAC,,SKU-1164,Terrain Kit,MINIATURES,1,123.60,0.00,pending,19
ORD-002571,05/15/2026,CUST-00867,LATAM,online,SKU-1174,Signal Fire,Board Games,1,23.59,0.00,refunded,21
ORD-002120,01-Jul-2025,CUST-00651,APAC,retail,SKU-1328,Season Pass,DIGITAL,4,28.44,0.00,completed,7
ORD-003399,2026-02-01 19:38:30,,LATAM,wholesale,SKU-1399,2000pc Star Chart,Puzzles,1,10.99,0.00,completed,10
ORD-001683,2026-01-10 19:59:43,CUST-00682,APAC,retail,SKU-1386,Terrain Kit,MINIATURES,1,21.76,0.15,cancelled,10
ORD-000066,2026-04-14 08:10:56,CUST-01502,APAC,online,SKU-1209,Warband Set,Miniatures,1,58.53,0.00,cancelled,1
ORD-004286,06/25/2026,CUST-00746,LATAM,retail,SKU-1221,Hero Blister,MINIATURES,1,$57.14,0.00,completed,14
ORD-001131,2025-08-08 16:22:12,CUST-00544,North America,wholesale,SKU-1081,1000pc Coastline,Puzzles,1,33.24,0.00,completed,2
ORD-003027,02/18/2025,CUST-00590,LATAM,  partner ,SKU-1137,Paint Set,Miniatures,2,28.29,0.20,cancelled,10
ORD-004713,2026-05-25 21:26:43,CUST-00516,LATAM,online,SKU-1345,Collector Box,Trading Cards,2,51.50,0.10,pending,1
ORD-001847,2026-03-21 06:16:13,CUST-01592,North America,online,SKU-1388,Cosmetic Bundle,Digital,1,47.04,0.00,pending,
ORD-002406,2026-06-22 09:49:49,CUST-00481,APAC,  partner ,SKU-1123,Card Sleeves,ACCESSORIES,5,19.14,0.10,cancelled,11
ORD-003083,2025-07-16 21:28:54,CUST-01249,EMEA,WHOLESALE,SKU-1296,Cosmetic Bundle,Digital,3,14.05,0.00,completed,21
ORD-003945,2025-03-12 05:45:13,CUST-00638,  APAC ,wholesale,SKU-1139,Dice Set,Accessories,1,20.25,0.00,refunded,19
ORD-001329,2025-06-16 22:11:51,CUST-00186,APAC,wholesale,SKU-1328,500pc Night Market,Puzzles,3,15.47,0.00,completed,8
ORD-000502,2025-01-11 09:12:31,CUST-00518,North America,partner,SKU-1239,Hero Blister,Miniatures,2,70.38,0.10,pending,15
ORD-001564,01/17/2026,CUST-00783,APAC,retail,SKU-1296,Harvest Moon Valley,Board Games,4,64.30,0.00,completed,
ORD-004122,03/11/2026,CUST-00495,  LATAM ,online,SKU-1044,Cosmetic Bundle,Digital,2,5.84,0.00,completed,16
ORD-000156,2025-12-27 18:46:09,CUST-00248,  EMEA ,online,SKU-1209,2000pc Star Chart,Puzzles,3,16.16,0.00,pending,13
ORD-002549,2026-03-22 06:16:42,CUST-01522,North America,partner,SKU-1169,Card Sleeves,accessories,5,32.14,0.00,completed,5
ORD-001273,06/11/2026,CUST-00559,EMEA,retail,SKU-1047,Promo Tin,Trading Cards,1,234.84,0.00,cancelled,17
ORD-000432,11/07/2025,CUST-00114,APAC,online,SKU-1336,Playmat,Accessories,4,33.33,0.00,pending,16
ORD-000716,2025-10-23 21:03:40,CUST-00259,APAC,retail,SKU-1116,Expansion Key,DIGITAL,2,11.65,0.10,completed,9
ORD-001359,2026-05-15T18:16:16Z,CUST-01162,North America,retail,SKU-1034,Promo Tin,Trading Cards,12,244.73,0.00,completed,19
ORD-004615,02-Jul-2025,CUST-00962,LATAM,retail,SKU-1029,Season Pass,DIGITAL,1,26.84,0.00,refunded,1
ORD-000353,12/27/2025,CUST-00591,EMEA,  partner ,SKU-1195,Hero Blister,Miniatures,3,148.61,0.00,pending,3
ORD-004641,2026-01-29 10:03:00,CUST-00409,APAC,retail,SKU-1289,Castle Siege,Board Games,1,18.42,0.00,pending,4
ORD-001315,2025-09-21 15:52:47,CUST-00045,LATAM,retail,SKU-1254,Cosmetic Bundle,Digital,1,18.96,0.25,pending,7
ORD-004770,2025-04-14 16:48:19,CUST-01290,EMEA,partner,SKU-1222,Booster Pack,TRADING CARDS,2,222.54,0.00,pending,14
ORD-001852,2026-03-21 22:51:14,CUST-00830,apac,wholesale,SKU-1066,500pc Night Market,Puzzles,5,17.12,0.00,completed,12
ORD-001240,08/11/2025,CUST-00663,North America,retail,SKU-1194,Expansion Key,  Digital ,1,48.11,0.00,completed,4
ORD-000280,2025-10-20 03:46:48,CUST-01016,  LATAM ,wholesale,SKU-1374,Card Sleeves,Accessories,3,38.71,0.00,cancelled,16
ORD-004533,03/24/2025,CUST-00992,LATAM,online,SKU-1052,Bundle Case,trading cards,2,219.44,0.00,refunded,2
ORD-002964,02/11/2026,CUST-01107,EMEA,retail,SKU-1115,Cosmetic Bundle,Digital,2,29.05,0.00,cancelled,2
ORD-004068,05-Feb-2025,CUST-01483,EMEA,RETAIL,SKU-1112,Playmat,Accessories,2,36.17,0.20,completed,4
ORD-003943,2025-11-19 16:20:21,CUST-01455,EMEA,online,SKU-1217,Trade Winds,Board Games,8,60.86,0.25,completed,8
ORD-000078,07/15/2025,CUST-00760,APAC,online,SKU-1020,2000pc Star Chart,Puzzles,1,11.98,0.15,refunded,5
ORD-000994,2025-11-05 06:31:36,CUST-01603,EMEA,partner,SKU-1236,Dice Set,Accessories,3,30.83,0.10,pending,13
ORD-004845,2025-10-01 21:07:43,CUST-00478,APAC,online,SKU-1249,Deck Box,Accessories,2,23.36,0.10,completed,12
ORD-002131,2025-04-28 09:20:17,CUST-01147,North America,retail,SKU-1378,Warband Set,Miniatures,1,144.51,0.00,refunded,14
ORD-004114,01/24/2025,CUST-00109,  EMEA ,retail,SKU-1340,Cosmetic Bundle,Digital,3,8.64,0.00,completed,9
ORD-002491,2026-03-03 18:32:37,CUST-00971,  LATAM ,WHOLESALE,SKU-1257,Playmat,Accessories,12,34.92,0.00,refunded,20
ORD-004140,2025-01-02T01:57:58Z,CUST-01448,EMEA,online,SKU-1228,Expansion Key,digital,2,55.71,0.00,pending,8
ORD-000093,2025-06-27 23:07:13,CUST-00345,latam,partner,SKU-1302,Promo Tin,Trading Cards,4,214.65,0.00,refunded,15
ORD-000479,2026-05-31 07:52:21,CUST-00156,North America,partner,SKU-1036,Collector Box,Trading Cards,1,180.15,0.00,pending,10
ORD-002179,2026-06-08 15:04:00,CUST-00477,north america,wholesale,SKU-1284,Bundle Case,  Trading Cards ,3,$239.74,0.00,cancelled,10
ORD-001097,04/19/2026,CUST-00711,North America,partner,SKU-1340,Terrain Kit,Miniatures,2,20.09,0.00,refunded,1
ORD-004887,2026-05-19 07:40:39,CUST-01549,APAC,wholesale,SKU-1344,Harvest Moon Valley,Board Games,2,39.26,0.00,pending,9
ORD-000841,2025-12-09 02:17:33,CUST-00022,APAC,,SKU-1057,Dungeon Delve,Board Games,1,57.42,0.05,refunded,4
ORD-000691,2025-09-05T16:25:38Z,CUST-00300,EMEA,retail,SKU-1288,Warband Set,Miniatures,1,145.30,0.00,pending,21
ORD-004550,05/08/2025,CUST-01076,North America,partner,SKU-1180,1000pc Coastline,Puzzles,2,23.09,0.00,refunded,15
ORD-000394,2025-10-17T16:56:20Z,CUST-00590,North America,wholesale,SKU-1307,Collector Box,Trading Cards,2,50.37,0.00,cancelled,6
ORD-004253,2026-02-22 07:02:31,CUST-00032,APAC,online,SKU-1366,Cosmetic Bundle,Digital,2,2.25,0.00,refunded,1
ORD-001228,2026-03-27 08:02:49,CUST-00964,EMEA,retail,SKU-1004,1000pc Coastline,PUZZLES,8,19.46,0.15,refunded,10
ORD-003409,2026-04-25 14:20:34,CUST-00736,APAC,partner,SKU-1180,Harvest Moon Valley,Board Games,8,44.91,0.00,refunded,10
ORD-002800,10/21/2025,CUST-01104,  LATAM ,wholesale,SKU-1154,Season Pass,Digital,1,24.10,0.00,pending,9
ORD-000833,01/14/2025,CUST-01538,North America,retail,SKU-1354,Harvest Moon Valley,Board Games,1,45.23,0.00,completed,15
ORD-004923,2025-05-14 02:41:50,CUST-00689,EMEA,retail,SKU-1358,Harvest Moon Valley,board games,2,38.10,0.05,pending,9
ORD-002984,2025-06-25T23:18:33Z,CUST-01545,North America,online,SKU-1370,Warband Set,  Miniatures ,1,71.35,0.00,pending,20
ORD-003107,2025-06-25 16:47:21,CUST-00138,EMEA,partner,SKU-1125,Hero Blister,Miniatures,1,129.22,0.00,pending,13
ORD-003321,12/25/2025,CUST-01237,  APAC ,partner,SKU-1333,Booster Pack,Trading Cards,1,122.34,0.00,refunded,11
ORD-002934,2026-01-22 14:21:51,CUST-00138,EMEA,retail,SKU-1219,Season Pass,Digital,8,41.22,0.15,completed,11
ORD-001936,2025-01-20 09:59:27,CUST-00321,north america,wholesale,SKU-1004,Bundle Case,Trading Cards,3,$225.13,0.05,refunded,2
ORD-001615,14-Jul-2025,CUST-00146,LATAM,retail,SKU-1158,2000pc Star Chart,Puzzles,12,21.64,0.00,completed,19
ORD-004258,2025-10-12 04:56:14,CUST-00857,LATAM,retail,SKU-1357,Expansion Key,Digital,4,11.84,0.05,cancelled,11
ORD-001736,2026-01-09 16:09:12,CUST-01785,LATAM,retail,SKU-1254,Dice Set,Accessories,8,$18.24,0.10,cancelled,7
ORD-002430,2025-02-16 05:47:00,CUST-01255,LATAM,wholesale,SKU-1307,Trade Winds,Board Games,1,65.21,0.25,pending,21
ORD-003848,21-May-2025,CUST-00654,EMEA,  wholesale ,SKU-1266,Expansion Key,Digital,2,32.31,0.15,completed,20
ORD-000583,10-Jan-2026,CUST-00528,APAC,retail,SKU-1266,Terrain Kit,Miniatures,3,31.22,0.20,completed,16
ORD-003133,03-Jul-2025,CUST-00776,LATAM,partner,SKU-1310,Season Pass,Digital,2,12.54,0.00,refunded,5
ORD-002703,28-Sep-2025,CUST-00637,LATAM,partner,SKU-1134,Expansion Key,Digital,2,10.56,0.00,refunded,8
ORD-001220,2025-03-01 11:12:10,CUST-00652,LATAM,online,SKU-1081,Promo Tin,Trading Cards,1,51.20,0.00,cancelled,9
ORD-004576,2025-02-17 03:13:18,CUST-01097,EMEA,PARTNER,SKU-1330,Harvest Moon Valley,Board Games,3,23.04,0.00,pending,1
ORD-003716,2025-01-14 23:16:57,CUST-00895,North America,partner,SKU-1057,Card Sleeves,Accessories,1,38.62,0.00,pending,14
ORD-001052,2025-03-30 06:59:21,CUST-00094,LATAM,RETAIL,SKU-1390,500pc Night Market,Puzzles,1,15.30,0.00,cancelled,2
ORD-003832,03/31/2026,CUST-01201,LATAM,wholesale,SKU-1154,Deck Box,Accessories,4,12.20,0.00,refunded,9
ORD-001757,2025-09-10T15:30:02Z,CUST-00675,EMEA,online,SKU-1206,Terrain Kit,Miniatures,2,132.79,0.20,cancelled,20
ORD-001472,2026-01-01 09:40:42,CUST-00477,APAC,online,SKU-1102,Warband Set,Miniatures,1,103.83,0.00,completed,12
ORD-000448,04/14/2026,CUST-00913,EMEA,online,SKU-1391,Hero Blister,Miniatures,3,22.83,0.00,refunded,16
ORD-001782,03/19/2025,CUST-01463,LATAM,online,SKU-1033,2000pc Star Chart,Puzzles,4,24.37,0.25,pending,2
ORD-002073,2025-02-21 10:41:31,CUST-00845,NORTH AMERICA,partner,SKU-1334,Collector Box,Trading Cards,2,194.69,0.00,pending,3
ORD-003740,2025-01-11T03:43:14Z,CUST-01347,North America,retail,SKU-1380,Collector Box,Trading Cards,2,10.77,0.00,pending,5
ORD-000258,2025-05-10 23:35:13,CUST-00173,EMEA,retail,SKU-1341,500pc Night Market,Puzzles,1,33.40,0.00,pending,11
ORD-004902,2025-08-29 21:45:08,CUST-01754,EMEA,online,SKU-1095,Terrain Kit,Miniatures,2,63.70,0.00,completed,5
ORD-002088,01/16/2025,CUST-00421,NORTH AMERICA,wholesale,SKU-1284,2000pc Star Chart,Puzzles,2,12.72,0.00,cancelled,9
ORD-003279,2025-05-07 15:18:10,CUST-00065,LATAM,online,SKU-1386,1000pc Coastline,Puzzles,3,13.31,0.00,pending,10
ORD-000180,2025-07-10T12:40:25Z,CUST-01740,APAC,online,SKU-1326,Hero Blister,miniatures,2,47.50,0.00,completed,16
ORD-001870,2026-03-12 10:27:07,CUST-01156,North America,wholesale,SKU-1316,Card Sleeves,Accessories,1,6.43,0.00,completed,21
ORD-003576,2025-02-18 19:07:00,CUST-00681,North America,online,SKU-1320,Terrain Kit,  Miniatures ,5,74.01,0.25,completed,6
ORD-000094,2026-03-27 22:24:11,CUST-01649,EMEA,wholesale,SKU-1390,Playmat,Accessories,2,$30.88,0.00,completed,16
ORD-003384,02/16/2026,CUST-00348,LATAM,online,SKU-1225,2000pc Star Chart,Puzzles,4,31.42,0.00,refunded,9
ORD-000660,2025-05-24 18:14:42,CUST-01522,APAC,partner,SKU-1009,Promo Tin,  Trading Cards ,5,247.27,0.00,refunded,8
ORD-003923,2026-01-22 23:38:14,CUST-00386,APAC,wholesale,SKU-1096,Season Pass,Digital,2,33.39,0.05,completed,9
ORD-003743,2025-02-05 07:17:22,CUST-00439,North America,online,SKU-1082,Expansion Key,Digital,1,36.94,0.00,pending,11
ORD-000062,2025-08-31 16:57:11,CUST-00090,LATAM,retail,SKU-1378,Expansion Key,DIGITAL,1,1.87,0.00,completed,4
ORD-004342,2025-04-21 12:32:53,CUST-01447,,online,SKU-1154,Paint Set,MINIATURES,1,$101.37,0.10,pending,7
ORD-001489,04/18/2025,CUST-00985,,wholesale,SKU-1015,Season Pass,Digital,4,59.48,0.00,refunded,1
ORD-003581,2026-05-20T13:52:29Z,CUST-01147,EMEA,retail,SKU-1108,Cosmetic Bundle,  Digital ,8,13.64,0.25,completed,17
ORD-003268,15-Jun-2026,CUST-00061,EMEA,retail,SKU-1060,Expansion Key,Digital,1,14.98,0.10,refunded,9
ORD-000220,05/17/2026,CUST-01333,LATAM,  wholesale ,SKU-1258,500pc Night Market,PUZZLES,2,19.09,0.00,cancelled,1
ORD-003904,2025-06-11 20:43:13,CUST-01688,North America,wholesale,SKU-1190,Terrain Kit,  Miniatures ,1,88.17,0.00,completed,7
ORD-001731,2026-04-15 07:04:02,CUST-01772,LATAM,WHOLESALE,SKU-1373,Trade Winds,BOARD GAMES,2,60.40,0.00,completed,16
ORD-004915,01-Sep-2025,CUST-00436,APAC,wholesale,SKU-1040,500pc Night Market,puzzles,4,21.80,0.05,refunded,9
ORD-002327,2025-03-20 02:32:16,CUST-01634,EMEA,ONLINE,SKU-1101,Season Pass,DIGITAL,3,55.27,0.15,completed,14
ORD-004241,02/09/2025,CUST-01393,LATAM,wholesale,SKU-1223,Terrain Kit,Miniatures,4,92.57,0.10,completed,11
ORD-003937,2026-05-17 10:56:54,CUST-01118,LATAM,wholesale,SKU-1165,Hero Blister,miniatures,4,142.11,0.25,cancelled,4
ORD-001686,2026-04-17 18:00:48,CUST-00838,EMEA,RETAIL,SKU-1163,Playmat,Accessories,3,18.89,0.00,cancelled,16
ORD-003774,06/17/2025,CUST-01363,APAC,wholesale,SKU-1396,Booster Pack,Trading Cards,1,37.58,0.05,refunded,3
ORD-000620,2025-10-26T09:06:16Z,CUST-00033,LATAM,online,SKU-1288,Cosmetic Bundle,Digital,4,49.64,0.00,refunded,
ORD-000758,2025-03-01 21:58:39,CUST-01064,LATAM,wholesale,SKU-1346,500pc Night Market,Puzzles,2,18.06,0.00,completed,21
ORD-001150,2025-06-26 13:30:21,CUST-00235,APAC,wholesale,SKU-1214,Season Pass,digital,2,10.88,0.00,completed,6
ORD-004579,06/02/2026,CUST-00912,North America,partner,SKU-1139,Bundle Case,Trading Cards,2,162.77,0.00,completed,15
ORD-001859,2025-07-02 01:15:50,CUST-01108,LATAM,wholesale,SKU-1174,2000pc Star Chart,Puzzles,1,30.50,0.00,cancelled,2
ORD-002802,2025-05-26 09:51:40,CUST-01041,LATAM,wholesale,SKU-1314,Deck Box,Accessories,5,38.80,0.00,completed,4
ORD-001829,2025-06-16 21:27:07,CUST-01136,apac,wholesale,SKU-1071,Card Sleeves,Accessories,4,28.02,0.10,refunded,5
ORD-002217,2026-01-11 06:51:38,CUST-00064,NORTH AMERICA,  wholesale ,SKU-1114,Hero Blister,Miniatures,2,34.10,0.15,refunded,1
ORD-004472,2025-12-13 19:54:37,CUST-01226,LATAM,retail,SKU-1092,Terrain Kit,Miniatures,2,37.47,0.20,completed,18
ORD-003373,2026-05-22 22:38:41,CUST-00064,North America,wholesale,SKU-1230,Playmat,accessories,1,19.97,0.00,completed,16
ORD-003390,2026-02-02 10:00:08,CUST-01513,LATAM,  partner ,SKU-1187,2000pc Star Chart,Puzzles,1,25.76,0.00,completed,2
ORD-001770,2025-08-28 17:07:13,CUST-00963,LATAM,PARTNER,SKU-1312,2000pc Star Chart,Puzzles,1,24.63,0.00,refunded,3
ORD-000465,27-Jun-2025,CUST-01365,LATAM,  wholesale ,SKU-1218,Cosmetic Bundle,Digital,1,12.05,0.00,cancelled,14
ORD-002261,2025-10-26 20:43:52,,EMEA,partner,SKU-1360,Playmat,Accessories,2,$35.22,0.00,completed,17
ORD-003921,2025-09-03 09:36:06,CUST-01132,APAC,partner,SKU-1228,1000pc Coastline,Puzzles,12,20.61,0.00,cancelled,13
ORD-004664,05-Dec-2025,CUST-00366,APAC,RETAIL,SKU-1230,Hero Blister,Miniatures,3,60.09,0.00,refunded,16
ORD-001175,12/29/2025,CUST-01479,EMEA,wholesale,SKU-1395,1000pc Coastline,Puzzles,4,33.73,0.00,pending,20
ORD-004479,25-Apr-2025,CUST-00907,North America,partner,SKU-1251,Deck Box,ACCESSORIES,2,9.20,0.00,pending,8
ORD-002227,2025-08-08 20:21:01,CUST-01105,LATAM,wholesale,SKU-1224,Hero Blister,Miniatures,1,128.15,0.00,cancelled,11
ORD-000807,2025-03-09 20:03:18,CUST-00316,EMEA,wholesale,SKU-1050,Playmat,Accessories,1,18.45,0.00,pending,4
ORD-004719,25-Apr-2025,CUST-00132,APAC,wholesale,SKU-1250,1000pc Coastline,Puzzles,2,17.07,0.00,pending,13
ORD-004720,2025-11-29 11:18:42,CUST-00437,North America,retail,SKU-1095,Playmat,Accessories,1,11.20,0.05,refunded,21
ORD-002914,06/06/2026,CUST-01450,LATAM,retail,SKU-1069,Expansion Key,Digital,1,50.06,0.00,completed,3
ORD-004812,2025-02-07 08:29:37,CUST-00662,  APAC ,online,SKU-1260,Terrain Kit,miniatures,1,112.66,0.15,pending,20
ORD-003757,2025-03-27T16:36:28Z,CUST-01643,APAC,partner,SKU-1097,Expansion Key,Digital,2,32.08,0.00,pending,12
ORD-000435,2026-03-03 08:40:55,CUST-00177,North America,online,SKU-1342,Deck Box,Accessories,5,$33.23,0.00,pending,16
ORD-004440,01/28/2025,CUST-01547,EMEA,online,SKU-1114,Booster Pack,trading cards,2,129.15,0.00,refunded,10
ORD-004165,2026-05-29 17:10:56,CUST-00566,EMEA,online,SKU-1271,Playmat,Accessories,2,8.54,0.00,pending,3
ORD-001957,27-Aug-2025,CUST-00581,North America,ONLINE,SKU-1316,Castle Siege,Board Games,1,21.83,0.00,refunded,20
ORD-002667,2026-06-21 02:02:40,CUST-01043,North America,wholesale,SKU-1227,Season Pass,Digital,5,30.30,0.05,refunded,13
ORD-000955,2025-03-09 20:06:57,CUST-01720,LATAM,retail,SKU-1255,Bundle Case,Trading Cards,1,$56.03,0.10,cancelled,13
ORD-004177,26-Dec-2025,CUST-01264,EMEA,online,SKU-1334,Starter Deck,Trading Cards,4,33.48,0.20,pending,21
ORD-004604,22-Jan-2025,CUST-01602,LATAM,wholesale,SKU-1338,Bundle Case,Trading Cards,1,11.96,0.00,cancelled,13
ORD-002568,04/29/2025,CUST-01252,NORTH AMERICA,wholesale,SKU-1047,2000pc Star Chart,puzzles,-1,31.48,0.10,completed,7
ORD-000547,06/03/2025,CUST-01381,APAC,retail,SKU-1253,1000pc Coastline,Puzzles,2,28.58,0.00,cancelled,4
ORD-001735,02/28/2025,CUST-01124,North America,wholesale,SKU-1277,Bundle Case,Trading Cards,2,15.93,0.10,cancelled,3
ORD-000350,2025-09-29 08:27:28,CUST-00587,LATAM,partner,SKU-1168,Card Sleeves,ACCESSORIES,1,$26.87,0.00,completed,2
ORD-002769,2026-06-15 07:57:51,CUST-01412,EMEA,PARTNER,SKU-1093,Expansion Key,digital,4,54.19,0.00,refunded,14
ORD-002683,2026-01-21 04:47:48,CUST-01792,APAC,partner,SKU-1002,Bundle Case,Trading Cards,1,$70.29,0.15,pending,20
ORD-001211,2025-09-24 12:13:19,CUST-01366,APAC,wholesale,SKU-1089,Season Pass,Digital,1,$36.52,0.00,cancelled,17
ORD-004051,01/09/2026,CUST-01694,EMEA,retail,SKU-1273,Signal Fire,Board Games,1,58.76,0.00,pending,20
ORD-002264,12/10/2025,CUST-00873,APAC,online,SKU-1070,Dungeon Delve,BOARD GAMES,1,76.32,0.00,pending,3
ORD-004690,2026-03-09 10:45:52,CUST-00386,APAC,online,SKU-1390,Signal Fire,Board Games,1,79.10,0.00,refunded,9
ORD-002596,2025-06-01 11:43:47,CUST-00197,LATAM,online,SKU-1291,Card Sleeves,Accessories,1,37.65,0.10,completed,8
ORD-000801,04-Aug-2025,CUST-00557,EMEA,wholesale,SKU-1108,Expansion Key,Digital,12,12.99,0.20,cancelled,17
ORD-000430,2025-06-14 02:22:28,CUST-00247,LATAM,retail,SKU-1135,Collector Box,Trading Cards,3,220.65,0.20,cancelled,11
ORD-000472,04-Feb-2026,CUST-01653,North America,  partner ,SKU-1054,Dice Set,Accessories,1,30.28,0.15,completed,17
ORD-000860,04/27/2026,,LATAM,wholesale,SKU-1098,Expansion Key,digital,1,42.40,0.05,completed,18
ORD-001666,16-Apr-2025,CUST-00215,APAC,online,SKU-1267,Card Sleeves,accessories,1,26.63,0.00,completed,18
ORD-002330,06/05/2026,CUST-01726,EMEA,partner,SKU-1233,Dice Set,Accessories,8,26.78,0.00,refunded,15
ORD-002837,2025-06-28 08:46:48,CUST-01719,emea,PARTNER,SKU-1330,Warband Set,Miniatures,1,55.46,0.05,cancelled,9
ORD-000707,2026-04-19T22:30:44Z,CUST-01643,NORTH AMERICA,wholesale,SKU-1331,Expansion Key,Digital,4,55.42,0.00,cancelled,11
ORD-000408,2026-05-29 08:22:07,CUST-00651,latam,online,SKU-1172,Promo Tin,Trading Cards,5,90.00,0.00,cancelled,9
ORD-002826,2025-10-20 17:21:05,CUST-01414,North America,partner,SKU-1184,Card Sleeves,Accessories,12,27.73,0.00,completed,10
ORD-004556,2025-04-17 19:16:56,CUST-00391,North America,retail,SKU-1301,2000pc Star Chart,Puzzles,3,26.01,0.05,pending,8
ORD-002281,26-Jul-2025,CUST-00741,North America,wholesale,SKU-1338,Promo Tin,Trading Cards,2,110.70,0.10,completed,1
ORD-000171,17-Aug-2025,CUST-01427,North America,partner,SKU-1168,1000pc Coastline,Puzzles,2,20.73,0.00,cancelled,8
ORD-004345,04/13/2026,CUST-00549,  APAC ,retail,SKU-1376,Paint Set,MINIATURES,1,34.02,0.00,cancelled,12
ORD-001141,2026-01-09 12:54:46,CUST-00187,LATAM,partner,SKU-1234,Playmat,  Accessories ,5,38.10,0.00,cancelled,11
ORD-002998,2026-04-21 18:23:43,CUST-00294,  LATAM ,retail,SKU-1353,2000pc Star Chart,Puzzles,1,20.21,0.00,completed,1
ORD-004002,2025-01-12 21:39:38,CUST-01458,LATAM,online,SKU-1235,1000pc Coastline,Puzzles,-1,23.08,0.20,cancelled,12
ORD-000459,04/25/2025,CUST-01571,APAC,retail,SKU-1207,Warband Set,Miniatures,1,44.08,0.00,pending,14
ORD-001779,2026-02-08 02:34:14,CUST-01725,APAC,WHOLESALE,SKU-1398,Dungeon Delve,Board Games,2,49.23,0.20,pending,18
ORD-001708,2025-03-26 04:01:43,CUST-01745,APAC,online,SKU-1397,Deck Box,Accessories,2,$19.50,0.00,completed,2
ORD-003854,12-Sep-2025,CUST-00983,EMEA,  partner ,SKU-1029,Booster Pack,TRADING CARDS,2,88.12,0.00,refunded,21
ORD-002653,10-Nov-2025,CUST-01515,North America,wholesale,SKU-1262,Castle Siege,BOARD GAMES,4,35.16,0.00,pending,3
ORD-001879,01/04/2026,CUST-00227,North America,online,SKU-1006,Terrain Kit,Miniatures,2,49.62,0.00,pending,19
ORD-003314,03/08/2026,CUST-01592,APAC,partner,SKU-1329,Deck Box,Accessories,3,26.29,0.05,refunded,16
ORD-004852,04/24/2026,CUST-00955,EMEA,partner,SKU-1371,1000pc Coastline,Puzzles,2,33.94,0.20,completed,12
ORD-000595,2025-05-30 19:49:33,CUST-00902,North America,partner,SKU-1060,Harvest Moon Valley,  Board Games ,3,33.78,0.00,cancelled,11
ORD-001262,2025-10-27 03:52:35,CUST-00377,APAC,partner,SKU-1302,1000pc Coastline,Puzzles,1,$17.66,0.20,cancelled,14
ORD-004798,12/24/2025,CUST-01791,LATAM,partner,SKU-1080,Promo Tin,trading cards,3,78.42,0.00,completed,9
ORD-001663,09/04/2025,CUST-00767,APAC,online,SKU-1029,Season Pass,  Digital ,1,33.26,0.00,pending,4
ORD-004357,2025-08-21T22:42:34Z,CUST-01169,APAC,online,SKU-1023,Trade Winds,Board Games,1,57.64,0.00,refunded,8
ORD-003444,07/28/2025,CUST-00511,NORTH AMERICA,retail,SKU-1149,Dungeon Delve,Board Games,1,22.27,0.00,completed,16
ORD-001937,2026-04-12 12:42:30,CUST-00318,EMEA,partner,SKU-1135,Signal Fire,Board Games,1,51.81,0.00,completed,2
ORD-000115,03/28/2025,CUST-01387,North America,online,SKU-1370,Dungeon Delve,board games,1,38.45,0.10,cancelled,14
ORD-000397,2026-06-22T10:06:21Z,CUST-00962,LATAM,PARTNER,SKU-1026,Paint Set,Miniatures,1,120.24,0.15,pending,21
ORD-001746,06/27/2025,CUST-00616,EMEA,online,SKU-1151,Bundle Case,Trading Cards,2,225.76,0.00,pending,3
ORD-004619,2025-10-05 19:17:09,CUST-00258,  LATAM ,RETAIL,SKU-1356,Terrain Kit,Miniatures,5,143.56,0.00,cancelled,3
ORD-002944,11-Mar-2025,CUST-01070,APAC,,SKU-1182,Expansion Key,Digital,1,10.96,0.00,completed,11
ORD-003380,2025-08-02 13:44:51,,EMEA,  partner ,SKU-1089,500pc Night Market,PUZZLES,12,25.16,0.10,refunded,6
ORD-003642,13-Feb-2025,CUST-01743,  EMEA ,retail,SKU-1155,Collector Box,Trading Cards,1,139.37,0.00,cancelled,16
ORD-002076,2026-04-10 08:52:12,CUST-00708,LATAM,retail,SKU-1055,Cosmetic Bundle,Digital,2,55.68,0.00,pending,2
ORD-001981,2025-08-27 21:37:42,CUST-00215,APAC,retail,SKU-1342,Dungeon Delve,Board Games,2,39.07,0.10,completed,2
ORD-001237,03/15/2026,CUST-00679,LATAM,online,SKU-1178,Signal Fire,BOARD GAMES,2,49.45,0.00,cancelled,3
ORD-002104,2025-12-27 00:03:06,CUST-00903,LATAM,ONLINE,SKU-1275,1000pc Coastline,Puzzles,1,24.41,0.15,pending,18
ORD-004850,2026-01-05 20:47:30,CUST-00978,LATAM,retail,SKU-1328,Booster Pack,Trading Cards,1,11.52,0.15,completed,4
ORD-003363,01-Jun-2026,,EMEA,retail,SKU-1215,Bundle Case,Trading Cards,2,171.40,0.00,cancelled,21
ORD-004975,19-Aug-2025,CUST-01759,North America,partner,SKU-1088,Warband Set,Miniatures,4,136.86,0.05,refunded,15
ORD-002063,2025-11-18 15:05:12,CUST-00617,North America,online,SKU-1067,1000pc Coastline,Puzzles,1,31.04,0.00,completed,13
ORD-003908,17-Aug-2025,CUST-01087,North America,retail,SKU-1146,500pc Night Market,Puzzles,-5,33.46,0.10,cancelled,9
ORD-004568,2026-05-02T03:16:07Z,CUST-01071,EMEA,partner,SKU-1180,Terrain Kit,Miniatures,4,65.68,0.05,pending,21
ORD-003058,01/17/2025,CUST-00707,APAC,retail,SKU-1388,Deck Box,Accessories,1,22.34,0.25,pending,15
ORD-004557,2025-09-23T19:37:05Z,CUST-01585,LATAM,retail,SKU-1345,Harvest Moon Valley,board games,3,53.00,0.00,refunded,1
ORD-000256,2025-05-28 03:50:49,CUST-01194,apac,partner,SKU-1362,Starter Deck,Trading Cards,3,109.49,0.00,refunded,11
ORD-002911,2025-10-01 19:02:46,CUST-00310,EMEA,partner,SKU-1352,Paint Set,MINIATURES,-2,62.46,0.00,pending,11
ORD-004695,03/16/2025,CUST-01377,NORTH AMERICA,retail,SKU-1146,Expansion Key,Digital,2,6.09,0.20,pending,14
ORD-004940,12/20/2025,CUST-00102,APAC,  retail ,SKU-1304,Deck Box,Accessories,1,22.02,0.00,refunded,18
ORD-004384,18-Feb-2026,CUST-00011,EMEA,online,SKU-1027,Promo Tin,Trading Cards,2,211.52,0.00,completed,15
ORD-003998,22-Jan-2025,CUST-00877,North America,online,SKU-1316,Expansion Key,  Digital ,2,13.77,0.05,pending,11
ORD-003432,03-Jul-2025,CUST-00065,LATAM,  online ,SKU-1047,Booster Pack,Trading Cards,1,38.30,0.20,pending,5
ORD-001563,2026-01-06 02:58:24,CUST-00858,North America,online,SKU-1170,1000pc Coastline,Puzzles,2,$22.44,0.00,completed,10
ORD-004296,05/08/2026,CUST-01382,EMEA,retail,SKU-1183,2000pc Star Chart,Puzzles,2,16.72,0.00,cancelled,13
ORD-004661,2026-05-25 09:00:13,CUST-01305,EMEA,online,SKU-1363,Expansion Key,Digital,1,33.74,0.00,completed,5
ORD-002917,09/10/2025,CUST-00390,North America,wholesale,SKU-1231,Expansion Key,Digital,3,55.25,0.00,completed,20
ORD-002771,2025-11-12T04:49:35Z,CUST-01036,North America,  online ,SKU-1137,Castle Siege,Board Games,2,53.51,0.00,pending,13
ORD-002171,09/21/2025,CUST-01097,North America,partner,SKU-1020,Bundle Case,Trading Cards,1,61.83,0.20,refunded,7
ORD-001428,2025-12-02 02:30:05,CUST-00838,EMEA,partner,SKU-1331,Starter Deck,Trading Cards,1,156.14,0.20,pending,1
ORD-002138,12/18/2025,CUST-00168,APAC,RETAIL,SKU-1184,2000pc Star Chart,PUZZLES,4,33.16,0.00,refunded,19
ORD-003570,2025-04-10 04:42:33,CUST-01578,LATAM,online,SKU-1190,Trade Winds,Board Games,1,77.12,0.15,cancelled,1
ORD-001668,11/15/2025,CUST-00928,LATAM,wholesale,SKU-1388,Season Pass,Digital,1,8.96,0.00,refunded,12
ORD-004414,06-Jun-2025,CUST-00014,APAC,online,SKU-1098,1000pc Coastline,Puzzles,2,30.85,0.00,completed,16
ORD-004612,01/07/2025,CUST-00824,EMEA,retail,SKU-1376,Hero Blister,Miniatures,2,49.53,0.00,cancelled,14
ORD-002501,01/22/2026,CUST-01046,NORTH AMERICA,retail,SKU-1329,Hero Blister,Miniatures,4,70.38,0.05,pending,21
ORD-002929,30-Jul-2025,CUST-00395,LATAM,online,SKU-1327,Expansion Key,Digital,1,37.67,0.00,refunded,10
ORD-000904,05/06/2025,CUST-00048,EMEA,wholesale,SKU-1285,Castle Siege,Board Games,3,$70.07,0.00,cancelled,5
ORD-000158,2025-02-16T20:34:17Z,CUST-01422,NORTH AMERICA,online,SKU-1054,Cosmetic Bundle,Digital,12,1.20,0.00,pending,20
ORD-003290,2025-04-20T10:00:32Z,CUST-00342,North America,wholesale,SKU-1063,Dungeon Delve,Board Games,1,25.94,0.00,cancelled,3
ORD-001089,2025-11-12 17:05:09,CUST-01447,North America,wholesale,SKU-1047,1000pc Coastline,Puzzles,4,18.41,0.00,pending,21
ORD-004691,2025-02-08 18:39:12,CUST-01703,APAC,partner,SKU-1168,Hero Blister,miniatures,2,135.94,0.00,pending,12
ORD-000607,06/30/2025,CUST-01758,EMEA,online,SKU-1141,2000pc Star Chart,Puzzles,2,10.85,0.00,completed,2
ORD-000764,2026-01-21 03:06:48,CUST-01059,LATAM,retail,SKU-1211,Hero Blister,Miniatures,2,41.07,0.00,refunded,19
ORD-001875,22-Mar-2026,CUST-00027,North America,partner,SKU-1116,Promo Tin,Trading Cards,1,$113.52,0.25,pending,4
ORD-003673,2025-04-28 11:48:00,CUST-00792,EMEA,online,SKU-1246,Cosmetic Bundle,Digital,3,24.98,0.00,cancelled,15
ORD-000559,28-Feb-2025,CUST-00416,North America,partner,SKU-1129,Cosmetic Bundle,Digital,1,21.60,0.00,refunded,13
ORD-004980,04/16/2025,CUST-00418,LATAM,retail,SKU-1048,Starter Deck,Trading Cards,3,$172.54,0.10,completed,10
ORD-002612,2025-09-30 13:27:54,CUST-00459,APAC,online,SKU-1131,Deck Box,accessories,2,8.24,0.25,cancelled,20
ORD-001628,05/26/2026,CUST-01727,APAC,wholesale,SKU-1358,Deck Box,Accessories,1,23.90,0.00,pending,15
ORD-002879,2025-12-10 22:43:02,CUST-00771,APAC,wholesale,SKU-1129,1000pc Coastline,  Puzzles ,2,11.22,0.05,refunded,8
ORD-003791,2025-12-19 10:58:21,CUST-00466,EMEA,retail,SKU-1278,Promo Tin,Trading Cards,4,216.13,0.00,pending,8
ORD-002049,2025-01-29 18:24:02,CUST-00770,North America,wholesale,SKU-1236,Expansion Key,  Digital ,2,51.78,0.00,cancelled,11
ORD-003443,2025-08-13 21:57:50,CUST-01312,APAC,wholesale,SKU-1082,Cosmetic Bundle,Digital,1,13.72,0.20,cancelled,21
ORD-004188,03/10/2025,CUST-01391,  North America ,retail,SKU-1347,Booster Pack,Trading Cards,2,240.14,0.15,refunded,6
ORD-002306,21-Feb-2026,CUST-01164,emea,wholesale,SKU-1363,Season Pass,Digital,1,54.77,0.15,cancelled,11
ORD-004542,2025-09-18 07:30:43,CUST-00431,LATAM,wholesale,SKU-1005,Starter Deck,trading cards,1,183.51,0.00,pending,2
ORD-000245,2025-05-26 19:46:24,CUST-00898,LATAM,online,SKU-1352,1000pc Coastline,Puzzles,2,26.52,0.00,pending,11
ORD-001357,04/21/2026,CUST-00987,LATAM,partner,SKU-1159,Playmat,Accessories,2,6.12,0.00,completed,17
ORD-002478,07-Jul-2025,CUST-01213,LATAM,online,SKU-1066,Card Sleeves,Accessories,1,35.15,0.00,cancelled,13
ORD-002342,22-May-2025,CUST-00005,APAC,ONLINE,SKU-1076,500pc Night Market,Puzzles,3,19.32,0.00,completed,19
ORD-004596,2025-12-26 18:50:41,CUST-00918,APAC,retail,SKU-1103,Cosmetic Bundle,Digital,1,41.85,0.15,pending,8
ORD-004756,2025-09-28 15:30:26,CUST-00692,  North America ,online,SKU-1241,Harvest Moon Valley,Board Games,1,25.55,0.00,pending,7
ORD-000296,2025-12-22 11:10:14,CUST-01576,North America,partner,SKU-1080,1000pc Coastline,Puzzles,4,13.27,0.25,refunded,12
ORD-001786,2025-07-25 20:10:02,CUST-00019,North America,wholesale,SKU-1385,Signal Fire,Board Games,3,35.16,0.10,refunded,2
ORD-000605,28-Jun-2025,CUST-00711,EMEA,partner,SKU-1144,Card Sleeves,Accessories,2,15.89,0.10,completed,19
ORD-001923,03/22/2025,CUST-00368,EMEA,online,SKU-1190,Playmat,ACCESSORIES,-3,26.88,0.00,refunded,18
ORD-002241,2025-02-10 06:45:00,CUST-01609,LATAM,wholesale,SKU-1136,Castle Siege,board games,1,27.96,0.00,refunded,15
ORD-002115,2025-07-09 04:14:13,CUST-00807,APAC,online,SKU-1122,1000pc Coastline,Puzzles,8,27.62,0.00,pending,5
ORD-003265,2025-05-14 09:41:05,CUST-00993,North America,retail,SKU-1228,Warband Set,Miniatures,4,149.60,0.00,completed,8
ORD-001370,2025-12-02T19:12:25Z,CUST-01269,north america,  wholesale ,SKU-1219,Playmat,ACCESSORIES,2,21.09,0.05,refunded,21
ORD-002508,2025-12-09 04:48:44,CUST-00757,LATAM,online,SKU-1360,Cosmetic Bundle,Digital,-8,59.09,0.00,completed,1
ORD-003948,2025-01-11 19:41:41,CUST-01745,APAC,online,SKU-1353,1000pc Coastline,Puzzles,1,12.13,0.00,pending,16
ORD-000328,2025-05-09 00:09:05,CUST-00349,North America,retail,SKU-1338,Dice Set,Accessories,3,8.84,0.05,cancelled,7
ORD-002979,2025-08-23 18:12:31,CUST-00977,APAC,online,SKU-1202,Trade Winds,board games,3,49.63,0.10,cancelled,18
ORD-004577,02/13/2026,CUST-00396,LATAM,partner,SKU-1123,Hero Blister,MINIATURES,1,143.74,0.00,completed,16
ORD-000200,2025-09-08T01:41:40Z,CUST-01010,emea,wholesale,SKU-1206,Season Pass,Digital,1,18.46,0.00,completed,2
ORD-001107,2025-09-27 23:43:48,CUST-00240,North America,wholesale,SKU-1119,Trade Winds,Board Games,1,36.19,0.00,pending,11
ORD-004017,19-Apr-2025,CUST-00029,EMEA,  partner ,SKU-1308,Warband Set,Miniatures,1,135.35,0.00,completed,16
ORD-004670,2025-10-07 19:54:44,CUST-00051,North America,partner,SKU-1292,Playmat,Accessories,1,11.20,0.00,completed,17
ORD-001669,2025-10-27 23:14:51,CUST-00839,LATAM,ONLINE,SKU-1132,Deck Box,Accessories,1,18.16,0.00,completed,16
ORD-004613,2025-09-04 13:09:05,CUST-00810,LATAM,wholesale,SKU-1073,Expansion Key,Digital,1,8.66,0.15,cancelled,15
ORD-000209,2025-11-16 18:03:19,CUST-01017,North America,  partner ,SKU-1195,Bundle Case,Trading Cards,3,22.74,0.25,refunded,11
ORD-004858,2025-04-19 20:29:50,CUST-01528,North America,wholesale,SKU-1226,Bundle Case,Trading Cards,1,177.78,0.00,cancelled,20
ORD-003362,03/05/2025,CUST-01539,North America,online,SKU-1080,Terrain Kit,Miniatures,3,$134.05,0.00,completed,7
ORD-003019,2025-07-31 16:35:32,CUST-01006,LATAM,retail,SKU-1068,1000pc Coastline,Puzzles,1,$19.81,0.15,cancelled,9
ORD-003781,2025-07-18 11:50:36,CUST-00557,EMEA,wholesale,SKU-1172,500pc Night Market,Puzzles,1,18.38,0.00,completed,1
ORD-004721,01-Apr-2026,CUST-01402,EMEA,partner,SKU-1316,2000pc Star Chart,Puzzles,2,22.92,0.25,refunded,1
ORD-003260,2026-06-30 00:45:39,CUST-01601,North America,partner,SKU-1222,Dice Set,Accessories,3,27.92,0.00,pending,12
ORD-000762,2025-09-26 05:25:36,CUST-01527,North America,partner,SKU-1310,Promo Tin,Trading Cards,2,170.20,0.00,pending,19
ORD-004223,03/07/2026,CUST-01056,APAC,wholesale,SKU-1180,Expansion Key,  Digital ,2,55.87,0.00,refunded,3
ORD-003303,2025-09-05 14:45:00,CUST-00743,APAC,wholesale,SKU-1139,Collector Box,Trading Cards,1,26.27,0.10,refunded,16
ORD-002334,08/17/2025,CUST-00617,LATAM,PARTNER,SKU-1196,Collector Box,Trading Cards,1,65.84,0.00,refunded,3
ORD-001243,2026-01-08 08:51:01,CUST-01540,  APAC ,online,SKU-1118,Deck Box,Accessories,3,26.27,0.00,cancelled,19
ORD-000744,10/23/2025,CUST-00275,North America,partner,SKU-1363,Dice Set,Accessories,1,9.88,0.00,refunded,2
ORD-002323,2025-06-30 11:42:52,CUST-00211,LATAM,retail,SKU-1021,Bundle Case,Trading Cards,3,166.68,0.00,refunded,15
ORD-004039,2025-10-06 02:17:19,CUST-01512,LATAM,online,SKU-1220,Promo Tin,Trading Cards,1,45.98,0.00,completed,5
ORD-000026,04/22/2025,CUST-01781,North America,retail,SKU-1033,Expansion Key,Digital,2,7.19,0.10,pending,1
ORD-004244,2025-06-25 17:07:19,CUST-01581,LATAM,wholesale,SKU-1105,Dice Set,Accessories,2,6.93,0.00,pending,20
ORD-003063,12/12/2025,CUST-00303,apac,online,SKU-1040,Expansion Key,Digital,1,55.14,0.20,refunded,17
ORD-004159,07/09/2025,CUST-01544,EMEA,partner,SKU-1255,2000pc Star Chart,puzzles,1,30.70,0.00,pending,
ORD-001118,2025-05-27 11:06:27,CUST-01312,LATAM,PARTNER,SKU-1369,Harvest Moon Valley,Board Games,5,71.16,0.05,cancelled,12
ORD-001360,2026-03-23 03:22:39,CUST-00139,north america,partner,SKU-1060,Promo Tin,Trading Cards,1,92.26,0.00,pending,19
ORD-001496,28-Apr-2025,CUST-01131,LATAM,partner,SKU-1264,Cosmetic Bundle,DIGITAL,1,29.75,0.00,refunded,20
ORD-003359,07/14/2025,CUST-00627,EMEA,  online ,SKU-1394,Season Pass,Digital,2,48.39,0.05,cancelled,13
ORD-003787,2026-06-06 10:59:08,CUST-00696,LATAM,retail,SKU-1063,Bundle Case,Trading Cards,1,65.16,0.10,completed,21
ORD-003726,25-Sep-2025,CUST-00968,LATAM,wholesale,SKU-1332,Dungeon Delve,Board Games,2,43.51,0.10,cancelled,11
ORD-001198,2025-01-20 17:01:22,CUST-00557,North America,wholesale,SKU-1197,Deck Box,Accessories,1,23.09,0.00,pending,16
ORD-004376,2025-03-29 05:11:38,CUST-01572,APAC,retail,SKU-1178,2000pc Star Chart,Puzzles,1,30.32,0.00,completed,2
ORD-003455,30-Mar-2026,CUST-00802,APAC,WHOLESALE,SKU-1159,Season Pass,DIGITAL,1,50.35,0.25,cancelled,
ORD-003004,2025-10-06 00:07:22,CUST-00169,LATAM,online,SKU-1146,2000pc Star Chart,  Puzzles ,1,17.33,0.00,refunded,7
ORD-002950,2025-12-26T15:21:08Z,CUST-00068,LATAM,wholesale,SKU-1237,Expansion Key,Digital,1,48.33,0.00,cancelled,2
ORD-002574,06/17/2025,CUST-00923,LATAM,retail,SKU-1254,Hero Blister,  Miniatures ,-1,121.23,0.10,refunded,13
ORD-000666,02/04/2025,CUST-01517,  North America ,wholesale,SKU-1306,Season Pass,Digital,3,54.20,0.00,pending,13
ORD-003406,2026-02-25T19:40:16Z,CUST-00673,EMEA,retail,SKU-1255,Bundle Case,Trading Cards,3,86.57,0.00,pending,4
ORD-000614,2025-05-23T17:14:26Z,CUST-00190,APAC,online,SKU-1276,Dungeon Delve,Board Games,1,$64.06,0.00,pending,6
ORD-004150,03/02/2025,CUST-00463,EMEA,online,SKU-1144,Season Pass,Digital,3,39.83,0.00,cancelled,8
ORD-000317,05/13/2026,CUST-00093,APAC,wholesale,SKU-1165,2000pc Star Chart,PUZZLES,1,17.00,0.05,completed,14
ORD-004130,2025-02-21 12:49:33,CUST-00128,  North America ,online,SKU-1125,Playmat,ACCESSORIES,1,15.78,0.00,refunded,1
ORD-001504,2025-06-13T03:00:59Z,CUST-01762,EMEA,ONLINE,SKU-1370,Signal Fire,  Board Games ,1,58.47,0.10,refunded,15
ORD-003828,2026-02-05 15:28:28,CUST-00336,North America,partner,SKU-1282,Paint Set,MINIATURES,2,105.11,0.20,completed,11
ORD-001811,12/13/2025,CUST-00508,North America,retail,SKU-1068,1000pc Coastline,Puzzles,1,16.62,0.00,completed,5
ORD-000031,06/19/2026,CUST-00193,North America,retail,SKU-1016,Hero Blister,Miniatures,3,60.17,0.05,pending,9
ORD-001733,2025-04-13 19:29:42,CUST-01516,latam,  online ,SKU-1075,Card Sleeves,Accessories,1,39.60,0.05,cancelled,21
ORD-002904,2025-07-20 11:23:34,CUST-00500,LATAM,partner,SKU-1147,Season Pass,Digital,4,13.10,0.00,refunded,2
ORD-004893,2026-06-19 06:04:25,CUST-01562,LATAM,RETAIL,SKU-1345,Card Sleeves,Accessories,2,21.91,0.10,completed,10
ORD-002038,2025-03-31 23:18:44,CUST-01368,APAC,partner,SKU-1215,1000pc Coastline,Puzzles,3,27.28,0.00,completed,4
ORD-004761,2026-04-18 01:12:50,CUST-01091,  EMEA ,  partner ,SKU-1312,Castle Siege,Board Games,4,59.20,0.05,completed,18
ORD-002894,2026-02-09 08:55:19,CUST-00264,North America,partner,SKU-1175,Dice Set,Accessories,3,19.31,0.00,refunded,16
ORD-002482,2026-03-11 03:53:33,CUST-01548,EMEA,retail,SKU-1281,Harvest Moon Valley,Board Games,1,39.33,0.00,completed,16
ORD-002102,2025-01-26 12:02:22,CUST-01755,APAC,retail,SKU-1012,Season Pass,digital,4,12.89,0.05,cancelled,12
ORD-000989,10-May-2025,CUST-00588,North America,online,SKU-1218,Dungeon Delve,Board Games,1,63.44,0.00,completed,9
ORD-003926,2025-09-29 12:52:14,CUST-00334,EMEA,RETAIL,SKU-1234,Signal Fire,Board Games,2,15.39,0.00,completed,11
ORD-001197,10/26/2025,CUST-01095,EMEA,WHOLESALE,SKU-1337,Signal Fire,Board Games,2,16.71,0.10,refunded,5
ORD-001602,2026-02-07 07:50:20,CUST-01052,  LATAM ,  online ,SKU-1169,Promo Tin,Trading Cards,1,195.12,0.00,completed,18
ORD-003305,05/19/2026,CUST-00661,North America,RETAIL,SKU-1345,Hero Blister,Miniatures,4,108.53,0.00,pending,1
ORD-000314,14-Dec-2025,CUST-00048,North America,RETAIL,SKU-1368,Terrain Kit,Miniatures,1,149.90,0.00,refunded,3
ORD-002446,2025-05-24 10:09:37,CUST-01504,North America,retail,SKU-1244,Bundle Case,Trading Cards,4,157.03,0.00,cancelled,18
ORD-001022,2025-11-02T11:54:38Z,CUST-00469,APAC,wholesale,SKU-1398,Signal Fire,Board Games,5,74.50,0.00,pending,10
ORD-000726,2025-11-25 23:49:02,CUST-01782,North America,wholesale,SKU-1195,Promo Tin,Trading Cards,5,12.78,0.00,cancelled,13
ORD-000699,02/02/2026,CUST-01512,  North America ,partner,SKU-1033,Expansion Key,Digital,3,54.37,0.10,cancelled,14
ORD-003175,2025-10-19T09:41:28Z,CUST-01266,EMEA,online,SKU-1167,1000pc Coastline,Puzzles,2,30.72,0.10,completed,17
ORD-001843,2025-06-15 01:13:13,CUST-00401,LATAM,retail,SKU-1363,Starter Deck,Trading Cards,1,92.84,0.00,pending,11
ORD-003235,2025-10-31 21:09:22,,EMEA,online,SKU-1351,Harvest Moon Valley,Board Games,3,58.19,0.00,cancelled,5
ORD-000890,2026-01-17 15:08:25,CUST-00951,  EMEA ,  wholesale ,SKU-1013,Harvest Moon Valley,Board Games,4,15.99,0.10,completed,13
ORD-000956,2025-11-29 03:21:23,CUST-00574,EMEA,partner,SKU-1376,Terrain Kit,Miniatures,1,137.67,0.00,pending,14
ORD-002848,2025-07-05 12:01:05,CUST-00787,north america,partner,SKU-1085,Season Pass,Digital,1,59.78,0.20,refunded,16
ORD-004614,2026-06-06 10:39:00,CUST-01445,North America,partner,SKU-1385,Dungeon Delve,Board Games,2,76.85,0.05,cancelled,5
ORD-000569,04/04/2025,CUST-01685,APAC,partner,SKU-1161,Expansion Key,Digital,1,35.82,0.00,pending,18
ORD-001247,01/14/2025,CUST-01677,APAC,wholesale,SKU-1072,Hero Blister,  Miniatures ,8,51.28,0.00,refunded,17
ORD-001285,2025-08-26 01:49:43,CUST-00209,apac,online,SKU-1246,Collector Box,  Trading Cards ,2,172.24,0.00,cancelled,8
ORD-004575,01/29/2025,CUST-01561,EMEA,online,SKU-1363,Bundle Case,  Trading Cards ,2,14.17,0.10,cancelled,13
ORD-004109,2025-05-18 11:49:23,CUST-00239,  North America ,wholesale,SKU-1024,2000pc Star Chart,Puzzles,2,22.13,0.00,completed,2
ORD-004566,2025-04-21 06:16:48,CUST-01656,LATAM,online,SKU-1368,Terrain Kit,Miniatures,1,130.03,0.00,completed,13
ORD-004355,2025-01-10 16:39:34,CUST-00927,LATAM,wholesale,SKU-1215,Dice Set,Accessories,-1,17.44,0.00,refunded,13
ORD-001011,2026-01-19 05:35:01,CUST-01184,LATAM,PARTNER,SKU-1134,Dice Set,Accessories,5,33.47,0.00,refunded,12
ORD-003789,2026-02-21 14:25:29,CUST-00541,LATAM,online,SKU-1201,Harvest Moon Valley,Board Games,2,38.19,0.00,refunded,8
ORD-004202,27-Apr-2026,CUST-00797,LATAM,retail,SKU-1131,1000pc Coastline,Puzzles,2,14.74,0.15,refunded,7
ORD-000784,22-Aug-2025,CUST-01496,EMEA,wholesale,SKU-1293,Playmat,  Accessories ,1,20.94,0.00,completed,15
ORD-003282,2025-11-13T16:33:42Z,CUST-00526,LATAM,  partner ,SKU-1400,2000pc Star Chart,PUZZLES,12,20.77,0.20,pending,5
ORD-002700,2025-01-12 09:37:32,CUST-00270,APAC,partner,SKU-1066,Expansion Key,Digital,-1,8.52,0.00,cancelled,10
ORD-000746,11-Aug-2025,CUST-00414,APAC,partner,SKU-1008,Expansion Key,digital,1,47.31,0.00,pending,10
ORD-004707,2025-03-02 20:33:45,CUST-01288,LATAM,partner,SKU-1315,Starter Deck,Trading Cards,1,93.59,0.00,completed,3
ORD-004961,2026-01-22 23:22:38,CUST-01162,APAC,wholesale,SKU-1114,Warband Set,Miniatures,3,96.47,0.20,pending,9
ORD-002628,01/07/2025,,APAC,online,SKU-1163,Hero Blister,Miniatures,-5,111.60,0.15,cancelled,2
ORD-000403,2026-04-16 16:40:18,CUST-00410,EMEA,wholesale,SKU-1136,Terrain Kit,Miniatures,1,52.35,0.00,completed,11
ORD-000098,2025-06-13 21:27:10,CUST-01016,North America,partner,SKU-1265,Card Sleeves,Accessories,1,5.38,0.00,refunded,7
ORD-000278,2025-01-17 14:50:37,CUST-01255,APAC,retail,SKU-1221,2000pc Star Chart,Puzzles,1,28.31,0.10,refunded,17
ORD-002026,2025-12-23T11:23:45Z,CUST-01140,APAC,wholesale,SKU-1300,Booster Pack,Trading Cards,1,159.95,0.00,completed,20
ORD-004582,2026-06-27 04:43:51,CUST-01512,LATAM,online,SKU-1270,Expansion Key,Digital,4,18.06,0.10,refunded,18
ORD-002020,2026-04-25 19:03:09,CUST-00738,LATAM,partner,SKU-1094,Starter Deck,Trading Cards,1,82.63,0.15,refunded,7
ORD-003150,08/06/2025,CUST-00332,latam,RETAIL,SKU-1255,Terrain Kit,Miniatures,1,51.13,0.00,completed,20
ORD-004141,07/03/2025,CUST-00630,APAC,wholesale,SKU-1208,Terrain Kit,Miniatures,3,56.44,0.10,pending,4
ORD-004888,2025-09-02 10:17:55,CUST-01498,apac,online,SKU-1338,Starter Deck,TRADING CARDS,1,43.27,0.00,completed,13
ORD-003247,2025-02-18 06:30:06,CUST-00361,  LATAM ,partner,SKU-1164,Playmat,Accessories,2,5.88,0.25,refunded,8
ORD-000292,14-Oct-2025,CUST-00655,LATAM,wholesale,SKU-1086,Warband Set,miniatures,1,66.56,0.00,refunded,9
ORD-002385,2025-08-14 03:51:27,CUST-00286,EMEA,retail,SKU-1057,1000pc Coastline,Puzzles,2,21.94,0.00,cancelled,13
ORD-001483,2026-05-01 05:26:28,CUST-01791,North America,online,SKU-1216,Cosmetic Bundle,Digital,1,54.31,0.00,cancelled,7
ORD-004272,02/11/2025,CUST-01433,North America,online,SKU-1314,Bundle Case,Trading Cards,1,82.21,0.15,refunded,5
ORD-001644,01-Feb-2026,CUST-01683,EMEA,partner,SKU-1040,Castle Siege,Board Games,12,30.69,0.20,pending,21
ORD-002974,2026-01-04 07:40:15,CUST-00926,LATAM,online,SKU-1079,Season Pass,Digital,12,2.04,0.00,refunded,14
ORD-001931,05/16/2026,CUST-00570,EMEA,retail,SKU-1233,500pc Night Market,Puzzles,3,16.83,0.00,refunded,1
ORD-004315,09/20/2025,CUST-00964,LATAM,partner,SKU-1266,Playmat,Accessories,5,39.83,0.00,cancelled,17
ORD-000804,2025-07-31T10:12:36Z,CUST-00015,APAC,online,SKU-1068,2000pc Star Chart,Puzzles,1,23.66,0.00,refunded,14
ORD-001455,05-Mar-2025,CUST-00844,APAC,retail,SKU-1134,2000pc Star Chart,PUZZLES,1,10.42,0.00,pending,2
ORD-004763,06/11/2025,CUST-00158,North America,online,SKU-1048,2000pc Star Chart,Puzzles,1,29.32,0.00,completed,8
ORD-002087,2026-01-29 06:27:27,CUST-01501,EMEA,retail,SKU-1290,Signal Fire,Board Games,1,17.61,0.05,cancelled,20
ORD-003392,2026-06-05 21:03:57,CUST-00030,LATAM,wholesale,SKU-1089,2000pc Star Chart,Puzzles,3,13.00,0.00,completed,11
ORD-001416,2026-04-27 00:45:50,CUST-00218,north america,retail,SKU-1150,Trade Winds,Board Games,12,65.35,0.00,cancelled,2
ORD-004835,2026-06-21 21:21:19,CUST-00377,APAC,retail,SKU-1150,2000pc Star Chart,Puzzles,1,23.65,0.00,completed,21
ORD-000146,2025-07-24 03:30:49,CUST-01603,APAC,retail,SKU-1106,Collector Box,Trading Cards,1,243.75,0.00,cancelled,8
ORD-001409,2026-04-27 05:04:03,CUST-00676,LATAM,wholesale,SKU-1166,Cosmetic Bundle,Digital,3,45.85,0.00,pending,11
ORD-002832,2026-05-10T04:55:41Z,CUST-00135,APAC,ONLINE,SKU-1121,Castle Siege,Board Games,3,53.96,0.00,completed,9
ORD-000836,2025-01-16 19:22:40,CUST-00124,APAC,online,SKU-1250,Card Sleeves,  Accessories ,3,14.96,0.10,refunded,5
ORD-003942,2025-08-24T02:51:04Z,CUST-00092,APAC,partner,SKU-1393,Season Pass,DIGITAL,2,38.86,0.00,completed,2
ORD-000872,23-Sep-2025,CUST-00232,APAC,online,SKU-1008,1000pc Coastline,puzzles,3,11.61,0.00,refunded,4
ORD-004036,2026-06-23 09:49:11,CUST-01746,NORTH AMERICA,wholesale,SKU-1155,Deck Box,Accessories,4,19.09,0.00,pending,1
ORD-002358,2026-02-23 14:15:02,CUST-00348,APAC,wholesale,SKU-1375,Promo Tin,Trading Cards,3,183.36,0.00,cancelled,17
ORD-000539,15-Jun-2025,CUST-01271,emea,  partner ,SKU-1213,Booster Pack,Trading Cards,1,40.75,0.00,pending,5
ORD-004859,05-Jun-2026,CUST-00441,  EMEA ,retail,SKU-1119,Warband Set,Miniatures,2,71.71,0.00,completed,5
ORD-004003,2025-10-08T07:47:51Z,CUST-00606,  North America ,  wholesale ,SKU-1117,Cosmetic Bundle,Digital,2,21.52,0.15,pending,12
ORD-004808,11/03/2025,CUST-00466,north america,partner,SKU-1028,Dungeon Delve,Board Games,2,$71.85,0.00,refunded,15
ORD-001381,2025-08-17 17:34:41,CUST-00780,North America,online,SKU-1199,Warband Set,Miniatures,4,114.32,0.00,pending,17
ORD-002601,14-Jun-2025,CUST-00303,latam,wholesale,SKU-1116,Deck Box,Accessories,3,27.30,0.00,pending,15
ORD-003126,07-Apr-2026,CUST-01092,APAC,wholesale,SKU-1164,500pc Night Market,Puzzles,1,28.07,0.00,completed,16
ORD-003607,2025-07-15 14:54:51,CUST-00160,apac,online,SKU-1004,2000pc Star Chart,Puzzles,2,23.88,0.00,completed,10
ORD-001439,2025-08-17 17:55:02,CUST-00921,LATAM,online,SKU-1098,Promo Tin,Trading Cards,1,181.86,0.00,refunded,
ORD-004092,01/18/2025,CUST-00110,EMEA,wholesale,SKU-1209,Signal Fire,Board Games,1,78.51,0.25,refunded,19
ORD-000609,2025-05-13T08:29:40Z,CUST-00355,North America,partner,SKU-1015,Deck Box,Accessories,3,22.20,0.00,cancelled,3
ORD-003036,26-Apr-2026,CUST-01381,EMEA,online,SKU-1288,Expansion Key,Digital,1,30.95,0.00,refunded,19
ORD-004449,09-Nov-2025,CUST-01275,EMEA,online,SKU-1357,Collector Box,Trading Cards,1,7.10,0.00,pending,7
ORD-004086,2025-09-09 18:06:54,CUST-01328,LATAM,  online ,SKU-1088,Trade Winds,Board Games,1,66.14,0.10,completed,8
ORD-001580,2025-03-01 21:56:14,CUST-00492,LATAM,  partner ,SKU-1177,Card Sleeves,Accessories,4,20.20,0.00,refunded,10
ORD-002643,2025-02-02 16:36:12,CUST-01433,North America,wholesale,SKU-1215,Starter Deck,Trading Cards,1,4.33,0.00,cancelled,21
ORD-001907,28-May-2025,CUST-00362,NORTH AMERICA,partner,SKU-1032,Paint Set,  Miniatures ,4,75.59,0.00,completed,11
ORD-003236,2025-08-21 04:29:40,CUST-00120,APAC,partner,SKU-1332,1000pc Coastline,Puzzles,1,25.95,0.00,refunded,16
ORD-003252,14-Aug-2025,CUST-01013,LATAM,PARTNER,SKU-1329,Season Pass,Digital,1,24.45,0.00,refunded,18
ORD-004113,2026-06-15T08:45:21Z,CUST-00269,LATAM,retail,SKU-1081,Expansion Key,Digital,2,53.05,0.00,pending,17
ORD-004992,2025-03-15 11:54:00,CUST-00825,LATAM,wholesale,SKU-1087,Bundle Case,Trading Cards,2,203.50,0.00,refunded,6
ORD-000729,2025-10-10 04:31:26,CUST-00456,North America,online,SKU-1000,2000pc Star Chart,Puzzles,2,27.62,0.00,completed,8
ORD-001512,2025-05-06 18:02:58,CUST-01189,APAC,wholesale,SKU-1238,Harvest Moon Valley,Board Games,1,27.93,0.00,pending,4
ORD-004410,19-Feb-2025,CUST-00021,NORTH AMERICA,wholesale,SKU-1205,Collector Box,Trading Cards,3,61.99,0.00,refunded,10
ORD-000487,2025-07-13T11:12:42Z,CUST-01089,EMEA,wholesale,SKU-1333,Bundle Case,Trading Cards,2,80.73,0.00,cancelled,2
ORD-004958,2026-05-04 15:56:39,CUST-01588,LATAM,PARTNER,SKU-1151,Dice Set,Accessories,2,19.06,0.00,cancelled,11
ORD-002541,2025-10-26 22:15:05,CUST-00931,EMEA,partner,SKU-1297,Expansion Key,Digital,2,54.00,0.00,pending,2
ORD-003483,2026-04-01 23:37:40,CUST-00137,EMEA,online,SKU-1036,Terrain Kit,Miniatures,12,92.50,0.00,pending,19
ORD-004106,2025-11-12 20:45:33,CUST-01409,LATAM,online,SKU-1326,Terrain Kit,MINIATURES,2,20.98,0.00,completed,9
ORD-004378,26-Feb-2025,CUST-00138,LATAM,retail,SKU-1367,Season Pass,Digital,1,15.01,0.00,completed,13
ORD-004104,03/01/2026,CUST-01352,North America,partner,SKU-1397,Starter Deck,Trading Cards,3,107.62,0.00,cancelled,5
ORD-004341,04/17/2025,CUST-01381,EMEA,RETAIL,SKU-1284,1000pc Coastline,Puzzles,1,22.83,0.10,pending,15
ORD-000352,2025-07-16 23:53:41,CUST-00788,North America,partner,SKU-1008,Harvest Moon Valley,Board Games,5,22.53,0.20,refunded,16
ORD-002919,2026-01-05T04:54:35Z,CUST-01655,LATAM,retail,SKU-1359,1000pc Coastline,Puzzles,2,17.13,0.00,pending,18
ORD-001991,2025-10-15 04:40:35,CUST-00935,LATAM,retail,SKU-1060,Trade Winds,board games,1,63.38,0.00,refunded,1
ORD-004011,2025-05-08 15:59:51,CUST-00153,EMEA,wholesale,SKU-1097,Signal Fire,Board Games,1,31.73,0.00,refunded,8
ORD-004318,2025-07-21 10:32:53,CUST-00708,LATAM,online,SKU-1006,Hero Blister,Miniatures,1,21.18,0.00,pending,11
ORD-004181,2025-04-29 21:22:12,CUST-01142,North America,partner,SKU-1085,Dice Set,Accessories,1,20.02,0.00,refunded,8
ORD-000766,05/10/2026,CUST-01043,APAC,partner,SKU-1029,Season Pass,Digital,3,13.01,0.15,cancelled,17
ORD-001176,2025-07-02 23:11:44,CUST-01662,LATAM,partner,SKU-1249,Dungeon Delve,Board Games,8,73.92,0.00,cancelled,10
ORD-001909,06/10/2026,CUST-01207,LATAM,ONLINE,SKU-1385,2000pc Star Chart,Puzzles,4,17.46,0.00,pending,15
ORD-000413,2026-01-17 20:21:31,CUST-01479,North America,partner,SKU-1322,Promo Tin,Trading Cards,1,42.85,0.10,completed,10
ORD-001513,2025-05-20T01:20:51Z,CUST-00003,North America,online,SKU-1239,Dungeon Delve,Board Games,2,$37.79,0.20,refunded,14
ORD-001155,2025-01-27 20:29:01,CUST-00105,North America,partner,SKU-1399,Deck Box,Accessories,1,11.52,0.00,cancelled,9
ORD-000464,2025-01-28 08:10:36,CUST-01187,North America,online,SKU-1336,1000pc Coastline,Puzzles,2,20.28,0.00,refunded,1
ORD-000271,07/19/2025,CUST-01744,North America,wholesale,SKU-1227,Card Sleeves,Accessories,2,29.79,0.00,refunded,3
ORD-003765,21-Feb-2026,CUST-01133,emea,wholesale,SKU-1331,Booster Pack,Trading Cards,3,206.63,0.05,pending,15
ORD-002603,13-Apr-2026,CUST-00525,North America,wholesale,SKU-1009,Trade Winds,Board Games,4,$52.39,0.00,completed,7
ORD-004898,2026-01-03 06:33:57,CUST-01750,LATAM,partner,SKU-1215,Promo Tin,Trading Cards,4,219.98,0.20,completed,5
ORD-002352,2025-03-23 19:51:30,CUST-00595,apac,online,SKU-1051,Terrain Kit,Miniatures,2,47.25,0.25,cancelled,1
ORD-001889,2025-10-02 11:31:35,CUST-00228,North America,wholesale,SKU-1217,Expansion Key,Digital,2,54.55,0.15,completed,17
ORD-002663,2025-08-28 08:26:03,CUST-01755,North America,partner,SKU-1337,Playmat,Accessories,2,15.03,0.15,pending,8
ORD-002339,2026-05-23T23:38:18Z,CUST-01032,LATAM,  online ,SKU-1237,Season Pass,digital,5,57.06,0.00,refunded,5
ORD-001874,2025-09-25 21:01:23,CUST-00590,North America,wholesale,SKU-1250,Dungeon Delve,Board Games,1,45.25,0.00,cancelled,14
ORD-001776,2026-06-24 21:51:49,CUST-00780,emea,  retail ,SKU-1128,Dungeon Delve,Board Games,4,15.67,0.00,completed,16
ORD-004782,2026-05-09 15:44:49,CUST-00472,EMEA,wholesale,SKU-1338,2000pc Star Chart,Puzzles,12,21.52,0.00,pending,10
ORD-000270,2025-10-08T10:47:55Z,CUST-00847,EMEA,wholesale,SKU-1154,Paint Set,Miniatures,3,148.01,0.00,completed,8
ORD-001365,2025-09-22 08:58:31,CUST-00478,  APAC ,  retail ,SKU-1384,Deck Box,accessories,2,38.05,0.00,completed,20
ORD-002582,02/16/2025,CUST-01384,LATAM,partner,SKU-1134,Season Pass,Digital,2,47.34,0.00,cancelled,6
ORD-003919,2025-12-01 15:40:17,CUST-01329,APAC,online,SKU-1209,2000pc Star Chart,Puzzles,4,$32.87,0.10,refunded,14
ORD-002015,31-Oct-2025,CUST-01513,North America,partner,SKU-1026,Dice Set,Accessories,3,38.96,0.20,cancelled,2
ORD-000531,2025-01-01 16:13:44,CUST-01284,EMEA,online,SKU-1244,Season Pass,Digital,1,11.95,0.05,pending,19
ORD-000866,2025-04-11 05:20:18,CUST-00013,APAC,ONLINE,SKU-1374,Deck Box,ACCESSORIES,4,7.03,0.00,completed,21
ORD-001635,2025-08-26 06:19:41,CUST-00888,North America,retail,SKU-1155,1000pc Coastline,Puzzles,1,11.48,0.00,refunded,2
ORD-002249,2026-03-06T04:29:20Z,CUST-01601,APAC,online,SKU-1015,Deck Box,accessories,3,5.32,0.05,pending,3
ORD-000361,2026-01-26T22:55:12Z,CUST-00853,EMEA,RETAIL,SKU-1331,Collector Box,Trading Cards,1,$92.68,0.00,cancelled,12
ORD-000366,2026-05-18T21:40:54Z,CUST-01774,LATAM,online,SKU-1156,Card Sleeves,Accessories,1,24.92,0.00,cancelled,1
ORD-002987,2026-01-17 23:23:52,CUST-01033,EMEA,online,SKU-1184,Card Sleeves,Accessories,-8,36.65,0.00,refunded,10
ORD-001298,09-Jan-2025,CUST-00735,apac,wholesale,SKU-1092,Signal Fire,Board Games,1,34.16,0.00,cancelled,13
ORD-001914,2025-02-19 20:47:34,CUST-00871,LATAM,retail,SKU-1387,Dungeon Delve,Board Games,1,32.09,0.00,pending,11
ORD-001633,30-Nov-2025,CUST-00347,APAC,partner,SKU-1212,Season Pass,digital,2,23.66,0.00,completed,19
ORD-004840,2026-03-18 12:25:38,CUST-00790,EMEA,partner,SKU-1357,1000pc Coastline,  Puzzles ,1,12.93,0.00,completed,21
ORD-002922,2025-03-17 08:06:16,CUST-00906,  APAC ,partner,SKU-1241,Terrain Kit,Miniatures,4,64.49,0.00,refunded,16
ORD-000457,2025-04-21 04:43:34,,EMEA,partner,SKU-1067,Trade Winds,Board Games,2,38.08,0.00,pending,9
ORD-001840,2025-05-21 14:28:55,CUST-00251,APAC,wholesale,SKU-1310,Signal Fire,Board Games,5,54.74,0.00,completed,5
ORD-003521,2025-09-15 16:02:05,CUST-01692,LATAM,partner,SKU-1090,Promo Tin,Trading Cards,1,166.58,0.00,refunded,8
ORD-004870,15-Mar-2026,CUST-01564,LATAM,online,SKU-1377,Collector Box,Trading Cards,1,137.01,0.00,pending,16
ORD-001784,2026-02-11 20:52:01,CUST-01536,NORTH AMERICA,partner,SKU-1026,Season Pass,Digital,1,45.92,0.00,pending,6
ORD-004440,01/28/2025,CUST-01547,EMEA,online,SKU-1114,Booster Pack,trading cards,2,129.15,0.00,refunded,10
ORD-003655,2025-07-10 07:14:41,CUST-00887,APAC,wholesale,SKU-1327,Cosmetic Bundle,Digital,1,23.60,0.00,cancelled,16
ORD-004228,2025-07-03 19:59:02,CUST-01216,EMEA,online,SKU-1372,Card Sleeves,Accessories,2,33.16,0.00,cancelled,18
ORD-004595,05/30/2026,CUST-00400,North America,retail,SKU-1256,Booster Pack,Trading Cards,2,$174.84,0.00,completed,14
ORD-001269,25-Nov-2025,CUST-00254,  EMEA ,PARTNER,SKU-1022,Signal Fire,Board Games,1,75.26,0.00,refunded,9
ORD-000985,04/19/2026,CUST-01027,APAC,wholesale,SKU-1114,2000pc Star Chart,PUZZLES,3,14.08,0.00,refunded,7
ORD-004623,2025-11-01 02:59:22,CUST-00482,APAC,wholesale,SKU-1130,Trade Winds,Board Games,1,36.37,0.00,pending,19
ORD-003873,2025-07-15 06:29:49,CUST-00022,  EMEA ,wholesale,SKU-1228,Dungeon Delve,board games,5,33.10,0.00,refunded,14
ORD-000549,05/09/2026,CUST-01203,APAC,retail,SKU-1039,Card Sleeves,Accessories,1,24.77,0.00,cancelled,2
ORD-001625,07/26/2025,CUST-00845,LATAM,online,SKU-1315,Bundle Case,Trading Cards,5,225.48,0.00,cancelled,2
ORD-003750,2025-11-04 19:34:12,CUST-00403,EMEA,wholesale,SKU-1079,Expansion Key,digital,8,52.36,0.00,refunded,10
ORD-001444,07/11/2025,CUST-01070,EMEA,online,SKU-1266,Booster Pack,Trading Cards,1,114.17,0.00,pending,2
ORD-004215,2025-11-22 10:13:37,CUST-00345,North America,ONLINE,SKU-1046,Trade Winds,Board Games,2,20.58,0.05,refunded,11
ORD-004124,03/19/2025,CUST-01033,EMEA,online,SKU-1105,Collector Box,Trading Cards,1,216.56,0.00,pending,12
ORD-001042,2025-05-19 21:55:45,CUST-01377,APAC,wholesale,SKU-1145,Expansion Key,Digital,2,52.49,0.00,cancelled,18
ORD-003963,2026-05-19 03:27:55,CUST-00114,LATAM,partner,SKU-1209,Paint Set,Miniatures,2,67.69,0.00,refunded,9
ORD-003518,2025-10-05 22:18:54,CUST-01626,EMEA,wholesale,SKU-1037,Season Pass,  Digital ,4,59.39,0.00,completed,
ORD-002483,14-Jun-2026,CUST-00798,EMEA,  partner ,SKU-1238,Dice Set,Accessories,1,8.66,0.00,cancelled,15
ORD-000624,07/03/2025,CUST-00581,EMEA,online,SKU-1054,Deck Box,Accessories,8,18.25,0.00,pending,4
ORD-003557,2025-11-14 03:52:47,CUST-01760,APAC,partner,SKU-1174,Dice Set,Accessories,1,11.17,0.00,completed,9
ORD-002676,2026-03-25 02:54:59,CUST-00695,  North America ,wholesale,SKU-1174,Season Pass,Digital,1,43.77,0.00,pending,2
ORD-001940,2025-05-27T16:22:28Z,CUST-01030,APAC,wholesale,SKU-1222,Card Sleeves,Accessories,2,22.91,0.00,cancelled,21
ORD-002182,12/02/2025,CUST-00361,APAC,WHOLESALE,SKU-1096,Trade Winds,Board Games,5,21.19,0.00,cancelled,11
ORD-001771,04/13/2026,CUST-00304,APAC,partner,SKU-1046,Hero Blister,  Miniatures ,1,91.68,0.00,completed,13
ORD-002453,2026-01-05 01:09:12,CUST-00929,EMEA,wholesale,SKU-1343,Harvest Moon Valley,Board Games,4,20.31,0.00,pending,9
ORD-004963,2025-10-17 07:39:25,CUST-01489,North America,online,SKU-1082,Booster Pack,Trading Cards,2,142.16,0.00,cancelled,5
ORD-003221,01-Jun-2026,CUST-00280,NORTH AMERICA,partner,SKU-1137,2000pc Star Chart,PUZZLES,3,12.62,0.00,cancelled,16
ORD-000570,2025-12-13 20:49:18,CUST-01069,LATAM,retail,SKU-1004,Cosmetic Bundle,DIGITAL,1,54.78,0.00,completed,14
ORD-001878,29-Sep-2025,CUST-00906,LATAM,retail,SKU-1206,Cosmetic Bundle,Digital,2,34.91,0.00,refunded,9
ORD-001174,2025-03-03 22:48:17,CUST-00444,LATAM,partner,SKU-1268,Collector Box,TRADING CARDS,12,194.67,0.00,refunded,8
ORD-001196,10-Dec-2025,CUST-01134,North America,online,SKU-1163,Cosmetic Bundle,  Digital ,1,48.43,0.10,cancelled,14
ORD-003071,2025-07-30 15:38:54,CUST-01709,APAC,partner,SKU-1095,Promo Tin,Trading Cards,3,108.91,0.00,cancelled,16
ORD-000110,2025-05-01T19:16:58Z,CUST-01468,LATAM,partner,SKU-1362,Expansion Key,Digital,3,54.59,0.00,refunded,2
ORD-000510,2025-08-13 22:22:42,CUST-00187,LATAM,partner,SKU-1289,Trade Winds,Board Games,1,18.10,0.20,completed,20
ORD-004856,2025-07-30 02:38:25,CUST-01311,APAC,wholesale,SKU-1335,Starter Deck,Trading Cards,12,29.76,0.00,refunded,9
ORD-003596,01/21/2025,CUST-01752,North America,online,SKU-1205,Trade Winds,Board Games,1,42.28,0.00,cancelled,2
ORD-003289,2026-03-03 01:30:56,CUST-01038,LATAM,wholesale,SKU-1066,Expansion Key,Digital,3,49.70,0.00,refunded,8
ORD-002762,2026-05-10 05:38:38,CUST-00997,North America,online,SKU-1233,Playmat,Accessories,1,24.87,0.15,cancelled,11
ORD-001310,2025-04-15 04:31:38,CUST-00950,EMEA,partner,SKU-1389,500pc Night Market,Puzzles,12,20.22,0.10,completed,1
ORD-002630,04/03/2025,CUST-00752,LATAM,online,SKU-1108,Season Pass,Digital,4,25.75,0.00,completed,6
ORD-004538,03/14/2026,CUST-00026,APAC,wholesale,SKU-1355,Expansion Key,Digital,2,23.28,0.00,cancelled,6
ORD-001868,15-Jun-2025,CUST-01401,North America,retail,SKU-1131,Castle Siege,Board Games,2,38.57,0.20,cancelled,5
ORD-000645,2026-01-04T22:23:06Z,CUST-01785,EMEA,online,SKU-1116,Castle Siege,BOARD GAMES,12,27.70,0.15,completed,11
ORD-000134,2025-09-17 19:27:39,CUST-01686,APAC,retail,SKU-1177,Playmat,  Accessories ,8,33.49,0.00,pending,9
ORD-002927,2025-02-14 10:33:31,CUST-00045,APAC,wholesale,SKU-1047,Expansion Key,Digital,12,11.01,0.00,completed,1
ORD-004340,2025-08-31 10:53:49,CUST-01679,North America,retail,SKU-1360,Dice Set,Accessories,1,39.03,0.00,pending,19
ORD-004501,01-Jun-2026,CUST-01269,APAC,wholesale,SKU-1251,Cosmetic Bundle,Digital,4,36.90,0.00,completed,1
ORD-003170,2026-04-24 15:32:11,CUST-00811,EMEA,wholesale,SKU-1338,Castle Siege,BOARD GAMES,3,20.71,0.10,refunded,2
ORD-004283,03/07/2025,CUST-01361,APAC,retail,SKU-1240,Booster Pack,TRADING CARDS,4,90.03,0.00,completed,2
ORD-003011,2025-03-03T05:46:17Z,CUST-00447,LATAM,partner,SKU-1105,Expansion Key,  Digital ,1,41.99,0.00,completed,14
ORD-002789,03-Apr-2025,CUST-00713,LATAM,retail,SKU-1249,Dice Set,Accessories,5,11.04,0.00,cancelled,10
ORD-003550,2025-07-13 14:48:24,CUST-01646,LATAM,partner,SKU-1074,Card Sleeves,Accessories,3,13.72,0.00,pending,11
ORD-002495,28-Dec-2025,CUST-01433,emea,retail,SKU-1059,Season Pass,  Digital ,8,54.56,0.00,completed,8
ORD-003734,2026-02-01T05:45:38Z,CUST-01106,North America,partner,SKU-1393,1000pc Coastline,Puzzles,2,31.93,0.00,pending,20
ORD-002197,30-Apr-2025,CUST-01273,North America,retail,SKU-1237,Dungeon Delve,Board Games,3,76.11,0.25,pending,21
ORD-001441,2026-03-11 10:44:15,CUST-01106,LATAM,  online ,SKU-1068,Collector Box,trading cards,3,52.79,0.00,cancelled,13
ORD-004147,08/21/2025,CUST-00631,APAC,retail,SKU-1197,Hero Blister,  Miniatures ,5,128.32,0.00,pending,21
ORD-000229,2025-10-20 19:58:41,CUST-00763,  APAC ,partner,SKU-1376,Trade Winds,Board Games,4,56.64,0.15,pending,3
ORD-002044,03/10/2025,CUST-00790,APAC,  retail ,SKU-1251,Hero Blister,Miniatures,2,135.57,0.00,pending,21
ORD-004536,03-Jan-2025,CUST-01094,EMEA,wholesale,SKU-1351,Hero Blister,MINIATURES,4,$106.18,0.05,cancelled,9
ORD-002228,05/13/2025,CUST-01085,LATAM,wholesale,SKU-1299,500pc Night Market,Puzzles,1,25.83,0.15,refunded,4
ORD-003473,2025-01-26T08:13:08Z,CUST-01709,LATAM,partner,SKU-1071,Hero Blister,Miniatures,4,72.21,0.00,cancelled,16
ORD-001092,2025-05-17 15:03:15,CUST-00632,LATAM,retail,SKU-1021,Terrain Kit,  Miniatures ,-2,123.16,0.00,refunded,13
ORD-004380,2025-04-08T11:42:37Z,CUST-00732,APAC,retail,SKU-1088,Warband Set,Miniatures,1,141.44,0.00,cancelled,14
ORD-000445,07-Jun-2026,CUST-01082,APAC,wholesale,SKU-1211,Collector Box,Trading Cards,1,65.24,0.00,refunded,20
ORD-003693,2025-12-21 09:12:46,CUST-00118,EMEA,retail,SKU-1282,Paint Set,Miniatures,3,94.25,0.00,pending,13
ORD-000391,2025-09-28 13:59:42,CUST-00510,EMEA,retail,SKU-1299,Card Sleeves,Accessories,1,27.13,0.00,cancelled,9
ORD-000298,03/31/2026,CUST-00528,LATAM,wholesale,SKU-1082,Playmat,ACCESSORIES,12,24.01,0.00,completed,21
ORD-002371,06-Feb-2026,CUST-00938,LATAM,retail,SKU-1385,Season Pass,Digital,5,3.21,0.00,refunded,20
ORD-000259,04-Apr-2026,CUST-01403,APAC,wholesale,SKU-1111,Paint Set,Miniatures,2,46.23,0.00,cancelled,21
ORD-002244,2025-12-31T15:03:09Z,CUST-00546,LATAM,retail,SKU-1257,Terrain Kit,Miniatures,2,22.00,0.00,completed,11
ORD-001645,01/22/2026,CUST-01130,APAC,  partner ,SKU-1345,Expansion Key,Digital,5,38.44,0.00,pending,19
ORD-000242,2025-09-24 14:38:42,CUST-01014,LATAM,online,SKU-1378,Paint Set,Miniatures,1,53.46,0.00,completed,9
ORD-002297,2026-04-02 12:52:04,CUST-00662,apac,partner,SKU-1066,Collector Box,Trading Cards,5,79.09,0.15,pending,4
ORD-003753,2026-03-25 10:38:06,CUST-00442,LATAM,partner,SKU-1176,Harvest Moon Valley,Board Games,1,38.91,0.00,cancelled,11
ORD-004082,07/17/2025,CUST-00956,emea,wholesale,SKU-1362,Castle Siege,  Board Games ,3,74.28,0.00,refunded,16
ORD-003552,2026-06-08 19:03:07,CUST-01498,LATAM,online,SKU-1219,Deck Box,accessories,1,32.19,0.20,completed,14
ORD-001862,09-Jun-2026,CUST-00693,LATAM,wholesale,SKU-1383,Paint Set,Miniatures,1,132.79,0.00,cancelled,8
ORD-001610,02/12/2026,CUST-00348,EMEA,wholesale,SKU-1138,Dungeon Delve,BOARD GAMES,1,22.79,0.05,pending,15
ORD-002955,2025-05-24 07:59:15,CUST-00420,latam,wholesale,SKU-1374,Dice Set,Accessories,1,28.89,0.10,cancelled,14
ORD-004163,2025-11-20 19:02:46,CUST-01631,APAC,partner,SKU-1154,1000pc Coastline,Puzzles,5,18.86,0.00,completed,15
ORD-000695,02/27/2025,CUST-00991,EMEA,retail,SKU-1275,1000pc Coastline,Puzzles,1,12.70,0.00,pending,9
ORD-002553,22-Sep-2025,CUST-00799,APAC,partner,SKU-1054,Expansion Key,  Digital ,2,2.20,0.00,refunded,17
ORD-001307,04/14/2026,CUST-01774,EMEA,partner,SKU-1073,Warband Set,Miniatures,1,88.96,0.00,completed,1
ORD-002869,2025-03-05T22:14:38Z,CUST-01317,EMEA,partner,SKU-1130,Hero Blister,Miniatures,3,56.68,0.10,pending,14
ORD-003056,2026-05-05 08:22:48,CUST-00899,LATAM,ONLINE,SKU-1389,Season Pass,Digital,1,15.53,0.20,pending,5
ORD-000791,2025-01-22 17:27:33,CUST-00625,EMEA,partner,SKU-1325,Castle Siege,board games,2,62.00,0.00,completed,16
ORD-000341,02/17/2026,CUST-01394,APAC,wholesale,SKU-1217,Cosmetic Bundle,DIGITAL,1,32.39,0.25,cancelled,19
ORD-004842,2025-03-13 03:38:58,CUST-00644,APAC,WHOLESALE,SKU-1342,Dice Set,Accessories,1,25.27,0.00,pending,11
ORD-002103,2025-08-31 04:50:02,CUST-00533,North America,WHOLESALE,SKU-1217,Hero Blister,Miniatures,5,69.83,0.00,pending,3
ORD-004951,2025-01-08T06:25:22Z,CUST-00555,APAC,retail,SKU-1171,500pc Night Market,Puzzles,1,14.56,0.25,completed,17
ORD-000688,05/05/2026,CUST-00022,EMEA,ONLINE,SKU-1075,Season Pass,Digital,2,25.05,0.25,completed,8
ORD-003543,30-Aug-2025,CUST-01389,apac,partner,SKU-1188,Deck Box,Accessories,1,19.60,0.00,completed,18
ORD-004370,05/20/2026,CUST-00516,APAC,wholesale,SKU-1139,1000pc Coastline,Puzzles,4,18.56,0.00,completed,7
ORD-004237,10/22/2025,CUST-00016,EMEA,retail,SKU-1348,Booster Pack,Trading Cards,1,157.53,0.20,completed,14
ORD-004683,2026-03-03 19:49:43,CUST-00452,LATAM,RETAIL,SKU-1011,Card Sleeves,Accessories,1,10.32,0.25,cancelled,19
ORD-003610,2026-01-15 05:51:34,CUST-01156,EMEA,wholesale,SKU-1245,Playmat,Accessories,1,13.18,0.00,refunded,3
ORD-000378,06/29/2026,CUST-00136,EMEA,retail,SKU-1059,Deck Box,Accessories,4,10.79,0.25,completed,21
ORD-001696,2025-07-08T04:08:47Z,CUST-01447,North America,partner,SKU-1264,Trade Winds,Board Games,1,28.60,0.05,completed,3
ORD-004780,18-Apr-2026,CUST-00535,APAC,ONLINE,SKU-1244,Playmat,Accessories,3,10.76,0.00,refunded,15
ORD-002555,2025-09-13 20:57:46,CUST-00297,APAC,partner,SKU-1000,Expansion Key,DIGITAL,4,32.82,0.15,pending,12
ORD-001145,2026-02-17 14:26:08,CUST-00173,EMEA,wholesale,SKU-1035,2000pc Star Chart,Puzzles,1,19.77,0.25,cancelled,12
ORD-002918,11/27/2025,CUST-00493,APAC,partner,SKU-1388,Paint Set,  Miniatures ,2,132.76,0.00,completed,1
ORD-004461,2025-01-18 21:09:30,CUST-00767,  EMEA ,  wholesale ,SKU-1022,Castle Siege,Board Games,4,63.04,0.00,completed,20
ORD-004532,11/11/2025,CUST-01239,LATAM,retail,SKU-1160,Expansion Key,Digital,2,44.69,0.00,pending,14
ORD-000035,2025-07-20 07:00:25,CUST-01706,LATAM,retail,SKU-1000,Signal Fire,Board Games,1,23.92,0.00,completed,11
ORD-001944,2025-06-26 16:00:24,CUST-01406,North America,wholesale,SKU-1274,500pc Night Market,Puzzles,-1,26.65,0.00,refunded,5
ORD-002307,2026-01-07T00:04:53Z,CUST-00365,APAC,retail,SKU-1182,Signal Fire,Board Games,1,23.13,0.00,completed,20
ORD-000016,04/30/2025,CUST-01145,LATAM,retail,SKU-1068,Dice Set,Accessories,3,30.42,0.05,pending,9
ORD-000522,02/09/2026,CUST-01446,LATAM,partner,SKU-1056,Collector Box,TRADING CARDS,4,36.47,0.00,completed,9
ORD-000421,2026-05-04 08:41:15,CUST-00803,North America,retail,SKU-1003,Hero Blister,Miniatures,2,30.36,0.00,cancelled,19
ORD-000159,2025-05-29 04:37:46,CUST-00580,North America,retail,SKU-1207,Booster Pack,Trading Cards,3,235.53,0.00,refunded,9
ORD-004747,2025-12-22 09:31:42,CUST-01143,LATAM,wholesale,SKU-1167,Harvest Moon Valley,BOARD GAMES,1,69.54,0.00,completed,4
ORD-003953,06/02/2026,CUST-01696,LATAM,retail,SKU-1160,Promo Tin,Trading Cards,1,68.13,0.00,pending,17
ORD-003513,2025-04-03 14:09:10,CUST-01138,APAC,online,SKU-1248,Expansion Key,Digital,2,5.65,0.00,refunded,12
ORD-000652,2025-09-28 20:34:42,CUST-00673,North America,online,SKU-1281,Expansion Key,  Digital ,1,33.78,0.10,refunded,15
ORD-001168,2025-03-03 23:52:15,CUST-01030,EMEA,  retail ,SKU-1138,500pc Night Market,Puzzles,3,26.56,0.20,pending,7
ORD-000721,2025-11-13 13:15:23,CUST-00340,EMEA,wholesale,SKU-1235,Dice Set,Accessories,3,17.26,0.10,refunded,15
ORD-000450,2025-06-28 22:39:00,CUST-01208,North America,retail,SKU-1151,2000pc Star Chart,Puzzles,1,14.12,0.25,refunded,16
ORD-004323,02/20/2025,CUST-00639,EMEA,retail,SKU-1184,Terrain Kit,Miniatures,2,$54.74,0.00,refunded,4
ORD-003276,2025-06-18 11:15:07,CUST-01680,North America,retail,SKU-1016,Cosmetic Bundle,Digital,1,39.65,0.00,pending,19
ORD-001705,2025-05-04 22:02:28,CUST-00268,North America,retail,SKU-1074,Dungeon Delve,Board Games,1,36.70,0.00,pending,21
ORD-002204,2025-01-25T15:05:08Z,CUST-01311,LATAM,  partner ,SKU-1285,Hero Blister,Miniatures,1,67.74,0.05,completed,2
ORD-004220,27-May-2026,CUST-00836,  LATAM ,retail,SKU-1041,Hero Blister,  Miniatures ,1,134.87,0.00,pending,19
ORD-002770,2026-02-02 01:00:48,CUST-01520,  North America ,online,SKU-1058,Hero Blister,miniatures,2,121.92,0.15,cancelled,1
ORD-002245,2025-02-02 16:10:21,CUST-00396,EMEA,retail,SKU-1385,Collector Box,Trading Cards,2,94.30,0.10,cancelled,9
ORD-002846,2025-11-14 19:18:51,CUST-00970,North America,partner,SKU-1257,Bundle Case,Trading Cards,3,167.55,0.10,refunded,15
ORD-003261,2025-11-27 12:46:07,CUST-00659,LATAM,partner,SKU-1260,Warband Set,Miniatures,5,64.77,0.25,cancelled,1
ORD-002397,2025-01-18 18:13:35,CUST-01456,North America,retail,SKU-1147,Deck Box,Accessories,2,27.98,0.00,pending,6
ORD-001312,2025-06-01 13:55:11,CUST-01229,North America,online,SKU-1354,Harvest Moon Valley,Board Games,8,46.49,0.10,refunded,16
ORD-003374,05/13/2026,CUST-01593,APAC,retail,SKU-1350,Promo Tin,TRADING CARDS,4,94.63,0.00,cancelled,1
ORD-003124,30-Jun-2026,CUST-00299,LATAM,retail,SKU-1349,Promo Tin,Trading Cards,1,97.39,0.10,refunded,11
ORD-001997,23-Sep-2025,CUST-00928,NORTH AMERICA,wholesale,SKU-1107,Playmat,Accessories,1,7.95,0.00,cancelled,18
ORD-001839,08-Sep-2025,CUST-00565,EMEA,partner,SKU-1011,Expansion Key,Digital,2,27.59,0.05,completed,4
ORD-003711,06/07/2026,CUST-00365,APAC,wholesale,SKU-1253,Terrain Kit,  Miniatures ,2,31.82,0.00,refunded,14
ORD-001139,2025-07-15 22:31:16,CUST-00466,EMEA,wholesale,SKU-1283,Cosmetic Bundle,Digital,1,38.07,0.00,refunded,2
ORD-001842,2026-02-23 04:32:23,CUST-01442,EMEA,wholesale,SKU-1161,Promo Tin,Trading Cards,1,51.74,0.00,cancelled,13
ORD-000476,03/06/2025,CUST-01443,LATAM,online,SKU-1167,Dice Set,Accessories,1,13.51,0.05,pending,17
ORD-000931,2025-05-26 13:33:58,CUST-00651,EMEA,partner,SKU-1236,Booster Pack,Trading Cards,2,193.63,0.00,completed,13
ORD-001926,01/03/2025,CUST-00841,North America,partner,SKU-1104,Trade Winds,Board Games,1,38.90,0.00,pending,17
ORD-002624,2025-11-05 19:36:13,CUST-00104,north america,online,SKU-1134,Card Sleeves,Accessories,2,21.90,0.00,refunded,1
ORD-000749,2025-01-23 04:53:51,CUST-01368,APAC,wholesale,SKU-1323,Booster Pack,Trading Cards,2,232.99,0.00,cancelled,13
ORD-000411,28-Jun-2026,CUST-00274,North America,partner,SKU-1182,Season Pass,Digital,4,14.61,0.00,refunded,14
ORD-003420,2026-06-07 07:50:26,CUST-00319,North America,partner,SKU-1393,Warband Set,Miniatures,1,24.06,0.00,cancelled,13
ORD-002827,2026-03-19 10:28:49,CUST-00727,EMEA,partner,SKU-1100,Playmat,Accessories,3,21.61,0.00,completed,1
ORD-004620,2025-01-23 17:58:06,CUST-01505,LATAM,wholesale,SKU-1183,Harvest Moon Valley,Board Games,1,36.11,0.15,cancelled,3
ORD-000888,09-May-2025,CUST-01670,APAC,retail,SKU-1184,Expansion Key,Digital,12,24.78,0.00,pending,18
ORD-000621,2025-02-02 13:49:02,CUST-00926,North America,  partner ,SKU-1002,Castle Siege,Board Games,2,36.08,0.00,refunded,17
ORD-002187,12-Mar-2025,CUST-00842,EMEA,wholesale,SKU-1364,Dice Set,Accessories,8,18.45,0.00,cancelled,8
ORD-003208,2026-06-05 19:42:33,CUST-01270,  North America ,partner,SKU-1110,Collector Box,  Trading Cards ,1,197.06,0.25,pending,2
ORD-002230,05-Dec-2025,CUST-00097,  APAC ,partner,SKU-1146,500pc Night Market,Puzzles,1,34.77,0.00,cancelled,9
ORD-002557,04/29/2025,CUST-01150,EMEA,online,SKU-1251,Cosmetic Bundle,digital,1,6.80,0.15,completed,20
ORD-003553,2026-06-09 01:30:01,CUST-01163,LATAM,partner,SKU-1218,Paint Set,Miniatures,1,51.53,0.00,completed,3
ORD-001226,04/18/2026,CUST-00208,  EMEA ,online,SKU-1318,Trade Winds,Board Games,12,43.58,0.00,pending,5
ORD-000883,2026-01-11T14:27:29Z,CUST-00861,APAC,wholesale,SKU-1192,Warband Set,Miniatures,-2,116.05,0.00,pending,11
ORD-002493,2026-04-03 04:20:13,CUST-00974,APAC,wholesale,SKU-1094,Playmat,Accessories,1,21.45,0.15,refunded,15
ORD-002404,23-Aug-2025,CUST-00485,EMEA,wholesale,SKU-1202,Signal Fire,  Board Games ,3,43.69,0.00,cancelled,4
ORD-000508,2026-06-12 15:09:50,CUST-00667,LATAM,wholesale,SKU-1262,Season Pass,  Digital ,2,2.49,0.10,refunded,19
ORD-002866,10-Jul-2025,CUST-00650,LATAM,partner,SKU-1063,Season Pass,digital,4,12.70,0.25,refunded,18
ORD-004497,06/25/2025,CUST-00077,APAC,partner,SKU-1328,Card Sleeves,accessories,8,15.29,0.00,completed,
ORD-001204,2026-06-18T09:39:13Z,CUST-01593,LATAM,retail,SKU-1109,1000pc Coastline,PUZZLES,1,11.11,0.25,completed,5
ORD-001212,2026-04-23 18:25:18,CUST-00717,North America,retail,SKU-1083,Starter Deck,Trading Cards,12,73.89,0.00,pending,17
ORD-004312,2025-09-27 21:19:35,CUST-01606,LATAM,wholesale,SKU-1119,Collector Box,Trading Cards,2,229.51,0.00,completed,7
ORD-004338,2026-01-04 00:21:49,CUST-01243,North America,retail,SKU-1260,1000pc Coastline,puzzles,5,24.30,0.00,completed,9
ORD-004827,2025-05-17 07:32:55,CUST-01784,North America,partner,SKU-1247,Bundle Case,Trading Cards,3,54.87,0.10,pending,9
ORD-001886,15-Dec-2025,CUST-00293,APAC,wholesale,SKU-1190,Trade Winds,Board Games,2,40.56,0.00,cancelled,10
ORD-000893,2025-11-15T13:52:24Z,CUST-00116,EMEA,retail,SKU-1335,Dungeon Delve,BOARD GAMES,2,18.36,0.25,pending,21
ORD-001203,01/02/2026,CUST-01050,APAC,wholesale,SKU-1079,Hero Blister,Miniatures,2,125.60,0.00,cancelled,8
ORD-002355,2025-10-26 10:55:39,CUST-00645,LATAM,online,SKU-1137,Signal Fire,Board Games,5,79.01,0.00,refunded,20
ORD-004099,11/30/2025,CUST-01053,LATAM,online,SKU-1130,Trade Winds,Board Games,1,15.82,0.00,refunded,15
ORD-004942,04-Apr-2026,CUST-00756,North America,retail,SKU-1190,Harvest Moon Valley,Board Games,2,76.16,0.00,refunded,9
ORD-001915,2026-04-02 16:37:05,CUST-00160,North America,partner,SKU-1100,500pc Night Market,  Puzzles ,1,31.54,0.10,pending,5
ORD-004288,12/28/2025,CUST-00920,  North America ,PARTNER,SKU-1336,Starter Deck,trading cards,2,164.23,0.00,refunded,12
ORD-000575,2025-04-14 23:47:50,CUST-00316,APAC,partner,SKU-1231,Bundle Case,Trading Cards,2,235.13,0.15,completed,4
ORD-003706,2025-07-26 10:14:50,CUST-01212,,wholesale,SKU-1167,Warband Set,Miniatures,2,64.56,0.00,cancelled,12
ORD-004929,2026-04-22 21:09:40,CUST-00875,apac,wholesale,SKU-1274,Season Pass,Digital,4,26.92,0.05,pending,7
ORD-002276,2026-06-01 16:56:21,CUST-01549,North America,partner,SKU-1150,Dice Set,Accessories,1,7.78,0.20,cancelled,18
ORD-000581,2025-06-17 07:40:48,CUST-00269,North America,online,SKU-1163,2000pc Star Chart,Puzzles,1,19.54,0.00,completed,9
ORD-003118,2025-06-30 17:15:36,CUST-00068,North America,wholesale,SKU-1241,500pc Night Market,Puzzles,2,28.31,0.00,refunded,3
ORD-003179,2026-03-26 23:05:52,CUST-01463,LATAM,partner,SKU-1252,Castle Siege,Board Games,1,30.68,0.05,cancelled,11
ORD-003630,25-Oct-2025,CUST-00394,EMEA,retail,SKU-1100,1000pc Coastline,Puzzles,1,16.66,0.00,completed,17
ORD-001380,2025-04-08 20:21:49,CUST-00590,LATAM,  wholesale ,SKU-1270,Warband Set,Miniatures,8,64.94,0.00,pending,19
ORD-004675,2025-05-18 01:15:37,CUST-00880,  EMEA ,partner,SKU-1189,Season Pass,Digital,4,42.13,0.05,completed,13
ORD-004101,2026-03-19 23:02:08,CUST-00260,APAC,partner,SKU-1076,Expansion Key,Digital,1,$5.68,0.00,pending,18
ORD-003632,2026-01-13 05:06:21,CUST-01191,North America,online,SKU-1050,Trade Winds,Board Games,1,20.45,0.00,refunded,2
ORD-000965,06/25/2026,CUST-01552,APAC,online,SKU-1126,Warband Set,Miniatures,12,106.38,0.00,pending,20
ORD-004849,2026-03-02 00:30:00,CUST-00846,LATAM,online,SKU-1192,Cosmetic Bundle,Digital,4,36.62,0.00,completed,17
ORD-001983,2026-06-28 21:28:40,CUST-01096,North America,wholesale,SKU-1075,500pc Night Market,Puzzles,1,26.87,0.00,completed,17
ORD-004904,09/27/2025,CUST-00507,APAC,online,SKU-1363,Hero Blister,MINIATURES,3,90.58,0.05,cancelled,12
ORD-003956,2025-03-15 16:43:31,CUST-01438,EMEA,wholesale,SKU-1333,500pc Night Market,Puzzles,2,33.30,0.00,completed,10
ORD-003342,2026-03-05 22:30:29,CUST-00977,EMEA,wholesale,SKU-1234,500pc Night Market,Puzzles,2,26.73,0.00,refunded,20
ORD-004309,20-Dec-2025,CUST-00872,LATAM,PARTNER,SKU-1289,Playmat,Accessories,1,29.21,0.00,cancelled,13
ORD-002830,22-Mar-2026,CUST-00045,North America,online,SKU-1018,Terrain Kit,Miniatures,2,61.73,0.25,completed,6
ORD-002550,2026-04-14T18:17:54Z,CUST-01187,APAC,ONLINE,SKU-1147,Season Pass,Digital,1,35.38,0.00,refunded,20
ORD-003389,01/10/2025,CUST-00887,EMEA,online,SKU-1322,Playmat,Accessories,2,18.86,0.00,pending,11
ORD-003764,2025-03-22 21:47:54,CUST-00584,EMEA,partner,SKU-1363,Bundle Case,  Trading Cards ,1,215.90,0.00,completed,20
ORD-002865,2026-05-27 22:07:56,CUST-00744,APAC,ONLINE,SKU-1336,Expansion Key,Digital,2,$48.95,0.00,refunded,6
ORD-003214,2025-10-31 14:03:26,CUST-01540,APAC,partner,SKU-1393,Paint Set,Miniatures,5,136.23,0.00,refunded,5
ORD-002532,20-Sep-2025,CUST-00937,North America,online,SKU-1303,Card Sleeves,Accessories,1,13.08,0.15,completed,5
ORD-003705,2026-06-06 09:25:58,CUST-00320,LATAM,wholesale,SKU-1281,Playmat,Accessories,3,6.74,0.00,completed,20
ORD-003793,08/28/2025,CUST-01458,APAC,retail,SKU-1330,1000pc Coastline,Puzzles,1,25.82,0.00,cancelled,8
ORD-004064,19-Nov-2025,CUST-01516,LATAM,retail,SKU-1056,500pc Night Market,Puzzles,3,19.16,0.00,pending,2
ORD-001730,2025-06-25 07:47:14,CUST-01474,EMEA,partner,SKU-1380,Dice Set,Accessories,2,11.85,0.00,cancelled,13
ORD-003355,27-May-2025,CUST-00850,EMEA,retail,SKU-1100,Deck Box,Accessories,2,39.44,0.20,refunded,21
ORD-003185,03/20/2025,CUST-00634,North America,retail,SKU-1187,Bundle Case,TRADING CARDS,3,8.94,0.00,completed,5
ORD-004437,2025-12-21 13:57:16,CUST-01053,LATAM,online,SKU-1258,2000pc Star Chart,Puzzles,12,27.90,0.00,pending,9
ORD-001701,30-Oct-2025,CUST-01044,EMEA,retail,SKU-1081,Dungeon Delve,Board Games,2,$35.00,0.00,completed,21
ORD-001076,2025-04-28 13:57:06,CUST-01397,emea,online,SKU-1035,Card Sleeves,  Accessories ,1,18.93,0.00,completed,11
ORD-004590,2026-06-25 14:57:43,CUST-00522,LATAM,retail,SKU-1146,1000pc Coastline,Puzzles,1,34.48,0.00,completed,3
ORD-003248,05/14/2026,CUST-01257,APAC,retail,SKU-1193,Expansion Key,Digital,2,27.97,0.10,pending,19
ORD-000460,02-Jun-2025,CUST-00685,EMEA,online,SKU-1250,2000pc Star Chart,PUZZLES,1,33.71,0.00,cancelled,2
ORD-000882,08/03/2025,CUST-00310,EMEA,online,SKU-1148,500pc Night Market,Puzzles,-1,10.65,0.00,cancelled,10
ORD-000294,08-Aug-2025,CUST-01603,LATAM,wholesale,SKU-1047,Harvest Moon Valley,Board Games,8,44.09,0.20,cancelled,13
ORD-003424,03-Feb-2026,CUST-00523,APAC,online,SKU-1164,1000pc Coastline,Puzzles,2,21.45,0.00,completed,4
ORD-004112,2025-10-15 18:59:29,CUST-01311,APAC,online,SKU-1281,Starter Deck,Trading Cards,2,159.87,0.00,refunded,16
ORD-001970,22-Jun-2026,CUST-01376,EMEA,PARTNER,SKU-1155,Castle Siege,Board Games,2,49.16,0.00,cancelled,2
ORD-002463,2025-05-12T16:10:23Z,CUST-01419,EMEA,online,SKU-1326,Card Sleeves,Accessories,3,12.45,0.00,completed,15
ORD-002477,01/18/2025,CUST-01758,North America,retail,SKU-1144,500pc Night Market,  Puzzles ,1,22.31,0.00,pending,21
ORD-001851,01/15/2026,CUST-00582,North America,retail,SKU-1252,Bundle Case,TRADING CARDS,1,232.54,0.00,refunded,9
ORD-003251,2026-06-23 15:48:26,CUST-01150,LATAM,wholesale,SKU-1396,Cosmetic Bundle,Digital,1,28.49,0.00,refunded,1
ORD-004083,03/01/2026,CUST-00889,North America,wholesale,SKU-1297,Deck Box,Accessories,2,21.66,0.00,pending,20
ORD-000173,02/25/2026,CUST-00064,APAC,  wholesale ,SKU-1329,Castle Siege,Board Games,3,27.50,0.25,cancelled,21
ORD-001760,22-Mar-2026,CUST-00734,LATAM,,SKU-1179,Bundle Case,Trading Cards,2,107.51,0.20,cancelled,9
ORD-003664,2026-04-02 11:48:54,CUST-00395,EMEA,PARTNER,SKU-1363,Promo Tin,Trading Cards,4,77.77,0.00,refunded,9
ORD-003869,17-Mar-2026,CUST-01307,North America,wholesale,SKU-1039,Expansion Key,Digital,2,42.05,0.00,completed,1
ORD-004713,2026-05-25 21:26:43,CUST-00516,LATAM,online,SKU-1345,Collector Box,Trading Cards,2,51.50,0.10,pending,1
ORD-004385,2025-12-30 10:08:32,CUST-00262,LATAM,partner,SKU-1003,Booster Pack,Trading Cards,2,12.03,0.00,refunded,8
ORD-003977,2025-08-15 10:18:37,CUST-00306,EMEA,retail,SKU-1218,Card Sleeves,ACCESSORIES,3,32.25,0.00,cancelled,4
ORD-001415,28-Jul-2025,CUST-00136,North America,RETAIL,SKU-1375,Starter Deck,Trading Cards,5,175.33,0.00,cancelled,12
ORD-001094,2025-12-01 10:02:20,CUST-01695,North America,online,SKU-1351,Signal Fire,Board Games,4,76.98,0.20,pending,10
ORD-002283,17-Nov-2025,CUST-01332,EMEA,wholesale,SKU-1212,500pc Night Market,Puzzles,3,20.28,0.00,pending,7
ORD-002893,04/11/2025,CUST-00262,EMEA,online,SKU-1016,Warband Set,Miniatures,2,143.45,0.00,refunded,2
ORD-000085,09/29/2025,CUST-00621,APAC,online,SKU-1211,Playmat,Accessories,3,11.53,0.15,completed,4
ORD-001438,06/20/2025,CUST-00711,North America,retail,SKU-1026,500pc Night Market,Puzzles,2,34.92,0.00,refunded,4
ORD-000441,2025-06-27 00:47:14,CUST-00822,APAC,partner,SKU-1188,Trade Winds,Board Games,1,78.91,0.00,refunded,17
ORD-003329,2025-02-26T19:00:29Z,CUST-01329,LATAM,online,SKU-1054,Dice Set,Accessories,8,8.70,0.05,refunded,18
ORD-002942,06-Apr-2026,CUST-01018,APAC,online,SKU-1108,Deck Box,Accessories,1,30.15,0.00,completed,9
ORD-001866,06/22/2026,CUST-00969,NORTH AMERICA,partner,SKU-1050,Dungeon Delve,Board Games,2,31.73,0.00,pending,1
ORD-002604,2026-04-22 16:43:10,CUST-01280,EMEA,wholesale,SKU-1369,Deck Box,Accessories,2,34.59,0.00,completed,18
ORD-000763,29-Aug-2025,CUST-01213,LATAM,wholesale,SKU-1378,Expansion Key,DIGITAL,3,11.27,0.00,refunded,3
ORD-004347,2026-01-18 00:05:24,CUST-00006,APAC,wholesale,SKU-1287,Cosmetic Bundle,Digital,5,40.63,0.20,refunded,15
ORD-001820,17-Mar-2026,CUST-00651,latam,online,SKU-1168,Terrain Kit,Miniatures,1,22.99,0.20,cancelled,16
ORD-004116,04-Mar-2025,CUST-01611,APAC,retail,SKU-1216,Harvest Moon Valley,board games,1,65.33,0.00,completed,3
ORD-001491,2025-05-08T09:28:04Z,CUST-01203,APAC,PARTNER,SKU-1026,Playmat,accessories,2,6.64,0.00,refunded,10
ORD-002384,31-Mar-2026,CUST-00147,APAC,wholesale,SKU-1256,Card Sleeves,Accessories,1,7.82,0.00,cancelled,5
ORD-002142,09/20/2025,CUST-00687,APAC,partner,SKU-1274,2000pc Star Chart,Puzzles,-12,28.62,0.00,cancelled,15
ORD-002931,2025-04-03 04:35:32,CUST-00974,APAC,online,SKU-1341,1000pc Coastline,Puzzles,2,19.81,0.00,refunded,13
ORD-002935,20-Jan-2026,CUST-01665,EMEA,RETAIL,SKU-1264,Promo Tin,Trading Cards,2,36.52,0.00,refunded,17
ORD-000977,2025-04-18 09:48:49,CUST-00706,LATAM,PARTNER,SKU-1184,2000pc Star Chart,Puzzles,1,$10.60,0.00,completed,15
ORD-003704,17-Sep-2025,CUST-00481,North America,ONLINE,SKU-1199,2000pc Star Chart,Puzzles,2,25.17,0.00,completed,15
ORD-000908,01/25/2025,CUST-00881,North America,online,SKU-1170,Bundle Case,Trading Cards,2,15.06,0.15,cancelled,5
ORD-000350,2025-09-29 08:27:28,CUST-00587,LATAM,partner,SKU-1168,Card Sleeves,ACCESSORIES,1,$26.87,0.00,completed,2
ORD-003129,06/11/2025,CUST-01294,LATAM,  wholesale ,SKU-1305,Cosmetic Bundle,Digital,3,19.45,0.00,pending,16
ORD-000992,2025-08-28 04:13:07,CUST-00577,North America,retail,SKU-1128,Collector Box,Trading Cards,1,186.36,0.25,pending,4
ORD-003601,2025-08-01 04:22:05,CUST-01305,LATAM,retail,SKU-1033,Starter Deck,trading cards,4,58.64,0.00,cancelled,9
ORD-002375,2025-09-13 18:48:27,CUST-01675,EMEA,online,SKU-1182,Starter Deck,TRADING CARDS,2,171.53,0.05,pending,21
ORD-001325,2026-05-27 12:47:34,CUST-00378,North America,wholesale,SKU-1391,Paint Set,Miniatures,1,$103.39,0.00,refunded,11
ORD-004023,12/24/2025,CUST-00478,LATAM,partner,SKU-1289,Playmat,Accessories,3,33.38,0.00,refunded,4
ORD-004554,2025-10-25T13:30:18Z,CUST-00612,APAC,retail,SKU-1311,Deck Box,Accessories,1,33.82,0.00,completed,1
ORD-004705,2025-01-01 09:17:39,CUST-00650,APAC,wholesale,SKU-1259,Booster Pack,Trading Cards,2,132.06,0.20,refunded,5
ORD-004152,04-Feb-2026,CUST-00212,APAC,retail,SKU-1226,Terrain Kit,Miniatures,2,131.60,0.00,cancelled,21
ORD-000926,07/29/2025,CUST-01038,LATAM,partner,SKU-1114,1000pc Coastline,Puzzles,1,28.51,0.00,cancelled,18
ORD-001607,2025-05-25 21:03:31,CUST-00524,north america,  online ,SKU-1309,Castle Siege,Board Games,1,69.59,0.00,completed,19
ORD-000493,04/20/2026,CUST-01625,APAC,partner,SKU-1356,Castle Siege,Board Games,1,51.81,0.00,cancelled,2
ORD-002928,2026-05-09 23:04:53,CUST-00008,apac,wholesale,SKU-1281,Bundle Case,Trading Cards,1,157.12,0.10,completed,16
ORD-000436,2026-05-03 23:44:44,CUST-00775,APAC,wholesale,SKU-1273,Expansion Key,Digital,-4,37.08,0.10,cancelled,12
ORD-002193,06/12/2025,CUST-01606,EMEA,retail,SKU-1101,Deck Box,Accessories,2,25.06,0.00,completed,9
ORD-003006,2026-04-10T12:54:10Z,CUST-00101,NORTH AMERICA,partner,SKU-1349,Cosmetic Bundle,  Digital ,3,57.60,0.00,pending,5
ORD-001385,2026-01-10 09:41:33,CUST-01009,EMEA,retail,SKU-1046,2000pc Star Chart,Puzzles,1,33.89,0.15,cancelled,20
ORD-002619,2025-06-03 10:31:15,CUST-01560,APAC,retail,SKU-1393,Dungeon Delve,Board Games,2,44.64,0.00,completed,19
ORD-001611,02/25/2026,CUST-00456,North America,retail,SKU-1162,Terrain Kit,Miniatures,1,126.70,0.25,pending,12
ORD-004280,13-Nov-2025,CUST-00357,APAC,partner,SKU-1251,Hero Blister,Miniatures,1,106.66,0.00,pending,6
ORD-000471,2026-05-25 05:31:40,CUST-00975,North America,online,SKU-1163,Starter Deck,Trading Cards,-2,173.53,0.25,pending,14
ORD-004094,2025-04-23 14:06:00,CUST-01623,EMEA,wholesale,SKU-1244,Signal Fire,Board Games,1,39.22,0.00,completed,5
ORD-000562,06/21/2025,CUST-00815,North America,online,SKU-1092,Paint Set,Miniatures,3,129.07,0.00,cancelled,8
ORD-004277,2026-01-15 11:11:33,CUST-01688,LATAM,online,SKU-1358,Warband Set,Miniatures,1,98.56,0.00,completed,21
ORD-001675,2026-03-12 08:01:51,CUST-01434,North America,,SKU-1341,Paint Set,Miniatures,2,58.72,0.15,pending,4
ORD-004119,2026-03-22 08:32:38,CUST-00217,APAC,partner,SKU-1047,Paint Set,Miniatures,8,111.51,0.00,completed,13
ORD-001652,02/26/2026,CUST-00816,LATAM,partner,SKU-1108,Card Sleeves,Accessories,1,36.21,0.00,cancelled,1
ORD-001614,2025-07-29 04:33:45,CUST-01239,APAC,wholesale,SKU-1223,Playmat,Accessories,1,18.47,0.10,refunded,9
ORD-002206,09-Apr-2026,CUST-00490,North America,online,SKU-1296,Season Pass,Digital,2,$16.02,0.00,refunded,13
ORD-001720,12/21/2025,CUST-00880,EMEA,,SKU-1105,Promo Tin,Trading Cards,4,169.38,0.00,cancelled,5
ORD-000196,2025-05-29T10:53:01Z,CUST-00520,EMEA,partner,SKU-1119,Expansion Key,Digital,2,45.22,0.00,pending,7
ORD-004739,03/25/2026,CUST-01173,,online,SKU-1238,Paint Set,Miniatures,3,138.68,0.00,completed,12
ORD-003523,01/10/2025,CUST-00787,LATAM,ONLINE,SKU-1057,Castle Siege,Board Games,2,22.63,0.00,completed,18
ORD-002744,27-Jul-2025,CUST-00196,EMEA,wholesale,SKU-1308,Signal Fire,Board Games,8,58.00,0.00,completed,13
ORD-002349,2025-05-18T23:34:05Z,CUST-01467,APAC,partner,SKU-1269,Signal Fire,Board Games,1,45.63,0.00,pending,3
ORD-003017,2025-04-27 23:57:28,CUST-00517,EMEA,wholesale,SKU-1197,Castle Siege,Board Games,4,$39.19,0.05,completed,15
ORD-001576,07-May-2025,CUST-00247,APAC,RETAIL,SKU-1302,500pc Night Market,Puzzles,2,$18.82,0.00,pending,21
ORD-000007,2025-12-24 10:23:09,CUST-00141,North America,,SKU-1338,Cosmetic Bundle,Digital,1,$10.22,0.00,cancelled,5
ORD-001430,15-Jan-2026,CUST-00613,north america,ONLINE,SKU-1106,Hero Blister,miniatures,4,91.76,0.10,completed,9
ORD-004743,2026-04-14 02:33:38,CUST-00823,LATAM,online,SKU-1341,Expansion Key,digital,2,25.16,0.00,completed,12
ORD-002632,2026-01-26 19:38:21,CUST-01085,North America,partner,SKU-1359,Season Pass,Digital,12,9.21,0.25,pending,7
ORD-000370,2026-02-02 22:05:20,CUST-01119,LATAM,partner,SKU-1233,1000pc Coastline,PUZZLES,1,22.65,0.00,cancelled,8
ORD-002234,08/27/2025,CUST-01701,APAC,wholesale,SKU-1219,Paint Set,MINIATURES,2,95.35,0.20,pending,19
ORD-003245,01/23/2025,CUST-00774,APAC,online,SKU-1153,Warband Set,Miniatures,1,$128.84,0.15,pending,
ORD-004918,2025-05-18 17:00:14,CUST-01232,APAC,partner,SKU-1273,Expansion Key,Digital,2,35.87,0.00,refunded,20
ORD-002592,2025-12-30 23:09:09,CUST-00032,North America,online,SKU-1110,Promo Tin,Trading Cards,4,249.50,0.20,completed,6
ORD-000532,2025-10-31 01:33:50,CUST-01027,  North America ,retail,SKU-1119,Dice Set,accessories,1,25.73,0.00,cancelled,20
ORD-000114,06/18/2025,CUST-01590,  APAC ,retail,SKU-1263,Promo Tin,Trading Cards,3,57.66,0.10,refunded,6
ORD-000870,2026-02-14 04:04:20,CUST-01555,North America,online,SKU-1201,Playmat,Accessories,1,15.63,0.00,refunded,17
ORD-001538,03/14/2026,CUST-01575,APAC,  retail ,SKU-1313,Cosmetic Bundle,Digital,1,42.87,0.25,refunded,4
ORD-004666,02/01/2025,CUST-00775,North America,  wholesale ,SKU-1044,500pc Night Market,Puzzles,3,25.40,0.00,cancelled,16
ORD-002196,02/12/2025,CUST-01183,APAC,wholesale,SKU-1399,Bundle Case,Trading Cards,2,91.70,0.00,pending,5
ORD-000588,2025-04-26 07:36:54,CUST-00029,APAC,wholesale,SKU-1216,Booster Pack,TRADING CARDS,1,205.08,0.20,cancelled,21
ORD-003824,2025-01-23 06:13:16,CUST-01214,EMEA,wholesale,SKU-1081,Dice Set,Accessories,1,27.27,0.00,completed,4
ORD-003714,2025-12-22 19:37:22,CUST-00799,North America,partner,SKU-1145,Collector Box,  Trading Cards ,1,195.23,0.00,pending,15
ORD-001900,01/19/2026,CUST-00794,EMEA,partner,SKU-1394,Expansion Key,  Digital ,1,13.57,0.00,completed,4
ORD-000077,2026-04-11 14:16:59,CUST-00083,  APAC ,wholesale,SKU-1133,Promo Tin,Trading Cards,4,171.21,0.05,completed,8
ORD-001255,2026-03-23 17:58:42,CUST-00483,APAC,partner,SKU-1197,Expansion Key,digital,3,9.48,0.00,cancelled,6
ORD-001835,2025-05-16 07:07:45,CUST-01664,  North America ,online,SKU-1323,Deck Box,Accessories,2,10.82,0.00,completed,21
ORD-004987,09/28/2025,CUST-00468,APAC,wholesale,SKU-1072,Dungeon Delve,Board Games,2,22.92,0.00,pending,6
ORD-003030,03/31/2026,CUST-01265,APAC,online,SKU-1389,Dungeon Delve,Board Games,2,41.58,0.00,completed,4
ORD-004877,2025-07-14 00:59:52,CUST-01032,LATAM,wholesale,SKU-1179,2000pc Star Chart,puzzles,1,19.46,0.00,completed,18
ORD-004260,2025-02-09 17:39:38,CUST-01026,EMEA,retail,SKU-1175,Dungeon Delve,Board Games,4,47.98,0.00,cancelled,3
ORD-004431,2026-02-12 16:09:17,CUST-00829,APAC,online,SKU-1009,1000pc Coastline,Puzzles,2,17.26,0.00,refunded,1
ORD-001659,2026-04-08 22:16:41,CUST-00016,LATAM,online,SKU-1057,Warband Set,Miniatures,1,20.94,0.20,refunded,5
ORD-002561,17-Apr-2026,CUST-00853,APAC,retail,SKU-1099,Deck Box,Accessories,5,10.93,0.00,pending,19
ORD-000671,06/18/2026,CUST-00991,APAC,online,SKU-1230,Promo Tin,Trading Cards,2,16.33,0.00,refunded,20
ORD-004477,2025-09-29 23:51:32,CUST-00091,north america,online,SKU-1239,Season Pass,Digital,1,$50.88,0.00,completed,18
ORD-002949,2026-02-05 15:14:35,CUST-01027,LATAM,wholesale,SKU-1260,Cosmetic Bundle,Digital,1,4.85,0.00,refunded,20
ORD-004169,2025-07-24 23:53:08,CUST-00438,EMEA,partner,SKU-1308,Season Pass,Digital,1,17.95,0.00,refunded,13
ORD-004777,07/18/2025,CUST-01498,LATAM,wholesale,SKU-1134,Season Pass,Digital,2,14.35,0.15,cancelled,17
ORD-002686,23-Jun-2026,CUST-01273,EMEA,partner,SKU-1278,Harvest Moon Valley,Board Games,1,47.39,0.10,pending,7
ORD-000367,03/22/2025,CUST-01444,North America,wholesale,SKU-1032,Warband Set,Miniatures,4,92.33,0.00,pending,6
ORD-004905,2026-04-26T18:46:46Z,CUST-01419,LATAM,partner,SKU-1159,Playmat,accessories,2,25.23,0.10,completed,19
ORD-001293,2026-03-28 07:01:59,CUST-00103,LATAM,retail,SKU-1173,Season Pass,Digital,3,52.80,0.00,cancelled,6
ORD-003909,23-Mar-2025,CUST-00775,EMEA,online,SKU-1102,Bundle Case,Trading Cards,2,86.11,0.05,pending,6
ORD-002359,2025-06-28 00:47:59,CUST-00640,  LATAM ,retail,SKU-1098,Dice Set,Accessories,2,$26.28,0.00,cancelled,3
ORD-004207,2026-04-28 14:15:07,CUST-00799,APAC,partner,SKU-1055,Castle Siege,board games,2,$50.16,0.00,completed,5
ORD-003037,2025-04-13 07:47:09,CUST-01162,EMEA,  online ,SKU-1156,Promo Tin,Trading Cards,2,243.05,0.25,cancelled,14
ORD-003203,07/20/2025,CUST-00536,EMEA,retail,SKU-1040,Castle Siege,BOARD GAMES,2,48.84,0.00,cancelled,13
ORD-003663,2025-06-07 04:23:16,CUST-00113,NORTH AMERICA,partner,SKU-1210,Paint Set,Miniatures,2,80.81,0.00,cancelled,17
ORD-000178,03/15/2026,CUST-00706,LATAM,wholesale,SKU-1184,Deck Box,Accessories,1,$30.05,0.00,completed,2
ORD-001082,2025-09-21 16:39:39,CUST-00092,APAC,retail,SKU-1350,Hero Blister,Miniatures,8,63.32,0.00,cancelled,21
ORD-002556,07-May-2026,CUST-01209,apac,wholesale,SKU-1067,2000pc Star Chart,Puzzles,1,28.47,0.00,refunded,20
ORD-002411,2026-04-05 01:20:47,,North America,wholesale,SKU-1058,Booster Pack,Trading Cards,4,25.55,0.00,pending,8
ORD-004809,2025-09-12 17:40:11,CUST-01477,LATAM,online,SKU-1150,Paint Set,Miniatures,2,50.91,0.00,refunded,20
ORD-001242,2025-04-20 04:41:13,CUST-00195,North America,WHOLESALE,SKU-1186,Promo Tin,Trading Cards,2,$122.42,0.25,refunded,16
ORD-000444,01-Jun-2025,CUST-00936,EMEA,wholesale,SKU-1305,Expansion Key,Digital,1,4.88,0.00,refunded,18
ORD-002546,2025-03-11 09:10:55,CUST-01065,APAC,retail,SKU-1289,Trade Winds,Board Games,1,55.83,0.00,pending,2
ORD-003609,11/19/2025,CUST-00252,North America,wholesale,SKU-1194,2000pc Star Chart,Puzzles,3,28.89,0.00,cancelled,18
ORD-004257,04/15/2025,CUST-01721,APAC,wholesale,SKU-1156,Booster Pack,Trading Cards,2,21.17,0.00,pending,19
ORD-002438,2026-02-09 02:02:05,CUST-00080,  North America ,partner,SKU-1043,Promo Tin,Trading Cards,1,19.75,0.00,pending,15
ORD-001372,2026-03-28 08:10:09,CUST-01151,LATAM,partner,SKU-1296,Season Pass,Digital,2,41.99,0.05,cancelled,7
ORD-002004,04-Jan-2026,CUST-01515,emea,online,SKU-1313,Dice Set,accessories,2,25.48,0.00,pending,21
ORD-003936,12/26/2025,CUST-00904,latam,PARTNER,SKU-1265,Paint Set,Miniatures,1,44.83,0.00,completed,3
ORD-004807,2025-02-02 20:38:35,CUST-00140,LATAM,retail,SKU-1306,Bundle Case,Trading Cards,4,249.86,0.00,refunded,6
ORD-002132,04/11/2025,CUST-00131,EMEA,partner,SKU-1045,500pc Night Market,  Puzzles ,1,33.69,0.10,pending,3
ORD-001290,03/23/2025,CUST-01604,LATAM,WHOLESALE,SKU-1353,Playmat,accessories,1,39.74,0.00,pending,21
ORD-002390,2026-03-22 00:46:16,CUST-00757,North America,online,SKU-1398,Signal Fire,Board Games,8,47.36,0.25,cancelled,11
ORD-004133,06/01/2025,CUST-00645,North America,PARTNER,SKU-1371,Terrain Kit,Miniatures,3,$38.27,0.00,refunded,20
ORD-002975,2025-06-23T02:11:12Z,CUST-00683,north america,online,SKU-1056,Cosmetic Bundle,Digital,1,46.79,0.10,completed,4
ORD-003345,2025-04-01 04:50:54,CUST-00811,LATAM,wholesale,SKU-1190,Booster Pack,Trading Cards,2,75.12,0.25,pending,3
ORD-001943,02/12/2026,CUST-00260,North America,WHOLESALE,SKU-1362,Booster Pack,Trading Cards,3,113.53,0.15,refunded,4
ORD-004876,2025-11-10 18:24:04,CUST-01539,LATAM,online,SKU-1232,Deck Box,Accessories,1,37.45,0.00,pending,20
ORD-003685,06/18/2026,CUST-01450,APAC,partner,SKU-1170,500pc Night Market,Puzzles,1,11.60,0.00,refunded,13
ORD-000627,2025-11-15 20:36:44,CUST-01336,APAC,online,SKU-1051,Harvest Moon Valley,Board Games,5,77.44,0.20,cancelled,17
ORD-002215,2026-06-23 14:51:54,CUST-00632,North America,partner,SKU-1269,Terrain Kit,Miniatures,1,22.54,0.10,completed,16
ORD-001420,2025-06-06 20:12:38,CUST-00378,north america,ONLINE,SKU-1271,Signal Fire,Board Games,1,33.45,0.00,completed,8
ORD-002524,2025-07-11 01:28:00,CUST-00549,North America,wholesale,SKU-1325,Dungeon Delve,Board Games,3,18.36,0.15,refunded,10
ORD-000051,2025-04-17 18:12:44,CUST-01045,APAC,wholesale,SKU-1000,Card Sleeves,Accessories,1,12.38,0.00,refunded,20
ORD-004102,30-Dec-2025,CUST-00806,North America,wholesale,SKU-1304,Playmat,Accessories,1,25.42,0.25,refunded,11
ORD-000916,12/24/2025,CUST-00231,LATAM,partner,SKU-1198,Deck Box,ACCESSORIES,2,$35.69,0.00,cancelled,13
ORD-001968,2026-02-19 21:18:43,CUST-01647,apac,wholesale,SKU-1197,Trade Winds,Board Games,1,16.36,0.00,cancelled,7
ORD-000636,2026-05-24 15:30:10,CUST-00801,North America,RETAIL,SKU-1190,Booster Pack,Trading Cards,5,232.16,0.00,refunded,16
ORD-003270,30-Jan-2025,CUST-00197,APAC,  wholesale ,SKU-1320,500pc Night Market,Puzzles,3,$24.11,0.10,pending,8
ORD-001172,2026-03-09T13:45:33Z,CUST-00915,APAC,ONLINE,SKU-1128,Collector Box,Trading Cards,5,161.70,0.00,completed,3
ORD-004156,2025-08-20 03:41:35,CUST-00525,LATAM,online,SKU-1119,Deck Box,Accessories,4,5.73,0.00,pending,7
ORD-004295,2025-09-24 19:50:57,CUST-01291,EMEA,online,SKU-1183,Cosmetic Bundle,Digital,2,35.17,0.05,refunded,6
ORD-001713,2025-04-05 00:40:36,CUST-00894,EMEA,retail,SKU-1307,Paint Set,Miniatures,1,84.52,0.00,refunded,3
ORD-000828,2026-04-02 02:07:08,CUST-00122,North America,wholesale,SKU-1063,1000pc Coastline,Puzzles,12,24.53,0.00,pending,10
ORD-004779,2025-12-01 10:57:24,CUST-00948,EMEA,wholesale,SKU-1227,Starter Deck,trading cards,2,203.96,0.00,refunded,14
ORD-004350,2025-12-05 20:08:32,CUST-01737,NORTH AMERICA,partner,SKU-1056,Promo Tin,Trading Cards,2,144.28,0.20,refunded,19
ORD-001063,2026-01-13 01:47:20,CUST-00648,LATAM,partner,SKU-1022,Booster Pack,Trading Cards,2,156.89,0.25,refunded,9
ORD-002405,06-Feb-2026,CUST-01431,EMEA,partner,SKU-1020,2000pc Star Chart,Puzzles,8,16.45,0.00,refunded,15
ORD-001406,01/02/2026,CUST-00346,North America,partner,SKU-1210,Signal Fire,Board Games,1,38.00,0.25,refunded,7
ORD-003555,2025-09-23 18:29:32,CUST-00150,EMEA,wholesale,SKU-1119,Dice Set,Accessories,1,27.63,0.00,refunded,21
ORD-001831,2025-12-03 22:49:44,CUST-01099,LATAM,retail,SKU-1356,Terrain Kit,Miniatures,1,$47.55,0.00,cancelled,20
ORD-000344,01/20/2025,CUST-01142,LATAM,partner,SKU-1209,Dice Set,Accessories,3,28.01,0.00,cancelled,2
ORD-000434,2025-04-23 22:36:27,CUST-01214,EMEA,retail,SKU-1212,Terrain Kit,Miniatures,3,59.51,0.00,completed,8
ORD-003886,2026-04-09 23:16:42,CUST-01312,North America,online,SKU-1365,Playmat,Accessories,4,$7.25,0.15,pending,18
ORD-003142,06-Apr-2025,CUST-00150,LATAM,online,SKU-1123,Booster Pack,Trading Cards,1,102.62,0.00,cancelled,8
ORD-004608,30-Apr-2026,CUST-01302,LATAM,retail,SKU-1177,Collector Box,Trading Cards,2,118.95,0.05,refunded,3
ORD-001182,2025-02-07 11:30:27,CUST-01296,North America,wholesale,SKU-1388,Paint Set,  Miniatures ,1,119.22,0.00,refunded,4
ORD-003205,03/18/2025,CUST-00662,APAC,partner,SKU-1125,Bundle Case,trading cards,3,223.14,0.00,pending,15
ORD-001377,2026-05-08T01:01:43Z,CUST-01159,EMEA,partner,SKU-1249,Playmat,Accessories,4,17.95,0.00,completed,8
ORD-000357,12/23/2025,CUST-00978,EMEA,wholesale,SKU-1041,2000pc Star Chart,Puzzles,1,21.17,0.05,cancelled,17
ORD-000309,07/29/2025,CUST-01795,APAC,retail,SKU-1213,Playmat,Accessories,2,39.54,0.00,pending,10
ORD-000921,2025-03-04T09:24:11Z,CUST-00216,EMEA,partner,SKU-1125,1000pc Coastline,PUZZLES,3,30.59,0.00,refunded,16
ORD-000157,2025-11-05 08:47:35,CUST-00242,,retail,SKU-1376,Season Pass,Digital,1,$9.44,0.00,completed,7
ORD-001800,2025-06-20 09:19:07,CUST-01046,apac,online,SKU-1328,500pc Night Market,Puzzles,1,16.75,0.00,cancelled,10
ORD-003938,2026-05-23 10:56:04,CUST-01157,LATAM,online,SKU-1038,Harvest Moon Valley,Board Games,1,76.24,0.00,refunded,9
ORD-003456,2025-03-10 09:45:52,CUST-00201,North America,  retail ,SKU-1044,500pc Night Market,Puzzles,1,25.85,0.00,refunded,5
ORD-004814,2025-11-12T09:30:05Z,CUST-01056,LATAM,partner,SKU-1184,Starter Deck,Trading Cards,1,79.15,0.00,completed,5
ORD-000036,2026-06-11 01:27:55,CUST-01489,apac,retail,SKU-1085,Cosmetic Bundle,Digital,1,27.75,0.00,pending,5
ORD-001167,2025-07-14 02:46:49,CUST-00698,EMEA,retail,SKU-1389,Expansion Key,Digital,2,29.57,0.15,refunded,9
ORD-003986,2026-03-21T11:38:33Z,CUST-00710,North America,online,SKU-1337,1000pc Coastline,Puzzles,1,17.04,0.00,cancelled,18
ORD-000021,2025-11-12 20:59:53,CUST-00880,LATAM,ONLINE,SKU-1191,Warband Set,Miniatures,2,98.45,0.00,refunded,16
ORD-001510,06/21/2026,CUST-00709,APAC,partner,SKU-1147,Collector Box,Trading Cards,4,31.37,0.05,completed,19
ORD-000483,09-Mar-2025,CUST-00019,latam,wholesale,SKU-1379,500pc Night Market,Puzzles,1,$19.01,0.05,refunded,2
ORD-004822,2025-04-27 09:03:03,CUST-00558,APAC,partner,SKU-1234,Castle Siege,Board Games,1,28.44,0.00,completed,13
ORD-000938,2025-01-10 11:44:02,CUST-00669,LATAM,online,SKU-1125,Expansion Key,Digital,2,45.40,0.05,refunded,21
ORD-004444,2026-04-26 11:53:00,CUST-01171,North America,partner,SKU-1156,Collector Box,TRADING CARDS,2,104.46,0.00,pending,12
ORD-004704,11/17/2025,CUST-00767,APAC,retail,SKU-1365,Paint Set,Miniatures,2,121.18,0.20,refunded,11
ORD-003903,2025-12-01 03:13:49,CUST-00199,APAC,partner,SKU-1295,Signal Fire,Board Games,5,39.29,0.00,refunded,8
ORD-001130,2026-04-28 08:15:29,CUST-01763,APAC,retail,SKU-1214,Hero Blister,Miniatures,1,84.56,0.00,cancelled,2
ORD-004883,2025-08-11 12:48:49,CUST-01367,EMEA,partner,SKU-1023,Deck Box,ACCESSORIES,1,39.33,0.15,completed,12
ORD-001214,2025-06-27 04:16:38,CUST-00604,EMEA,retail,SKU-1291,Deck Box,Accessories,2,22.77,0.00,refunded,1
ORD-003217,2025-02-02 04:57:33,CUST-00800,APAC,  online ,SKU-1247,Dungeon Delve,Board Games,2,79.12,0.00,cancelled,20
ORD-001357,04/21/2026,CUST-00987,LATAM,partner,SKU-1159,Playmat,Accessories,2,6.12,0.00,completed,17
ORD-002860,05/27/2026,CUST-00182,LATAM,partner,SKU-1117,Expansion Key,  Digital ,1,49.64,0.00,pending,8
ORD-003690,05/12/2025,CUST-00136,APAC,online,SKU-1010,Bundle Case,Trading Cards,1,111.28,0.00,cancelled,9
ORD-002121,2026-05-15 17:21:32,CUST-01081,North America,wholesale,SKU-1013,Terrain Kit,Miniatures,1,61.26,0.00,cancelled,5
ORD-003060,01/29/2026,CUST-00005,APAC,wholesale,SKU-1002,Signal Fire,Board Games,2,34.25,0.25,cancelled,7
ORD-004416,03/17/2026,CUST-00681,,online,SKU-1275,Starter Deck,Trading Cards,1,242.30,0.25,refunded,6
ORD-002597,2026-06-09 09:57:25,CUST-01389,North America,partner,SKU-1318,Deck Box,Accessories,2,33.67,0.00,completed,13
ORD-001151,2025-07-23 19:42:06,CUST-01257,North America,online,SKU-1240,Warband Set,Miniatures,1,33.09,0.00,refunded,20
ORD-001090,2026-05-20 14:37:50,CUST-00390,  LATAM ,retail,SKU-1231,1000pc Coastline,Puzzles,1,30.75,0.25,completed,14
ORD-001221,09/27/2025,CUST-00154,LATAM,retail,SKU-1283,Card Sleeves,Accessories,1,26.08,0.00,pending,3
ORD-000755,02-Jul-2025,CUST-00671,North America,wholesale,SKU-1193,Expansion Key,Digital,3,25.81,0.00,pending,9
ORD-003588,2025-12-13 22:24:27,CUST-01717,North America,retail,SKU-1234,Paint Set,Miniatures,2,107.48,0.10,pending,14
ORD-004137,02/03/2026,CUST-00281,LATAM,partner,SKU-1043,Deck Box,Accessories,1,36.17,0.05,completed,17
ORD-003767,11/02/2025,CUST-01135,APAC,online,SKU-1277,Bundle Case,trading cards,1,168.59,0.00,pending,9
ORD-000034,2025-03-17 02:51:07,CUST-00411,APAC,partner,SKU-1062,Dice Set,Accessories,1,14.24,0.00,completed,6
ORD-003102,2025-10-02 05:03:47,CUST-00853,APAC,partner,SKU-1226,Dice Set,Accessories,3,6.80,0.00,completed,4
ORD-004880,03/11/2025,CUST-00674,EMEA,online,SKU-1032,500pc Night Market,Puzzles,1,34.82,0.00,cancelled,15
ORD-002324,11/29/2025,CUST-00836,LATAM,online,SKU-1018,Trade Winds,Board Games,8,27.94,0.00,completed,20
ORD-001191,2025-09-08 20:47:39,CUST-01343,LATAM,partner,SKU-1020,Harvest Moon Valley,Board Games,1,15.10,0.00,completed,16
ORD-000313,17-Feb-2026,CUST-00555,APAC,online,SKU-1356,Hero Blister,Miniatures,1,118.52,0.25,completed,12
ORD-000306,13-Feb-2026,CUST-01239,latam,wholesale,SKU-1090,Starter Deck,Trading Cards,1,243.00,0.00,cancelled,6
ORD-003766,2026-04-15 11:04:50,CUST-00376,North America,online,SKU-1273,2000pc Star Chart,Puzzles,1,30.85,0.20,refunded,9
ORD-001477,2025-09-23 04:08:06,CUST-00116,APAC,WHOLESALE,SKU-1039,Hero Blister,Miniatures,1,97.82,0.00,refunded,2
ORD-002722,12/28/2025,CUST-01782,EMEA,online,SKU-1171,Castle Siege,Board Games,1,54.27,0.00,cancelled,16
ORD-002170,04/21/2026,CUST-01032,,online,SKU-1215,500pc Night Market,Puzzles,2,26.53,0.00,pending,21
ORD-001435,2025-12-23 21:59:28,CUST-01692,EMEA,partner,SKU-1012,Starter Deck,Trading Cards,1,231.52,0.15,refunded,15
ORD-002534,2026-06-19 12:40:33,CUST-01566,APAC,partner,SKU-1068,2000pc Star Chart,Puzzles,1,21.56,0.00,pending,8
ORD-004037,06/10/2025,CUST-01681,APAC,wholesale,SKU-1198,1000pc Coastline,Puzzles,5,29.84,0.00,cancelled,7
ORD-002909,2026-01-22 18:14:11,CUST-00116,LATAM,online,SKU-1304,Promo Tin,Trading Cards,2,192.90,0.00,refunded,14
ORD-004916,06/04/2025,CUST-00449,APAC,online,SKU-1365,Paint Set,Miniatures,1,148.12,0.00,pending,7
ORD-002886,2025-11-12 07:21:24,CUST-01660,North America,wholesale,SKU-1290,2000pc Star Chart,PUZZLES,3,11.95,0.00,cancelled,19
ORD-002474,2025-12-25 06:41:22,CUST-00820,emea,partner,SKU-1278,Cosmetic Bundle,Digital,2,41.95,0.00,refunded,18
ORD-001085,01/21/2025,CUST-01778,EMEA,online,SKU-1084,Expansion Key,Digital,1,18.54,0.00,pending,20
ORD-004970,24-Jul-2025,CUST-00572,North America,partner,SKU-1206,Season Pass,Digital,3,51.69,0.00,completed,3
ORD-000325,2025-01-25 07:33:44,CUST-00846,APAC,retail,SKU-1116,Terrain Kit,Miniatures,2,41.43,0.25,refunded,21
ORD-004919,20-Jan-2025,CUST-00527,EMEA,  wholesale ,SKU-1003,Trade Winds,Board Games,-1,79.08,0.00,pending,17
ORD-004715,2025-05-02T14:19:22Z,CUST-01482,APAC,retail,SKU-1254,Dice Set,Accessories,1,37.11,0.25,completed,8
ORD-001598,2026-06-14T10:51:45Z,CUST-00673,EMEA,partner,SKU-1080,1000pc Coastline,Puzzles,2,24.66,0.20,refunded,14
ORD-003727,2025-01-19 14:16:04,CUST-00941,North America,wholesale,SKU-1294,Season Pass,DIGITAL,1,7.49,0.05,cancelled,14
ORD-003076,05-Feb-2025,CUST-01050,NORTH AMERICA,online,SKU-1380,Collector Box,Trading Cards,1,171.92,0.00,pending,5
ORD-001125,2025-01-16 03:36:53,CUST-01350,LATAM,partner,SKU-1022,Booster Pack,Trading Cards,1,75.82,0.00,refunded,13
ORD-004285,2025-03-24 21:17:25,CUST-00176,APAC,online,SKU-1265,500pc Night Market,  Puzzles ,5,20.90,0.00,cancelled,11
ORD-002345,2026-03-13 19:49:09,CUST-00605,LATAM,wholesale,SKU-1187,Season Pass,Digital,5,13.63,0.00,pending,5
ORD-003428,2025-01-25 23:12:29,CUST-00170,LATAM,,SKU-1104,Cosmetic Bundle,Digital,1,41.53,0.00,cancelled,3
ORD-000147,2026-02-04 07:45:43,CUST-01361,  LATAM ,retail,SKU-1344,1000pc Coastline,Puzzles,8,22.95,0.05,pending,17
ORD-003128,2025-04-11 07:37:04,CUST-01008,APAC,retail,SKU-1035,Warband Set,Miniatures,5,80.42,0.10,completed,20
ORD-003831,30-Jul-2025,CUST-00228,North America,retail,SKU-1348,Signal Fire,Board Games,4,78.83,0.10,refunded,3
ORD-003421,2025-01-14 20:51:30,CUST-00801,LATAM,retail,SKU-1123,Expansion Key,Digital,3,31.84,0.20,completed,21
ORD-003318,04/28/2025,CUST-00432,North America,wholesale,SKU-1177,Terrain Kit,Miniatures,2,106.45,0.00,pending,3
ORD-004038,2025-05-04T03:19:07Z,CUST-00810,LATAM,wholesale,SKU-1249,Deck Box,Accessories,1,30.69,0.00,cancelled,8
ORD-001041,2025-10-24 13:59:20,CUST-00424,EMEA,partner,SKU-1086,2000pc Star Chart,Puzzles,2,11.44,0.00,cancelled,5
ORD-002188,2025-05-02 16:07:17,CUST-00760,LATAM,partner,SKU-1068,Booster Pack,Trading Cards,2,240.58,0.00,completed,18
ORD-002956,23-Jun-2025,CUST-01269,LATAM,WHOLESALE,SKU-1278,Expansion Key,Digital,1,42.71,0.00,cancelled,11
ORD-002471,2026-03-24 17:58:20,CUST-00079,APAC,wholesale,SKU-1281,Card Sleeves,Accessories,1,14.00,0.25,refunded,14
ORD-002499,2025-07-02 19:08:28,CUST-01443,North America,wholesale,SKU-1007,Hero Blister,Miniatures,8,94.58,0.00,cancelled,14
ORD-004655,10/15/2025,CUST-00696,EMEA,retail,SKU-1387,Harvest Moon Valley,Board Games,12,34.20,0.00,cancelled,12
ORD-000295,01/23/2025,CUST-00579,LATAM,online,SKU-1088,Castle Siege,Board Games,1,16.98,0.10,cancelled,15
ORD-004592,2026-06-12 00:14:22,CUST-01386,APAC,retail,SKU-1196,Cosmetic Bundle,Digital,8,46.79,0.10,cancelled,21
ORD-004238,03/23/2026,CUST-00303,EMEA,partner,SKU-1030,2000pc Star Chart,Puzzles,12,24.28,0.25,cancelled,6
ORD-000846,2026-04-21 07:21:22,CUST-01189,LATAM,retail,SKU-1176,Collector Box,  Trading Cards ,2,227.80,0.00,pending,14
ORD-003928,2025-09-19 03:37:57,CUST-00763,EMEA,retail,SKU-1258,Card Sleeves,Accessories,3,16.54,0.25,completed,1
ORD-004863,2026-03-16 14:29:09,CUST-00780,  APAC ,wholesale,SKU-1010,Expansion Key,Digital,3,37.51,0.00,completed,18
ORD-002500,2025-02-24 05:58:47,CUST-00936,EMEA,retail,SKU-1210,Cosmetic Bundle,  Digital ,5,54.02,0.00,refunded,1
ORD-003830,2025-05-25 09:43:47,CUST-00051,LATAM,partner,SKU-1206,500pc Night Market,PUZZLES,1,20.75,0.15,cancelled,18
ORD-000160,23-Aug-2025,CUST-01368,LATAM,retail,SKU-1169,Deck Box,Accessories,1,14.15,0.00,cancelled,7
ORD-001982,07/01/2025,CUST-00551,,online,SKU-1363,2000pc Star Chart,Puzzles,1,13.34,0.00,pending,4
ORD-000809,2026-06-28T20:54:18Z,CUST-01065,EMEA,  wholesale ,SKU-1363,Playmat,Accessories,5,29.85,0.15,pending,19
ORD-003933,07/06/2025,CUST-01670,APAC,retail,SKU-1108,Promo Tin,Trading Cards,12,51.38,0.00,refunded,8
ORD-004529,2026-04-10 04:40:22,CUST-01110,APAC,retail,SKU-1069,2000pc Star Chart,Puzzles,3,29.40,0.10,completed,4
ORD-000244,04/26/2026,CUST-00260,EMEA,wholesale,SKU-1163,Cosmetic Bundle,Digital,8,19.55,0.00,completed,13
ORD-004115,01/16/2026,CUST-01650,EMEA,online,SKU-1345,Expansion Key,Digital,3,59.56,0.00,refunded,3
ORD-000301,12/17/2025,CUST-00989,North America,online,SKU-1333,Dice Set,accessories,3,28.31,0.00,pending,5
ORD-000969,2025-01-15 18:16:02,CUST-00955,  APAC ,retail,SKU-1091,Warband Set,Miniatures,4,22.43,0.00,refunded,
ORD-003099,2025-04-22 09:20:06,CUST-00176,EMEA,wholesale,SKU-1094,Collector Box,Trading Cards,1,75.57,0.00,pending,20
ORD-004508,2025-01-15 07:15:23,CUST-00454,EMEA,online,SKU-1017,Dice Set,ACCESSORIES,12,25.81,0.00,refunded,6
ORD-002956,23-Jun-2025,CUST-01269,LATAM,WHOLESALE,SKU-1278,Expansion Key,Digital,1,42.71,0.00,cancelled,11
ORD-001200,2025-04-18 06:13:41,CUST-01177,North America,wholesale,SKU-1159,1000pc Coastline,  Puzzles ,1,30.00,0.00,pending,6
ORD-004882,18-Apr-2026,CUST-00784,LATAM,partner,SKU-1012,Dice Set,Accessories,5,$36.24,0.00,refunded,5
ORD-001745,02/05/2025,CUST-01784,North America,partner,SKU-1234,Starter Deck,Trading Cards,5,232.06,0.00,refunded,10
ORD-000777,08/17/2025,CUST-01336,LATAM,ONLINE,SKU-1346,Expansion Key,Digital,2,43.28,0.00,completed,1
ORD-002398,2025-12-01 22:53:33,CUST-00802,LATAM,retail,SKU-1150,Castle Siege,Board Games,3,$17.54,0.00,pending,12
ORD-000886,2025-02-09 14:33:23,CUST-01662,LATAM,retail,SKU-1037,500pc Night Market,Puzzles,2,19.86,0.00,cancelled,14
ORD-003638,2026-02-28 17:53:48,CUST-01703,LATAM,retail,SKU-1168,Paint Set,Miniatures,2,124.93,0.00,refunded,9
ORD-000374,2026-02-18 11:48:17,CUST-00868,North America,retail,SKU-1170,Card Sleeves,Accessories,8,8.53,0.00,cancelled,8
ORD-001960,2025-05-27T09:32:30Z,CUST-00981,LATAM,wholesale,SKU-1158,Dungeon Delve,Board Games,2,23.05,0.10,completed,4
ORD-002191,2025-04-01 18:24:05,CUST-01174,EMEA,partner,SKU-1287,Trade Winds,Board Games,2,66.13,0.15,cancelled,3
ORD-000996,2025-06-25 15:41:56,CUST-01637,North America,online,SKU-1303,Terrain Kit,Miniatures,1,77.50,0.00,completed,15
ORD-002856,2025-11-03 09:07:18,CUST-00027,North America,online,SKU-1053,Deck Box,accessories,1,28.67,0.00,pending,2
ORD-001460,2025-09-09 21:51:58,CUST-00076,North America,wholesale,SKU-1122,Harvest Moon Valley,Board Games,2,17.63,0.05,cancelled,17
ORD-004584,2025-06-10 17:40:27,CUST-00937,EMEA,retail,SKU-1341,Cosmetic Bundle,Digital,-1,41.08,0.15,cancelled,17
ORD-000267,2025-08-01 00:06:56,CUST-00532,apac,online,SKU-1286,Terrain Kit,Miniatures,4,35.91,0.00,cancelled,11
ORD-001980,2025-07-18T12:21:56Z,CUST-01390,LATAM,retail,SKU-1027,Season Pass,Digital,5,$33.60,0.00,completed,19
ORD-000427,26-Jan-2026,CUST-01793,EMEA,partner,SKU-1006,Promo Tin,Trading Cards,1,27.75,0.00,refunded,10
ORD-000591,2025-02-14 18:10:50,CUST-01259,North America,wholesale,SKU-1368,Deck Box,Accessories,8,17.03,0.10,cancelled,12
ORD-000154,05/17/2025,CUST-01753,NORTH AMERICA,wholesale,SKU-1325,Paint Set,Miniatures,2,127.91,0.20,completed,12
ORD-002801,2025-08-05 05:59:03,CUST-00963,LATAM,wholesale,SKU-1087,Cosmetic Bundle,Digital,5,17.44,0.00,pending,18
ORD-001520,15-Nov-2025,CUST-00316,LATAM,online,SKU-1032,500pc Night Market,Puzzles,1,21.87,0.00,pending,6
ORD-003858,2025-10-20 20:11:13,CUST-01269,EMEA,online,SKU-1186,Harvest Moon Valley,Board Games,2,68.33,0.00,completed,15
ORD-002999,2026-01-04 16:11:13,CUST-00678,APAC,retail,SKU-1084,Hero Blister,Miniatures,1,108.85,0.05,cancelled,6
ORD-003978,2025-06-19 02:43:08,CUST-00612,North America,wholesale,SKU-1253,Warband Set,Miniatures,-4,134.51,0.00,refunded,14
ORD-001812,2026-04-07 02:16:06,CUST-01585,latam,online,SKU-1138,500pc Night Market,  Puzzles ,1,15.17,0.20,cancelled,7
ORD-001459,05/08/2025,CUST-00403,North America,partner,SKU-1126,Playmat,Accessories,2,18.66,0.00,refunded,21
ORD-001693,2025-08-02 05:39:27,CUST-00218,LATAM,ONLINE,SKU-1009,Dungeon Delve,  Board Games ,8,39.69,0.00,completed,6
ORD-001400,02/11/2025,CUST-01548,APAC,WHOLESALE,SKU-1380,Harvest Moon Valley,board games,4,56.21,0.20,cancelled,8
ORD-000572,2025-06-29 08:56:59,CUST-01082,APAC,partner,SKU-1239,Trade Winds,board games,2,62.95,0.00,cancelled,3
ORD-004996,2025-05-10 17:54:04,CUST-01476,  North America ,ONLINE,SKU-1145,Season Pass,Digital,1,47.08,0.20,completed,17
ORD-003269,04-Jan-2026,CUST-01045,North America,wholesale,SKU-1275,Expansion Key,  Digital ,1,18.05,0.00,refunded,14
ORD-003402,05-Mar-2026,CUST-01376,APAC,wholesale,SKU-1387,Dice Set,Accessories,2,$32.67,0.00,completed,13
ORD-003354,2025-04-03 11:19:24,CUST-00986,North America,wholesale,SKU-1376,2000pc Star Chart,Puzzles,1,14.86,0.00,cancelled,20
ORD-004706,2025-04-30 08:16:54,CUST-01414,LATAM,retail,SKU-1196,Starter Deck,Trading Cards,2,$182.79,0.00,cancelled,20
ORD-004828,2025-02-09 22:13:06,CUST-00466,EMEA,partner,SKU-1295,Expansion Key,Digital,5,59.39,0.00,pending,15
ORD-003855,03/13/2025,CUST-01747,LATAM,RETAIL,SKU-1382,Trade Winds,Board Games,2,70.54,0.00,cancelled,9
ORD-002936,05/05/2025,CUST-00271,North America,  online ,SKU-1230,Trade Winds,BOARD GAMES,2,16.79,0.00,pending,9
ORD-001827,2025-06-04 19:44:25,CUST-00109,LATAM,online,SKU-1086,Hero Blister,Miniatures,3,42.15,0.00,refunded,8
ORD-000179,2025-08-07T09:22:23Z,CUST-01687,APAC,wholesale,SKU-1217,Warband Set,Miniatures,1,57.18,0.15,completed,14
ORD-002952,21-Feb-2026,CUST-00452,LATAM,retail,SKU-1149,Booster Pack,Trading Cards,1,71.36,0.00,pending,6
ORD-000826,06/29/2025,CUST-00930,LATAM,wholesale,SKU-1006,Deck Box,Accessories,4,15.17,0.00,pending,11
ORD-004696,2025-04-26 04:20:15,CUST-01344,North America,retail,SKU-1155,500pc Night Market,puzzles,2,$13.02,0.25,pending,2
ORD-004426,24-Nov-2025,CUST-00007,APAC,online,SKU-1328,Trade Winds,Board Games,1,75.83,0.00,cancelled,18
ORD-003077,02/06/2025,CUST-00840,APAC,online,SKU-1306,1000pc Coastline,Puzzles,1,11.33,0.00,refunded,13
ORD-000529,30-Jan-2025,CUST-00338,EMEA,retail,SKU-1379,Collector Box,Trading Cards,2,28.75,0.20,refunded,3
ORD-000037,06/10/2025,CUST-00196,,wholesale,SKU-1210,Dungeon Delve,Board Games,2,42.37,0.00,refunded,6
ORD-003210,2025-11-05 03:51:35,CUST-00087,North America,online,SKU-1370,Playmat,accessories,5,28.43,0.00,pending,18
ORD-001234,2026-06-20 10:36:30,CUST-00596,APAC,online,SKU-1019,1000pc Coastline,Puzzles,2,27.74,0.00,pending,14
ORD-003640,2025-11-18 15:48:14,CUST-01045,EMEA,retail,SKU-1205,1000pc Coastline,Puzzles,2,$30.90,0.00,pending,9
ORD-000375,2025-10-17 00:32:56,CUST-01156,LATAM,partner,SKU-1270,Deck Box,Accessories,3,35.26,0.00,refunded,17
ORD-004033,2025-03-19 17:40:51,CUST-01233,APAC,wholesale,SKU-1155,Paint Set,  Miniatures ,2,43.24,0.00,pending,13
ORD-000748,2025-12-13 21:08:40,CUST-01761,North America,retail,SKU-1182,1000pc Coastline,Puzzles,1,23.44,0.00,pending,4
ORD-000285,07/18/2025,CUST-01396,EMEA,wholesale,SKU-1387,Season Pass,Digital,2,52.92,0.00,refunded,11
ORD-000449,04/14/2026,CUST-01573,EMEA,wholesale,SKU-1320,1000pc Coastline,Puzzles,4,17.67,0.00,completed,9
ORD-000409,2025-11-24 01:11:14,CUST-00954,LATAM,retail,SKU-1190,Starter Deck,Trading Cards,3,100.94,0.15,cancelled,12
ORD-003865,02/20/2026,CUST-01606,APAC,retail,SKU-1217,Trade Winds,Board Games,5,41.93,0.00,completed,8
ORD-004787,2025-04-23 08:15:10,CUST-01124,LATAM,online,SKU-1099,Deck Box,Accessories,4,$32.07,0.00,pending,8
ORD-000966,07/03/2025,CUST-00007,North America,wholesale,SKU-1188,500pc Night Market,Puzzles,1,$26.45,0.00,cancelled,20
ORD-001379,2025-10-20 23:23:32,CUST-00359,APAC,retail,SKU-1306,Expansion Key,Digital,3,41.20,0.25,pending,3
ORD-000333,2026-04-25T01:56:07Z,CUST-00758,LATAM,wholesale,SKU-1351,1000pc Coastline,Puzzles,1,32.85,0.00,pending,14
ORD-002576,2025-01-31 20:43:31,CUST-01166,  North America ,  online ,SKU-1196,Terrain Kit,Miniatures,12,107.88,0.20,refunded,5
ORD-001248,2025-05-03 06:32:11,CUST-01349,LATAM,retail,SKU-1031,Trade Winds,Board Games,2,73.16,0.00,pending,6
ORD-004268,2025-02-28 09:02:03,CUST-01707,EMEA,partner,SKU-1230,Card Sleeves,Accessories,1,9.12,0.00,completed,7
ORD-001073,2025-09-05 08:36:59,CUST-00869,EMEA,partner,SKU-1335,Card Sleeves,Accessories,2,11.75,0.00,pending,18
ORD-001166,2025-03-18 04:56:16,CUST-01411,North America,online,SKU-1145,Trade Winds,Board Games,3,75.53,0.25,cancelled,19
ORD-002610,2025-09-12 01:13:58,CUST-01183,LATAM,partner,SKU-1359,500pc Night Market,Puzzles,1,14.45,0.20,completed,17
ORD-002662,02/04/2026,CUST-01600,  LATAM ,partner,SKU-1122,Bundle Case,Trading Cards,4,207.51,0.00,pending,
ORD-001765,2025-04-02 03:02:42,CUST-01077,North America,wholesale,SKU-1300,Warband Set,Miniatures,2,44.00,0.00,pending,7
ORD-001480,06/14/2026,CUST-00455,North America,online,SKU-1180,Terrain Kit,Miniatures,1,145.72,0.00,pending,18
ORD-004709,05/29/2026,CUST-01767,north america,online,SKU-1140,Playmat,Accessories,8,7.81,0.00,refunded,4
ORD-001509,2026-06-28T04:40:35Z,CUST-00841,APAC,retail,SKU-1092,Collector Box,TRADING CARDS,2,54.81,0.00,cancelled,6
ORD-001920,2025-05-27 21:05:33,CUST-01602,EMEA,retail,SKU-1159,Paint Set,Miniatures,4,105.37,0.00,pending,11
ORD-001470,11-Apr-2026,CUST-00259,apac,retail,SKU-1270,Dungeon Delve,Board Games,4,$75.42,0.00,refunded,7
ORD-001499,2025-11-10 19:56:33,CUST-00374,North America,wholesale,SKU-1114,Hero Blister,Miniatures,4,105.85,0.00,completed,10
ORD-000417,2025-10-13 11:14:04,CUST-01038,North America,  partner ,SKU-1183,500pc Night Market,Puzzles,2,32.79,0.00,refunded,1
ORD-001554,2025-05-05 05:00:48,CUST-01255,LATAM,online,SKU-1179,Hero Blister,Miniatures,1,65.98,0.00,completed,14
ORD-003720,03/31/2026,CUST-00073,LATAM,  partner ,SKU-1332,Deck Box,Accessories,2,32.43,0.20,refunded,4
ORD-001122,2026-05-02 11:54:26,CUST-00967,APAC,online,SKU-1347,2000pc Star Chart,Puzzles,1,31.39,0.00,cancelled,5
ORD-004593,2025-08-21 20:58:42,CUST-00039,APAC,,SKU-1203,Cosmetic Bundle,digital,2,52.11,0.00,refunded,4
ORD-000304,2025-03-23 20:32:30,CUST-01160,EMEA,retail,SKU-1058,Warband Set,Miniatures,2,69.53,0.20,pending,4
ORD-002336,12/26/2025,CUST-00608,North America,retail,SKU-1062,Card Sleeves,Accessories,1,28.53,0.00,refunded,21
ORD-003391,03/31/2025,CUST-00530,LATAM,retail,SKU-1009,Terrain Kit,Miniatures,1,110.39,0.20,pending,18
ORD-002959,2026-03-18 00:37:29,CUST-00371,North America,  online ,SKU-1034,2000pc Star Chart,Puzzles,2,12.48,0.00,pending,12
ORD-003500,25-May-2026,CUST-00210,EMEA,online,SKU-1281,1000pc Coastline,Puzzles,3,15.75,0.00,completed,3
ORD-003593,2025-11-18 00:09:50,CUST-01289,LATAM,partner,SKU-1368,1000pc Coastline,Puzzles,1,30.25,0.00,completed,9
ORD-000910,2026-01-06 20:44:08,CUST-01714,LATAM,retail,SKU-1115,2000pc Star Chart,Puzzles,2,31.97,0.00,cancelled,10
ORD-001632,07/23/2025,CUST-00531,North America,partner,SKU-1310,Castle Siege,Board Games,1,15.21,0.05,pending,15
ORD-000582,04/15/2026,CUST-00376,North America,retail,SKU-1155,Castle Siege,board games,1,16.08,0.25,cancelled,5
ORD-004374,2026-06-01 21:40:20,CUST-01449,North America,partner,SKU-1040,Hero Blister,Miniatures,2,87.58,0.10,cancelled,2
ORD-004645,2025-05-25 08:19:20,CUST-01048,LATAM,partner,SKU-1300,Playmat,Accessories,4,36.12,0.00,cancelled,21
ORD-003976,2025-04-28 05:46:23,CUST-00394,  APAC ,retail,SKU-1105,2000pc Star Chart,Puzzles,1,12.97,0.00,completed,5
ORD-004677,2025-10-01 23:46:15,CUST-01673,LATAM,retail,SKU-1289,Promo Tin,Trading Cards,2,246.90,0.00,cancelled,13
ORD-000954,09/01/2025,CUST-00866,LATAM,online,SKU-1307,1000pc Coastline,puzzles,1,31.56,0.20,completed,4
ORD-001883,2025-09-09 23:05:56,CUST-00139,LATAM,wholesale,SKU-1315,Bundle Case,Trading Cards,2,238.71,0.25,pending,9
ORD-003294,02/05/2026,CUST-01603,APAC,retail,SKU-1369,Bundle Case,Trading Cards,1,12.61,0.25,refunded,11
ORD-004250,02/07/2025,CUST-00311,NORTH AMERICA,  partner ,SKU-1095,1000pc Coastline,Puzzles,1,26.24,0.00,pending,2
ORD-002652,2025-12-31 19:51:47,CUST-01676,North America,retail,SKU-1307,Paint Set,Miniatures,1,114.40,0.00,pending,2
ORD-002053,2025-11-01 03:37:34,CUST-01074,  LATAM ,retail,SKU-1151,Bundle Case,Trading Cards,2,84.96,0.00,completed,10
ORD-000226,2026-04-12 23:29:06,CUST-01236,LATAM,wholesale,SKU-1270,Playmat,Accessories,1,39.33,0.00,cancelled,12
ORD-000774,2025-06-20T18:06:46Z,CUST-01240,LATAM,retail,SKU-1195,Deck Box,Accessories,2,37.94,0.05,cancelled,5
ORD-002646,06/20/2026,CUST-00920,North America,wholesale,SKU-1223,Cosmetic Bundle,Digital,2,8.49,0.25,refunded,7
ORD-000950,19-Apr-2026,CUST-00183,EMEA,  online ,SKU-1115,Cosmetic Bundle,Digital,1,56.89,0.00,completed,7
ORD-002211,2025-01-05 18:31:18,CUST-01781,north america,wholesale,SKU-1280,2000pc Star Chart,Puzzles,2,15.21,0.00,completed,3
ORD-000722,2025-10-24 23:07:49,CUST-00192,LATAM,retail,SKU-1031,Trade Winds,Board Games,3,45.77,0.10,cancelled,1
ORD-000487,2025-07-13T11:12:42Z,CUST-01089,EMEA,wholesale,SKU-1333,Bundle Case,Trading Cards,2,80.73,0.00,cancelled,2
ORD-003051,2026-04-06 20:32:35,CUST-00668,North America,wholesale,SKU-1205,Warband Set,Miniatures,1,109.09,0.20,cancelled,16
ORD-000685,06/23/2026,CUST-01214,North America,online,SKU-1315,Terrain Kit,Miniatures,3,141.88,0.00,pending,21
ORD-004811,2025-09-03 02:16:23,CUST-00253,North America,online,SKU-1400,Card Sleeves,Accessories,2,28.27,0.00,cancelled,9
ORD-004354,2025-09-23 10:36:25,CUST-01382,APAC,ONLINE,SKU-1057,Dice Set,Accessories,1,5.76,0.00,completed,6
ORD-000410,10-Feb-2026,CUST-00648,EMEA,WHOLESALE,SKU-1263,Terrain Kit,Miniatures,1,135.18,0.00,pending,1
ORD-004306,2026-02-13 16:20:31,CUST-01362,LATAM,partner,SKU-1020,Terrain Kit,Miniatures,1,70.39,0.00,pending,21
ORD-003677,2025-10-06 22:58:13,CUST-01587,apac,wholesale,SKU-1026,Expansion Key,Digital,3,5.74,0.00,cancelled,20
ORD-002966,11/19/2025,CUST-00546,EMEA,retail,SKU-1290,Terrain Kit,Miniatures,1,134.65,0.00,completed,16
ORD-001794,02/19/2026,CUST-00030,LATAM,retail,SKU-1091,Card Sleeves,Accessories,1,28.95,0.00,pending,14
ORD-001756,2025-11-07 10:57:48,CUST-00554,North America,wholesale,SKU-1357,Starter Deck,Trading Cards,2,169.48,0.00,cancelled,5
ORD-001319,03/14/2025,CUST-00276,APAC,retail,SKU-1257,Terrain Kit,Miniatures,8,$95.49,0.00,pending,14
ORD-001161,06/25/2025,CUST-00645,latam,partner,SKU-1387,2000pc Star Chart,Puzzles,1,$23.30,0.00,completed,7
ORD-001317,2025-03-13 11:43:03,CUST-00104,APAC,online,SKU-1172,2000pc Star Chart,  Puzzles ,2,23.30,0.00,cancelled,1
ORD-000598,2025-01-06 18:24:16,CUST-00065,EMEA,partner,SKU-1035,Paint Set,Miniatures,3,33.20,0.00,refunded,13
ORD-000326,2025-04-28 01:04:53,CUST-01247,North America,partner,SKU-1253,1000pc Coastline,Puzzles,3,34.51,0.25,refunded,20
ORD-000347,2025-06-06 14:12:37,CUST-00142,LATAM,online,SKU-1251,Signal Fire,Board Games,-3,32.58,0.15,completed,14
ORD-003815,2025-12-19 10:38:09,CUST-01049,LATAM,partner,SKU-1336,Expansion Key,Digital,1,43.53,0.00,refunded,3
ORD-003228,2026-06-16T10:27:12Z,CUST-01072,APAC,wholesale,SKU-1021,Signal Fire,BOARD GAMES,1,$49.06,0.10,cancelled,19
ORD-001213,06/26/2026,CUST-00499,North America,  wholesale ,SKU-1369,Cosmetic Bundle,Digital,4,30.74,0.00,refunded,1
ORD-004741,2026-06-25 03:04:10,CUST-00225,APAC,online,SKU-1229,Season Pass,Digital,5,42.08,0.00,cancelled,11
ORD-000868,04/30/2026,CUST-00959,APAC,wholesale,SKU-1211,Bundle Case,Trading Cards,3,84.83,0.00,completed,16
ORD-003429,2025-02-06 17:43:33,CUST-00664,  North America ,  partner ,SKU-1125,Playmat,Accessories,3,14.37,0.00,cancelled,2
ORD-004804,2025-06-13 09:12:53,CUST-00224,North America,wholesale,SKU-1317,Promo Tin,Trading Cards,1,142.49,0.05,cancelled,4
ORD-002825,2025-01-10 16:11:59,CUST-00912,latam,online,SKU-1137,Warband Set,Miniatures,5,114.73,0.05,cancelled,10
ORD-003618,2026-06-09 18:19:34,CUST-00986,LATAM,retail,SKU-1136,Terrain Kit,miniatures,1,36.05,0.00,pending,3
ORD-000820,2025-08-02 18:12:44,CUST-00096,North America,partner,SKU-1371,2000pc Star Chart,PUZZLES,2,21.00,0.00,completed,4
ORD-004166,29-Oct-2025,CUST-00937,EMEA,wholesale,SKU-1052,Promo Tin,Trading Cards,1,85.85,0.00,pending,20
ORD-004817,2026-06-11 22:05:46,CUST-01297,North America,wholesale,SKU-1001,Signal Fire,Board Games,1,70.05,0.00,completed,13
ORD-000282,2026-05-10T07:38:09Z,CUST-00250,APAC,retail,SKU-1247,Season Pass,Digital,8,56.33,0.00,refunded,14
ORD-004824,2026-05-01 12:04:19,CUST-01093,EMEA,RETAIL,SKU-1312,Starter Deck,TRADING CARDS,1,146.95,0.10,refunded,5
ORD-001068,2025-03-07 15:20:45,CUST-00286,LATAM,RETAIL,SKU-1063,Bundle Case,Trading Cards,4,207.80,0.00,completed,14
ORD-004329,11/17/2025,CUST-00885,North America,partner,SKU-1393,Trade Winds,Board Games,1,55.58,0.15,refunded,7
ORD-003080,2025-04-09 17:07:24,CUST-01039,APAC,partner,SKU-1232,1000pc Coastline,Puzzles,1,29.02,0.00,cancelled,15
ORD-004879,11-Mar-2025,CUST-01238,EMEA,retail,SKU-1271,Starter Deck,Trading Cards,1,$99.47,0.00,completed,18
ORD-002027,01/08/2025,CUST-00850,APAC,wholesale,SKU-1027,Starter Deck,Trading Cards,2,106.37,0.00,pending,4
ORD-002039,2025-08-30 00:25:25,CUST-00345,North America,online,SKU-1087,2000pc Star Chart,Puzzles,3,27.60,0.20,pending,5
ORD-004463,2025-03-08 16:58:18,CUST-00575,EMEA,WHOLESALE,SKU-1012,Warband Set,Miniatures,1,141.53,0.00,cancelled,10
ORD-004921,03/04/2026,CUST-00640,APAC,wholesale,SKU-1150,Expansion Key,Digital,2,14.76,0.00,pending,9
ORD-003710,11/01/2025,CUST-01753,LATAM,partner,SKU-1347,Promo Tin,  Trading Cards ,3,41.75,0.00,refunded,3
ORD-004548,2025-11-15 16:17:30,CUST-00625,LATAM,wholesale,SKU-1068,Booster Pack,Trading Cards,3,130.16,0.00,completed,20
ORD-002938,2025-05-21 06:05:49,CUST-00996,  North America ,retail,SKU-1047,500pc Night Market,Puzzles,3,26.41,0.00,pending,14
ORD-004248,2025-11-22 08:21:23,CUST-00457,EMEA,wholesale,SKU-1097,500pc Night Market,Puzzles,4,10.00,0.25,refunded,12
ORD-003603,2026-01-30 13:05:22,CUST-00895,LATAM,online,SKU-1096,Starter Deck,Trading Cards,1,159.03,0.00,pending,12
ORD-001137,2026-03-26 09:36:57,CUST-01533,APAC,wholesale,SKU-1123,Hero Blister,Miniatures,2,113.56,0.00,refunded,9
ORD-003324,2025-04-26 13:20:18,CUST-00317,EMEA,partner,SKU-1125,Deck Box,accessories,1,7.56,0.00,cancelled,14
ORD-004688,02/22/2025,CUST-00936,North America,online,SKU-1191,2000pc Star Chart,Puzzles,1,10.93,0.00,refunded,19
ORD-002050,17-Feb-2026,CUST-01140,apac,online,SKU-1038,Card Sleeves,Accessories,1,5.87,0.00,cancelled,7
ORD-002640,2026-03-23 15:29:09,CUST-00465,North America,retail,SKU-1003,Playmat,Accessories,1,12.82,0.00,cancelled,
ORD-002951,2025-05-27 19:24:42,CUST-01407,LATAM,retail,SKU-1147,1000pc Coastline,Puzzles,4,15.72,0.00,refunded,13
ORD-001067,10/22/2025,CUST-01444,North America,partner,SKU-1328,Dungeon Delve,Board Games,1,45.65,0.00,cancelled,8
ORD-001877,2026-03-13 04:57:45,CUST-00398,EMEA,partner,SKU-1077,Bundle Case,trading cards,8,55.25,0.05,cancelled,21
ORD-001558,2026-01-04 23:26:11,CUST-00258,North America,online,SKU-1095,Playmat,ACCESSORIES,1,28.40,0.10,pending,13
ORD-004733,2025-02-07 05:56:46,CUST-00010,APAC,partner,SKU-1233,2000pc Star Chart,puzzles,1,34.26,0.10,completed,20
ORD-003151,2026-03-18 17:47:04,CUST-01339,APAC,partner,SKU-1026,Expansion Key,digital,2,$57.10,0.00,pending,18
ORD-003016,2026-03-26T11:16:11Z,CUST-01157,APAC,online,SKU-1247,Terrain Kit,Miniatures,3,81.46,0.15,refunded,21
ORD-001337,03/03/2026,CUST-00864,North America,,SKU-1157,1000pc Coastline,  Puzzles ,2,34.01,0.15,completed,11
ORD-000578,2026-06-01 07:06:32,CUST-01491,LATAM,  partner ,SKU-1280,Castle Siege,  Board Games ,2,51.75,0.00,pending,4
ORD-000802,2026-05-11 04:57:17,CUST-01232,EMEA,  partner ,SKU-1186,Cosmetic Bundle,Digital,-4,38.96,0.00,completed,18
ORD-004254,2026-05-30 06:32:09,CUST-00342,North America,retail,SKU-1019,500pc Night Market,Puzzles,2,12.37,0.00,pending,18
ORD-003087,02/03/2025,CUST-00788,North America,wholesale,SKU-1218,Booster Pack,Trading Cards,2,70.45,0.00,refunded,11
ORD-004907,2025-01-12 21:37:20,CUST-01658,APAC,wholesale,SKU-1005,Booster Pack,Trading Cards,2,37.03,0.00,refunded,6
ORD-001399,09/12/2025,CUST-01212,LATAM,retail,SKU-1073,2000pc Star Chart,Puzzles,1,21.75,0.00,completed,14
ORD-004324,2025-04-06 05:21:31,CUST-01255,APAC,retail,SKU-1273,Season Pass,Digital,2,11.29,0.00,pending,14
ORD-002377,06/11/2025,CUST-00666,APAC,retail,SKU-1202,1000pc Coastline,Puzzles,4,$34.79,0.00,cancelled,8
ORD-002583,2026-05-22 06:29:27,CUST-01051,LATAM,wholesale,SKU-1131,Hero Blister,Miniatures,1,125.90,0.00,pending,7
ORD-002940,02-Mar-2026,CUST-00576,LATAM,retail,SKU-1370,Signal Fire,Board Games,1,23.81,0.00,completed,7
ORD-002680,09-May-2026,CUST-01192,latam,partner,SKU-1156,Terrain Kit,Miniatures,2,145.68,0.00,refunded,6
ORD-001507,2026-03-01 15:39:27,CUST-01350,EMEA,wholesale,SKU-1027,500pc Night Market,Puzzles,1,13.53,0.00,refunded,12
ORD-002148,2025-02-23 10:54:05,CUST-01182,EMEA,online,SKU-1089,Expansion Key,Digital,3,43.68,0.10,cancelled,6
ORD-000363,2025-07-06 09:13:52,CUST-01580,north america,partner,SKU-1327,Deck Box,Accessories,4,30.85,0.15,cancelled,10
ORD-001112,2025-10-06 18:06:13,CUST-01265,North America,online,SKU-1004,2000pc Star Chart,Puzzles,2,13.85,0.00,pending,1
ORD-003433,03-Feb-2025,CUST-01302,LATAM,  wholesale ,SKU-1224,Warband Set,Miniatures,3,76.66,0.00,completed,15
ORD-004080,2026-03-08 23:30:38,CUST-01461,APAC,wholesale,SKU-1078,Collector Box,Trading Cards,2,212.29,0.25,refunded,11
ORD-002732,2025-09-03 09:08:44,CUST-00853,EMEA,wholesale,SKU-1384,Booster Pack,Trading Cards,4,92.73,0.00,pending,4
ORD-002155,2026-04-27 11:48:48,CUST-01418,EMEA,partner,SKU-1258,Season Pass,  Digital ,2,43.96,0.00,completed,3
ORD-000369,2025-02-18 00:52:13,CUST-01176,LATAM,  wholesale ,SKU-1264,Cosmetic Bundle,digital,2,23.78,0.00,pending,8
ORD-000580,17-Dec-2025,CUST-00034,LATAM,online,SKU-1382,Deck Box,Accessories,3,25.35,0.00,refunded,14
ORD-001631,2026-04-07 21:08:11,CUST-01223,NORTH AMERICA,wholesale,SKU-1204,Warband Set,Miniatures,1,68.03,0.00,refunded,11
ORD-002862,2025-07-10 06:30:50,CUST-00390,LATAM,wholesale,SKU-1063,Season Pass,Digital,1,24.33,0.00,refunded,18
ORD-002763,2025-11-20T03:37:06Z,CUST-00542,APAC,retail,SKU-1105,Expansion Key,Digital,8,26.44,0.00,refunded,4
ORD-000871,2025-10-05 16:33:21,CUST-01035,North America,retail,SKU-1036,Dice Set,Accessories,5,15.43,0.00,pending,12
ORD-001278,2025-09-16 01:52:41,CUST-01111,APAC,ONLINE,SKU-1219,Collector Box,Trading Cards,1,52.31,0.25,pending,11
ORD-001254,2025-01-24 04:37:46,CUST-00649,APAC,partner,SKU-1090,Trade Winds,Board Games,3,51.63,0.00,pending,8
ORD-003028,2026-06-13 06:00:50,CUST-01153,EMEA,online,SKU-1319,Expansion Key,Digital,1,13.64,0.00,completed,21
ORD-000166,2025-05-24 07:24:40,CUST-01091,APAC,partner,SKU-1226,Promo Tin,Trading Cards,1,238.51,0.00,cancelled,6
ORD-000725,2026-02-01 11:22:13,CUST-01127,LATAM,  retail ,SKU-1055,Season Pass,  Digital ,1,32.89,0.25,completed,15
ORD-001272,03/27/2025,CUST-00347,APAC,partner,SKU-1112,Card Sleeves,Accessories,1,7.13,0.00,completed,21
ORD-001672,2026-06-06 01:06:32,CUST-01055,North America,retail,SKU-1378,Terrain Kit,Miniatures,3,87.82,0.00,refunded,10
ORD-004972,2025-02-04 09:15:16,CUST-01645,LATAM,partner,SKU-1336,Season Pass,Digital,5,49.61,0.05,completed,5
ORD-003803,2025-12-20 21:45:34,CUST-01501,North America,wholesale,SKU-1228,Expansion Key,Digital,1,12.06,0.20,completed,9
ORD-003993,2026-06-13 03:21:54,CUST-00035,EMEA,online,SKU-1173,Cosmetic Bundle,Digital,3,28.33,0.00,refunded,19
ORD-004422,2025-05-30 23:07:44,CUST-00699,EMEA,online,SKU-1065,Card Sleeves,Accessories,2,11.64,0.00,pending,5
ORD-003573,2026-05-18 03:30:10,CUST-00724,North America,retail,SKU-1011,Bundle Case,Trading Cards,2,46.07,0.10,completed,3
ORD-004637,2025-03-05 10:50:45,CUST-00493,North America,PARTNER,SKU-1386,Playmat,Accessories,1,26.65,0.15,completed,18
ORD-000424,2025-02-10 00:20:53,CUST-00383,LATAM,retail,SKU-1027,Season Pass,Digital,1,9.52,0.00,refunded,17
ORD-002983,31-Oct-2025,CUST-00880,EMEA,partner,SKU-1372,Hero Blister,Miniatures,1,114.56,0.00,pending,19
ORD-003742,03/02/2026,CUST-00355,  EMEA ,retail,SKU-1039,Castle Siege,Board Games,4,61.99,0.00,cancelled,16
ORD-000423,12/24/2025,CUST-01383,APAC,partner,SKU-1056,2000pc Star Chart,PUZZLES,1,23.00,0.00,cancelled,6
ORD-001006,2026-04-21 22:37:13,CUST-01755,LATAM,wholesale,SKU-1206,2000pc Star Chart,Puzzles,3,23.54,0.00,completed,21
ORD-001867,2025-10-24 02:56:46,CUST-00457,emea,retail,SKU-1016,Signal Fire,Board Games,8,78.63,0.00,pending,15
ORD-003050,2025-05-16 12:13:41,CUST-00918,EMEA,wholesale,SKU-1195,Terrain Kit,Miniatures,3,104.35,0.00,completed,21
ORD-002021,2026-05-05 18:04:43,CUST-00516,LATAM,partner,SKU-1133,Dungeon Delve,Board Games,1,78.46,0.00,cancelled,5
ORD-002490,2025-10-20T11:43:03Z,CUST-01561,APAC,wholesale,SKU-1361,Collector Box,Trading Cards,2,206.50,0.00,completed,6
ORD-001105,2026-03-04 23:07:53,CUST-01645,north america,wholesale,SKU-1028,Booster Pack,trading cards,1,235.28,0.00,completed,7
ORD-002687,2025-12-14 20:53:32,CUST-00903,APAC,wholesale,SKU-1333,Terrain Kit,Miniatures,3,130.52,0.00,cancelled,21
ORD-001413,2026-02-24 12:36:11,CUST-00624,LATAM,partner,SKU-1340,2000pc Star Chart,Puzzles,2,24.29,0.00,refunded,8
ORD-001025,2025-12-28T13:07:10Z,CUST-01769,LATAM,wholesale,SKU-1134,Dungeon Delve,Board Games,1,31.83,0.00,completed,17
ORD-003195,2025-04-18T01:11:06Z,CUST-01561,latam,RETAIL,SKU-1342,Dungeon Delve,board games,4,40.70,0.25,pending,8
ORD-001951,2025-10-05 08:40:22,CUST-01038,North America,wholesale,SKU-1047,Cosmetic Bundle,Digital,1,7.08,0.00,pending,5
ORD-001039,2025-03-02 23:11:42,CUST-00169,LATAM,wholesale,SKU-1045,500pc Night Market,Puzzles,3,22.17,0.20,refunded,6
ORD-002552,2025-10-20 11:21:40,CUST-01017,APAC,partner,SKU-1373,Deck Box,Accessories,2,16.34,0.00,pending,7
ORD-004735,2025-04-27 16:37:46,CUST-00410,LATAM,partner,SKU-1105,Trade Winds,board games,1,70.56,0.00,completed,9
ORD-000364,2025-03-24T02:40:48Z,CUST-01678,north america,online,SKU-1022,Dice Set,Accessories,1,$39.47,0.00,refunded,11
ORD-004470,2025-04-06 14:33:19,CUST-00741,LATAM,  retail ,SKU-1240,1000pc Coastline,Puzzles,1,15.68,0.00,pending,20
ORD-000754,04-May-2026,CUST-00833,APAC,online,SKU-1137,Harvest Moon Valley,Board Games,3,63.53,0.15,refunded,10
ORD-002587,2025-08-11 14:51:34,CUST-01794,EMEA,WHOLESALE,SKU-1220,Cosmetic Bundle,Digital,1,56.21,0.05,refunded,5
ORD-002318,12/14/2025,CUST-00087,North America,online,SKU-1325,500pc Night Market,Puzzles,1,17.51,0.00,refunded,2
ORD-003792,2025-04-03 00:21:12,CUST-01265,EMEA,partner,SKU-1360,Playmat,Accessories,2,11.92,0.00,completed,7
ORD-000608,10/25/2025,CUST-00380,North America,retail,SKU-1239,Card Sleeves,  Accessories ,1,28.29,0.00,pending,4
ORD-004255,03/05/2025,CUST-01706,LATAM,online,SKU-1058,Bundle Case,Trading Cards,1,31.27,0.00,completed,13
ORD-002254,2026-05-22 15:47:57,CUST-00823,LATAM,ONLINE,SKU-1169,Season Pass,digital,5,11.68,0.00,completed,13
ORD-004873,2025-01-23 19:54:25,CUST-00828,apac,wholesale,SKU-1072,Trade Winds,Board Games,1,20.42,0.00,completed,12
ORD-003018,2026-05-14 22:42:24,CUST-01433,LATAM,partner,SKU-1148,Season Pass,Digital,1,24.25,0.20,refunded,1
ORD-000817,2025-07-20 03:38:42,CUST-01157,LATAM,partner,SKU-1332,Card Sleeves,accessories,1,28.18,0.00,pending,18
ORD-001471,2025-12-05 12:02:49,CUST-00638,APAC,online,SKU-1381,Dungeon Delve,Board Games,1,79.99,0.05,pending,14
ORD-000131,2026-04-18 06:24:23,CUST-00666,APAC,wholesale,SKU-1299,Deck Box,ACCESSORIES,1,13.94,0.00,refunded,9
ORD-000501,2025-06-15T18:01:55Z,CUST-00621,North America,partner,SKU-1280,Cosmetic Bundle,Digital,3,53.70,0.00,cancelled,1
ORD-000678,2025-06-06 11:11:42,CUST-00754,APAC,online,SKU-1073,Expansion Key,Digital,2,21.99,0.15,pending,16
ORD-001544,2025-05-22 09:27:01,CUST-01464,EMEA,online,SKU-1212,Playmat,Accessories,1,37.36,0.05,pending,20
ORD-004451,2025-07-06 07:34:30,CUST-01231,North America,retail,SKU-1163,Warband Set,Miniatures,4,48.87,0.25,refunded,5
ORD-002607,01/15/2025,CUST-00642,EMEA,partner,SKU-1141,2000pc Star Chart,puzzles,1,16.02,0.25,cancelled,16
ORD-001673,02/05/2025,CUST-00535,APAC,partner,SKU-1123,Castle Siege,Board Games,4,31.68,0.00,completed,17
ORD-003515,2025-11-14 02:34:33,CUST-00091,North America,partner,SKU-1196,500pc Night Market,PUZZLES,5,28.60,0.00,cancelled,20
ORD-001347,2025-06-14T13:55:27Z,CUST-01528,North America,wholesale,SKU-1322,Season Pass,Digital,1,33.08,0.00,refunded,2
ORD-002112,20-Dec-2025,CUST-01381,APAC,partner,SKU-1146,500pc Night Market,  Puzzles ,3,22.67,0.00,completed,17
ORD-001657,2025-06-27T10:10:18Z,CUST-01645,North America,online,SKU-1218,Castle Siege,Board Games,-1,35.72,0.00,pending,4
ORD-004161,01/30/2026,CUST-01195,EMEA,online,SKU-1041,Terrain Kit,Miniatures,3,45.35,0.00,cancelled,7
ORD-002069,08/26/2025,CUST-00857,EMEA,retail,SKU-1057,1000pc Coastline,  Puzzles ,4,20.20,0.25,pending,11
ORD-004642,2026-06-15 23:52:50,CUST-00550,LATAM,online,SKU-1022,Cosmetic Bundle,Digital,1,35.78,0.00,refunded,13
ORD-000798,04-Feb-2026,CUST-00999,EMEA,partner,SKU-1173,Dice Set,Accessories,1,32.12,0.00,cancelled,20
ORD-004020,07-Apr-2025,CUST-00349,EMEA,WHOLESALE,SKU-1323,500pc Night Market,Puzzles,1,26.05,0.00,refunded,1
ORD-000945,2025-11-20 01:55:21,CUST-00032,APAC,wholesale,SKU-1160,Warband Set,Miniatures,8,149.21,0.25,cancelled,13
ORD-000694,2025-10-18 23:02:47,CUST-00587,LATAM,online,SKU-1046,Dice Set,Accessories,8,23.97,0.00,refunded,8
ORD-001533,07/09/2025,CUST-00066,emea,retail,SKU-1071,2000pc Star Chart,Puzzles,1,20.21,0.20,completed,12
ORD-002932,04-Jul-2025,CUST-00190,LATAM,wholesale,SKU-1178,Castle Siege,Board Games,2,75.03,0.05,pending,6
ORD-003600,2026-06-09 23:10:23,CUST-01709,APAC,partner,SKU-1366,Booster Pack,Trading Cards,12,9.09,0.00,completed,9
ORD-004938,2025-11-07 19:16:34,CUST-01139,  LATAM ,online,SKU-1395,Card Sleeves,Accessories,1,37.27,0.00,pending,2
ORD-002591,2025-03-08 11:17:49,CUST-01051,APAC,retail,SKU-1054,Season Pass,Digital,2,51.15,0.00,completed,17
ORD-003589,2025-12-16 07:11:00,CUST-00594,EMEA,wholesale,SKU-1371,Hero Blister,Miniatures,3,145.33,0.00,refunded,20
ORD-003662,12/11/2025,CUST-00668,NORTH AMERICA,wholesale,SKU-1331,2000pc Star Chart,PUZZLES,1,29.30,0.00,cancelled,4
ORD-002496,2025-06-11 15:30:49,CUST-00784,North America,ONLINE,SKU-1188,Card Sleeves,Accessories,2,22.65,0.15,completed,14
ORD-000020,2025-07-16 21:41:45,CUST-00831,North America,retail,SKU-1053,Dice Set,Accessories,1,24.86,0.00,pending,5
ORD-002410,2025-07-28 06:03:22,CUST-00357,North America,online,SKU-1186,Season Pass,  Digital ,1,19.27,0.00,cancelled,14
ORD-000288,2026-01-21 01:09:28,CUST-00384,LATAM,RETAIL,SKU-1209,Season Pass,Digital,2,10.56,0.20,pending,3
ORD-001002,11/20/2025,CUST-01651,LATAM,online,SKU-1251,Dice Set,Accessories,1,11.76,0.00,cancelled,2
ORD-001391,2025-01-04 22:44:33,CUST-00728,APAC,retail,SKU-1296,Dice Set,Accessories,3,37.66,0.00,completed,18
ORD-003801,2026-03-07 17:23:22,CUST-00171,LATAM,retail,SKU-1106,Dice Set,Accessories,5,22.35,0.00,cancelled,14
ORD-002268,2025-02-17 18:21:07,CUST-00987,North America,online,SKU-1151,Bundle Case,TRADING CARDS,5,50.81,0.00,cancelled,19
ORD-004368,2025-12-14 04:05:39,CUST-00950,North America,wholesale,SKU-1219,Terrain Kit,miniatures,3,112.47,0.05,cancelled,1
ORD-004266,2025-07-12 07:54:39,CUST-00543,North America,,SKU-1082,Harvest Moon Valley,Board Games,1,77.61,0.00,completed,16
ORD-001154,2025-02-03 03:51:55,CUST-00733,North America,online,SKU-1247,Trade Winds,board games,1,37.99,0.00,cancelled,17
ORD-004775,2026-03-10 12:38:16,CUST-01098,NORTH AMERICA,retail,SKU-1098,Deck Box,Accessories,1,10.96,0.15,completed,21
ORD-003311,2025-08-25 04:50:15,CUST-01542,LATAM,partner,SKU-1370,Season Pass,Digital,3,$10.51,0.00,cancelled,5
ORD-001844,2025-08-12 18:03:40,CUST-00411,LATAM,partner,SKU-1165,Paint Set,Miniatures,5,75.11,0.00,pending,15
ORD-002658,2026-05-14 16:39:54,CUST-01347,EMEA,wholesale,SKU-1341,Playmat,Accessories,4,18.44,0.00,pending,4
ORD-004209,2026-05-09 15:16:13,CUST-00633,apac,retail,SKU-1198,Terrain Kit,Miniatures,2,78.96,0.00,refunded,16
ORD-002213,12/06/2025,CUST-00531,North America,wholesale,SKU-1129,Hero Blister,Miniatures,2,81.52,0.00,cancelled,17
ORD-002462,2025-08-19T05:10:42Z,CUST-01436,EMEA,PARTNER,SKU-1395,Warband Set,Miniatures,1,98.96,0.00,refunded,8
ORD-001466,2025-01-02 00:04:21,CUST-00751,LATAM,retail,SKU-1151,2000pc Star Chart,Puzzles,2,22.58,0.00,pending,15
ORD-004054,2025-05-21 09:22:27,CUST-00244,North America,online,SKU-1196,Dungeon Delve,  Board Games ,2,41.88,0.00,cancelled,19
ORD-004999,10/14/2025,CUST-00419,APAC,RETAIL,SKU-1190,Expansion Key,Digital,1,53.17,0.00,completed,18
ORD-002425,05/17/2025,CUST-00570,LATAM,  online ,SKU-1078,Paint Set,Miniatures,1,101.44,0.15,pending,14
ORD-001516,02/26/2025,CUST-00416,EMEA,wholesale,SKU-1185,Playmat,Accessories,1,$19.29,0.00,pending,19
ORD-000355,2026-05-30 08:09:14,CUST-00989,LATAM,partner,SKU-1136,Starter Deck,Trading Cards,1,161.71,0.05,completed,9
ORD-001857,01/22/2026,CUST-01661,EMEA,wholesale,SKU-1290,Expansion Key,Digital,1,37.46,0.00,cancelled,9
ORD-002908,2025-08-10 03:12:51,CUST-00167,APAC,online,SKU-1133,Playmat,ACCESSORIES,2,21.46,0.25,refunded,11
ORD-003365,2025-08-27 13:38:03,CUST-00503,APAC,online,SKU-1100,Bundle Case,Trading Cards,1,66.90,0.00,cancelled,5
ORD-000412,02/23/2025,CUST-00962,LATAM,online,SKU-1018,Starter Deck,Trading Cards,2,237.00,0.00,cancelled,17
ORD-002058,09/04/2025,CUST-00572,EMEA,online,SKU-1340,Expansion Key,Digital,2,54.60,0.00,completed,12
ORD-002981,2025-10-27 18:52:19,CUST-01555,LATAM,online,SKU-1093,Starter Deck,Trading Cards,3,42.38,0.00,refunded,4
ORD-002467,09-Nov-2025,CUST-00015,EMEA,online,SKU-1251,1000pc Coastline,Puzzles,1,13.55,0.00,pending,7
ORD-003608,2026-05-03 16:58:45,CUST-01502,APAC,partner,SKU-1208,Terrain Kit,Miniatures,4,137.66,0.15,refunded,
ORD-003989,2026-03-20 11:50:01,CUST-00786,North America,online,SKU-1020,Season Pass,digital,2,11.42,0.00,cancelled,7
ORD-002639,2025-09-15 04:37:05,CUST-01457,APAC,partner,SKU-1303,Card Sleeves,Accessories,1,17.23,0.15,pending,11
ORD-001003,04/22/2025,CUST-00054,LATAM,partner,SKU-1294,Bundle Case,Trading Cards,5,$186.73,0.00,cancelled,10
ORD-003434,2026-03-10 03:48:46,CUST-00536,APAC,wholesale,SKU-1223,Hero Blister,Miniatures,2,78.31,0.05,cancelled,13
ORD-004565,2025-07-31 02:52:08,CUST-01172,EMEA,wholesale,SKU-1212,Dungeon Delve,Board Games,2,44.92,0.00,refunded,6
ORD-001037,2026-03-24 22:41:59,CUST-00564,  LATAM ,wholesale,SKU-1189,Booster Pack,Trading Cards,3,230.61,0.00,completed,3
ORD-001033,2025-09-28 16:39:17,CUST-01077,latam,online,SKU-1022,1000pc Coastline,Puzzles,2,12.09,0.25,completed,1
ORD-004246,2025-07-14 20:55:36,CUST-00351,North America,online,SKU-1124,Trade Winds,Board Games,5,34.26,0.10,completed,16
ORD-000480,08/14/2025,CUST-00666,North America,retail,SKU-1028,Deck Box,Accessories,1,$8.18,0.15,cancelled,3
ORD-002455,2026-06-28 22:46:41,CUST-01342,latam,retail,SKU-1099,Warband Set,miniatures,1,91.90,0.25,cancelled,13
ORD-002836,02/10/2026,CUST-01787,LATAM,partner,SKU-1173,Booster Pack,Trading Cards,1,224.31,0.05,completed,2
ORD-002708,2025-07-05T12:46:13Z,CUST-00820,APAC,partner,SKU-1122,Expansion Key,Digital,1,56.35,0.05,cancelled,5
ORD-001759,2025-10-21 23:44:17,CUST-01613,EMEA,,SKU-1200,Cosmetic Bundle,Digital,1,10.67,0.00,refunded,3
ORD-002001,02/11/2025,CUST-01586,EMEA,WHOLESALE,SKU-1373,Cosmetic Bundle,digital,12,13.75,0.00,refunded,1
ORD-002649,2025-04-30 02:01:02,CUST-01023,apac,  retail ,SKU-1369,Dice Set,Accessories,1,20.99,0.00,refunded,10
ORD-003915,2025-10-11 22:38:25,CUST-00025,EMEA,wholesale,SKU-1257,Collector Box,TRADING CARDS,1,208.60,0.00,refunded,11
ORD-003371,07-Oct-2025,CUST-00596,apac,online,SKU-1187,Expansion Key,Digital,8,57.91,0.00,completed,9
ORD-002109,2025-07-02 13:12:35,CUST-01475,LATAM,partner,SKU-1332,Paint Set,MINIATURES,8,70.24,0.00,pending,16
ORD-000644,03/28/2025,CUST-01207,North America,wholesale,SKU-1180,2000pc Star Chart,  Puzzles ,4,17.59,0.00,pending,3
ORD-002978,04/07/2026,CUST-01317,NORTH AMERICA,partner,SKU-1232,Promo Tin,Trading Cards,1,244.62,0.10,refunded,18
ORD-004509,2025-08-11T01:53:48Z,CUST-00886,North America,online,SKU-1188,Terrain Kit,Miniatures,2,$109.27,0.00,refunded,8
ORD-002071,2026-04-26T07:04:45Z,CUST-00624,APAC,retail,SKU-1159,Playmat,Accessories,3,39.98,0.00,pending,15
ORD-004776,10-Jun-2025,CUST-00308,APAC,wholesale,SKU-1083,Deck Box,Accessories,8,10.23,0.15,completed,4
ORD-001450,06/14/2026,CUST-01446,EMEA,ONLINE,SKU-1317,Playmat,Accessories,1,16.53,0.00,refunded,8
ORD-001020,2025-09-21T22:59:15Z,CUST-00522,EMEA,partner,SKU-1275,Deck Box,Accessories,1,14.65,0.00,cancelled,1
ORD-003996,2026-03-05 17:19:25,CUST-00605,North America,wholesale,SKU-1227,500pc Night Market,  Puzzles ,-1,31.30,0.10,completed,15
ORD-000862,05-Apr-2025,CUST-00492,North America,partner,SKU-1297,Castle Siege,Board Games,1,36.59,0.00,cancelled,21
ORD-001061,08/23/2025,CUST-01369,North America,retail,SKU-1009,Booster Pack,Trading Cards,5,$220.20,0.00,pending,4
ORD-001830,12/12/2025,CUST-00424,LATAM,online,SKU-1259,Harvest Moon Valley,Board Games,1,61.53,0.00,completed,20
ORD-004468,2025-06-29 01:57:41,CUST-01670,APAC,online,SKU-1259,Dice Set,Accessories,1,31.93,0.10,pending,14
ORD-000293,2025-01-21 16:29:05,CUST-00289,EMEA,  wholesale ,SKU-1329,Warband Set,Miniatures,2,103.51,0.05,pending,
ORD-002092,09-May-2025,CUST-00463,EMEA,retail,SKU-1196,1000pc Coastline,Puzzles,1,26.44,0.00,refunded,13
ORD-003358,2025-02-04T12:56:47Z,CUST-00945,EMEA,PARTNER,SKU-1323,1000pc Coastline,Puzzles,1,24.74,0.00,pending,10
ORD-003967,2026-06-05 17:16:09,CUST-01175,APAC,wholesale,SKU-1248,Starter Deck,Trading Cards,3,204.83,0.20,refunded,2
ORD-003712,28-Mar-2026,CUST-01346,EMEA,wholesale,SKU-1358,Cosmetic Bundle,Digital,8,15.18,0.10,completed,12
ORD-002907,16-Mar-2026,CUST-01032,APAC,retail,SKU-1363,Collector Box,TRADING CARDS,2,233.81,0.00,pending,14
ORD-004085,2026-02-21 06:27:57,CUST-01258,EMEA,wholesale,SKU-1262,1000pc Coastline,Puzzles,1,26.35,0.00,pending,14
ORD-000772,2025-05-17 05:32:35,CUST-01385,North America,partner,SKU-1369,Hero Blister,Miniatures,1,63.82,0.00,pending,6
ORD-001549,12/08/2025,CUST-00001,LATAM,partner,SKU-1363,Trade Winds,Board Games,2,61.36,0.00,cancelled,9
ORD-003263,2025-03-23 21:26:11,CUST-00736,APAC,retail,SKU-1321,Cosmetic Bundle,Digital,1,59.54,0.10,pending,10
ORD-000589,04/04/2026,CUST-01698,EMEA,retail,SKU-1370,Card Sleeves,Accessories,1,35.23,0.00,pending,18
ORD-001388,2025-03-30 18:30:20,CUST-00165,North America,retail,SKU-1182,Warband Set,Miniatures,1,73.73,0.00,cancelled,17
ORD-003643,11/07/2025,CUST-01093,North America,partner,SKU-1212,Warband Set,Miniatures,5,111.77,0.00,pending,14
ORD-000260,2026-01-24 00:14:38,CUST-00082,North America,retail,SKU-1200,Season Pass,Digital,1,8.06,0.00,cancelled,1
ORD-001599,2025-12-20 17:40:05,CUST-00680,EMEA,online,SKU-1188,Trade Winds,Board Games,2,58.40,0.10,cancelled,21
ORD-004135,07/30/2025,CUST-01526,APAC,wholesale,SKU-1141,Dice Set,Accessories,5,31.70,0.05,completed,16
ORD-003772,2025-03-28 09:10:23,CUST-00601,EMEA,partner,SKU-1293,Dice Set,Accessories,1,29.38,0.00,cancelled,10
ORD-000224,2025-09-23 13:11:03,CUST-01002,APAC,online,SKU-1097,Dice Set,Accessories,1,26.03,0.00,cancelled,5
ORD-001222,03/17/2025,CUST-01333,EMEA,partner,SKU-1024,Card Sleeves,ACCESSORIES,1,18.89,0.05,cancelled,8
ORD-001060,2025-03-27 13:31:37,CUST-01350,  North America ,online,SKU-1220,Booster Pack,TRADING CARDS,1,$140.49,0.00,refunded,11
ORD-002296,04/02/2026,CUST-01677,LATAM,online,SKU-1132,Cosmetic Bundle,Digital,2,26.15,0.00,refunded,5
ORD-002457,2025-09-03 01:34:16,CUST-00363,EMEA,retail,SKU-1062,Terrain Kit,MINIATURES,3,57.83,0.00,pending,4
ORD-001394,2026-05-21 05:52:50,CUST-00054,EMEA,retail,SKU-1078,Expansion Key,Digital,2,27.97,0.00,refunded,19
ORD-003907,2026-01-23T22:52:18Z,CUST-01475,North America,partner,SKU-1004,Bundle Case,Trading Cards,2,142.50,0.00,cancelled,10
ORD-003788,2025-08-16T10:31:31Z,CUST-00974,EMEA,PARTNER,SKU-1267,Dungeon Delve,Board Games,3,55.27,0.00,completed,13
ORD-000208,18-Apr-2026,CUST-01286,EMEA,partner,SKU-1026,Season Pass,Digital,1,52.09,0.20,refunded,17
ORD-000214,08/09/2025,CUST-00501,APAC,online,SKU-1201,Hero Blister,Miniatures,2,109.07,0.05,refunded,19
ORD-002346,06/22/2025,CUST-01163,North America,online,SKU-1270,Playmat,Accessories,1,10.92,0.00,completed,10
ORD-002451,2025-01-18 00:13:44,CUST-00644,LATAM,wholesale,SKU-1162,Season Pass,Digital,1,36.62,0.00,completed,14
ORD-004785,2025-05-23 06:23:09,CUST-00045,EMEA,retail,SKU-1194,Terrain Kit,  Miniatures ,3,102.24,0.00,completed,20
ORD-004204,2026-01-15 01:32:12,CUST-01046,EMEA,partner,SKU-1377,Collector Box,TRADING CARDS,2,164.65,0.00,cancelled,2
ORD-001127,2025-06-29 01:13:28,CUST-01417,LATAM,online,SKU-1093,Promo Tin,Trading Cards,4,103.74,0.20,cancelled,14
ORD-004843,2025-01-02 12:36:53,CUST-00818,LATAM,wholesale,SKU-1241,Harvest Moon Valley,BOARD GAMES,1,62.80,0.00,refunded,10
ORD-004737,2026-06-07T08:38:40Z,CUST-01667,North America,partner,SKU-1172,Paint Set,Miniatures,1,125.19,0.00,refunded,13
ORD-004714,12-May-2025,CUST-00264,APAC,partner,SKU-1175,Starter Deck,Trading Cards,1,111.59,0.15,cancelled,3
ORD-000545,2026-06-08 10:37:32,CUST-00658,EMEA,wholesale,SKU-1062,Trade Winds,Board Games,2,38.25,0.00,pending,17
ORD-002701,2025-12-21 01:56:31,CUST-00898,North America,online,SKU-1386,Warband Set,Miniatures,2,136.40,0.00,cancelled,12
ORD-001421,2026-03-10 05:05:55,CUST-01677,LATAM,partner,SKU-1230,2000pc Star Chart,Puzzles,2,27.91,0.00,pending,16
ORD-003275,2025-03-29 02:07:25,CUST-00530,APAC,wholesale,SKU-1020,Expansion Key,Digital,1,32.53,0.05,refunded,11
ORD-001072,2025-07-05 05:23:45,CUST-01604,NORTH AMERICA,partner,SKU-1400,Paint Set,MINIATURES,1,65.10,0.00,pending,15
ORD-003809,16-Aug-2025,CUST-00929,North America,online,SKU-1078,Harvest Moon Valley,Board Games,2,79.35,0.10,refunded,20
ORD-003475,2025-03-21T06:18:03Z,CUST-00658,LATAM,RETAIL,SKU-1034,Paint Set,Miniatures,1,54.56,0.00,refunded,20
ORD-004622,2026-05-22 19:28:28,CUST-00716,APAC,online,SKU-1076,1000pc Coastline,Puzzles,1,17.26,0.00,pending,13
ORD-003296,2025-02-14 09:49:01,CUST-00583,EMEA,partner,SKU-1022,Cosmetic Bundle,Digital,1,25.80,0.00,pending,10
ORD-003751,09/10/2025,CUST-01625,EMEA,WHOLESALE,SKU-1175,500pc Night Market,Puzzles,1,27.99,0.20,cancelled,21
ORD-002341,2025-02-17T03:03:55Z,CUST-01789,LATAM,online,SKU-1029,Dice Set,Accessories,5,27.82,0.00,completed,11
ORD-001124,2026-04-27 15:57:49,CUST-00228,EMEA,retail,SKU-1157,Booster Pack,trading cards,2,148.57,0.00,completed,6
ORD-003160,2025-05-14T23:41:00Z,CUST-01237,LATAM,partner,SKU-1158,Booster Pack,Trading Cards,2,88.29,0.00,refunded,16
ORD-000398,2025-07-13 19:25:40,,LATAM,retail,SKU-1379,Castle Siege,Board Games,12,32.41,0.00,refunded,14
ORD-002062,12/28/2025,CUST-00035,APAC,retail,SKU-1001,Warband Set,Miniatures,1,64.58,0.20,refunded,13
ORD-001700,2026-05-21 09:04:39,CUST-01046,APAC,retail,SKU-1008,Collector Box,trading cards,1,221.06,0.00,refunded,15
ORD-001824,2025-03-06 00:36:12,CUST-00568,EMEA,partner,SKU-1139,Starter Deck,Trading Cards,12,216.56,0.00,completed,13
ORD-002623,01/09/2025,CUST-00809,North America,wholesale,SKU-1243,2000pc Star Chart,Puzzles,3,18.61,0.00,completed,12
ORD-001578,2025-12-30 20:50:30,CUST-00656,LATAM,wholesale,SKU-1017,1000pc Coastline,Puzzles,-4,33.21,0.10,completed,9
ORD-003049,2026-02-04 10:14:25,CUST-00348,North America,wholesale,SKU-1276,2000pc Star Chart,Puzzles,1,19.54,0.00,cancelled,2
ORD-004391,2026-06-12 08:26:36,CUST-00924,North America,online,SKU-1223,Harvest Moon Valley,Board Games,1,26.03,0.00,refunded,15
ORD-004310,16-Dec-2025,CUST-01315,North America,WHOLESALE,SKU-1043,500pc Night Market,Puzzles,1,17.67,0.00,refunded,15
ORD-000011,12/14/2025,CUST-00165,North America,retail,SKU-1197,Playmat,ACCESSORIES,1,28.52,0.15,cancelled,3
ORD-000657,16-Jun-2026,CUST-01761,North America,retail,SKU-1187,Hero Blister,Miniatures,1,105.07,0.00,refunded,14
ORD-003085,2025-05-25 08:45:52,CUST-00870,North America,wholesale,SKU-1396,Warband Set,miniatures,1,27.69,0.00,cancelled,15
ORD-003746,2025-04-08 05:19:09,CUST-01315,,online,SKU-1313,500pc Night Market,Puzzles,2,12.22,0.00,pending,19
ORD-000383,06/23/2026,CUST-00089,EMEA,ONLINE,SKU-1342,Hero Blister,Miniatures,2,86.19,0.20,refunded,3
ORD-002070,05/24/2025,CUST-01160,EMEA,online,SKU-1218,Promo Tin,Trading Cards,8,146.05,0.00,cancelled,
ORD-002502,04/20/2025,CUST-00339,LATAM,PARTNER,SKU-1324,Dice Set,Accessories,4,37.68,0.00,completed,7
ORD-004331,01/29/2026,CUST-01219,emea,wholesale,SKU-1054,Cosmetic Bundle,Digital,1,55.53,0.20,refunded,9
ORD-003335,2025-05-08 06:13:36,CUST-01107,LATAM,online,SKU-1123,Playmat,Accessories,3,28.97,0.00,completed,13
ORD-000537,10-Apr-2026,CUST-00325,North America,retail,SKU-1004,Playmat,Accessories,1,38.82,0.00,refunded,6
ORD-003669,2025-10-20 18:38:16,CUST-00174,North America,online,SKU-1152,1000pc Coastline,Puzzles,1,24.72,0.00,cancelled,19
ORD-000360,2025-06-22 03:42:44,CUST-01036,  North America ,online,SKU-1395,Promo Tin,Trading Cards,1,157.17,0.20,completed,13
ORD-003822,03/09/2026,CUST-01626,APAC,wholesale,SKU-1309,Booster Pack,Trading Cards,3,40.12,0.00,pending,7
ORD-004639,2026-03-18 01:59:59,CUST-01232,North America,online,SKU-1114,Promo Tin,Trading Cards,4,124.72,0.20,refunded,2
ORD-004950,11-Jul-2025,CUST-00659,EMEA,partner,SKU-1190,Castle Siege,Board Games,2,54.51,0.00,cancelled,17
ORD-003211,2026-01-12 12:57:19,CUST-00434,North America,retail,SKU-1359,Terrain Kit,Miniatures,1,54.09,0.00,refunded,20
ORD-002378,2025-07-27 06:39:59,CUST-00909,LATAM,  partner ,SKU-1392,Deck Box,Accessories,4,14.62,0.15,completed,11
ORD-004058,08/27/2025,CUST-00524,APAC,retail,SKU-1087,1000pc Coastline,Puzzles,4,22.23,0.00,pending,14
ORD-003999,2026-01-11 17:16:25,CUST-00246,LATAM,retail,SKU-1021,Paint Set,Miniatures,2,103.10,0.00,cancelled,20
ORD-004957,2025-05-28 12:07:26,CUST-01074,APAC,online,SKU-1294,Cosmetic Bundle,DIGITAL,2,59.67,0.00,pending,1
ORD-004412,07/20/2025,CUST-00276,emea,retail,SKU-1104,Season Pass,DIGITAL,1,28.33,0.25,completed,19
ORD-002280,2025-02-15T03:25:19Z,CUST-00466,APAC,online,SKU-1240,Castle Siege,Board Games,1,76.27,0.00,cancelled,21
ORD-004446,2026-04-04 14:40:02,CUST-01503,apac,wholesale,SKU-1061,1000pc Coastline,Puzzles,3,29.55,0.25,pending,6
ORD-000372,08/19/2025,CUST-00287,North America,wholesale,SKU-1048,Deck Box,ACCESSORIES,12,20.36,0.00,refunded,16
ORD-000566,2025-04-11 00:24:43,CUST-01702,North America,online,SKU-1078,Starter Deck,Trading Cards,2,212.48,0.05,refunded,20
ORD-000628,12/28/2025,CUST-00648,LATAM,  wholesale ,SKU-1000,2000pc Star Chart,Puzzles,1,31.60,0.00,completed,19
ORD-004210,2025-11-17T16:45:57Z,CUST-01167,APAC,online,SKU-1333,Trade Winds,Board Games,2,25.08,0.00,completed,13
ORD-003881,2026-04-07 18:41:02,CUST-01148,EMEA,partner,SKU-1076,Season Pass,Digital,1,29.83,0.00,cancelled,14
ORD-001356,2025-01-15 04:52:04,CUST-01418,emea,  online ,SKU-1013,2000pc Star Chart,  Puzzles ,2,10.78,0.00,refunded,3
ORD-001758,03/26/2026,CUST-01098,EMEA,retail,SKU-1323,Deck Box,Accessories,8,5.97,0.00,completed,10
ORD-000247,2025-01-15 05:23:22,CUST-00918,North America,WHOLESALE,SKU-1138,Terrain Kit,Miniatures,2,58.99,0.00,completed,8
ORD-004539,2026-06-16 22:30:18,CUST-00988,LATAM,online,SKU-1190,Castle Siege,  Board Games ,4,57.07,0.25,pending,6
ORD-004499,2025-08-08 12:43:40,CUST-00940,North America,online,SKU-1012,Dice Set,Accessories,2,14.22,0.10,cancelled,19
ORD-000579,2025-06-29 11:20:40,CUST-00870,EMEA,partner,SKU-1053,Warband Set,Miniatures,5,119.10,0.00,refunded,20
ORD-001362,2025-11-23 15:35:48,CUST-00557,LATAM,WHOLESALE,SKU-1373,Season Pass,DIGITAL,3,$31.26,0.00,pending,3
ORD-001294,2025-03-15 22:39:39,CUST-00124,North America,retail,SKU-1346,Bundle Case,Trading Cards,1,144.52,0.00,refunded,2
ORD-001143,2026-02-14 15:11:29,CUST-00690,LATAM,retail,SKU-1215,Card Sleeves,  Accessories ,1,9.16,0.00,pending,21
ORD-000975,2025-12-07 11:38:47,CUST-01250,LATAM,wholesale,SKU-1360,Card Sleeves,Accessories,1,29.17,0.00,pending,15
ORD-004455,2025-04-14 03:03:01,CUST-00713,APAC,wholesale,SKU-1320,Starter Deck,Trading Cards,2,241.08,0.00,pending,21
ORD-004751,2026-02-12 12:57:04,CUST-00229,North America,partner,SKU-1279,Warband Set,Miniatures,1,$136.39,0.00,refunded,15
ORD-003718,03/18/2026,CUST-00378,  APAC ,online,SKU-1109,Terrain Kit,miniatures,1,84.17,0.00,cancelled,3
ORD-000979,01/16/2026,CUST-00508,NORTH AMERICA,online,SKU-1092,Paint Set,Miniatures,2,44.45,0.00,completed,3
ORD-000892,2025-09-15 09:57:41,CUST-00937,LATAM,retail,SKU-1115,Terrain Kit,Miniatures,8,124.03,0.25,pending,9
ORD-000706,09/12/2025,CUST-00309,LATAM,online,SKU-1356,Dice Set,Accessories,8,7.47,0.00,refunded,13
ORD-001729,2025-04-06T21:19:52Z,CUST-00640,EMEA,wholesale,SKU-1211,Season Pass,Digital,2,42.91,0.00,completed,
ORD-003299,06/15/2026,CUST-00411,,partner,SKU-1325,Terrain Kit,Miniatures,4,51.78,0.05,completed,6
ORD-000213,10/18/2025,CUST-00895,EMEA,ONLINE,SKU-1308,Trade Winds,Board Games,2,57.24,0.00,refunded,20
ORD-002916,10/21/2025,CUST-00239,LATAM,partner,SKU-1320,Castle Siege,Board Games,2,29.54,0.05,completed,7
ORD-000215,2025-10-03 10:21:36,CUST-00908,APAC,wholesale,SKU-1132,Season Pass,digital,1,31.44,0.05,pending,21
ORD-003240,07-Jun-2025,CUST-00243,LATAM,retail,SKU-1156,Card Sleeves,Accessories,2,15.25,0.05,completed,14
ORD-003695,2026-04-20 15:54:38,CUST-00070,North America,retail,SKU-1237,Castle Siege,Board Games,2,77.04,0.00,refunded,19
ORD-000346,2025-06-14T03:30:00Z,CUST-00388,North America,partner,SKU-1034,Warband Set,Miniatures,1,35.47,0.15,pending,21
ORD-004007,08/08/2025,CUST-00077,EMEA,retail,SKU-1200,Terrain Kit,Miniatures,3,113.16,0.00,pending,5
ORD-000343,2025-04-02 14:45:43,CUST-00915,APAC,wholesale,SKU-1320,Booster Pack,Trading Cards,8,201.78,0.00,cancelled,2
ORD-003547,2025-04-28 17:36:50,CUST-01281,  EMEA ,online,SKU-1078,Card Sleeves,Accessories,3,9.01,0.00,refunded,8
ORD-001169,2025-08-18 17:48:22,CUST-00629,LATAM,WHOLESALE,SKU-1115,Starter Deck,Trading Cards,8,69.38,0.00,cancelled,3
ORD-004363,2026-05-30 04:02:25,CUST-01098,LATAM,retail,SKU-1020,Starter Deck,Trading Cards,3,41.83,0.00,pending,18
ORD-000937,06/13/2026,CUST-00948,north america,retail,SKU-1030,Season Pass,Digital,1,17.53,0.10,pending,3
ORD-002586,2025-07-07 07:16:39,CUST-01314,  North America ,online,SKU-1249,Playmat,Accessories,2,39.30,0.25,pending,13
ORD-001785,2025-10-12 15:51:32,CUST-01354,APAC,online,SKU-1271,Collector Box,Trading Cards,1,80.67,0.10,refunded,6
ORD-003223,12/28/2025,CUST-01277,EMEA,  retail ,SKU-1200,Deck Box,Accessories,12,14.36,0.25,cancelled,5
ORD-002111,25-Sep-2025,CUST-00155,EMEA,wholesale,SKU-1306,Collector Box,Trading Cards,1,176.06,0.20,cancelled,3
ORD-002724,01-Apr-2026,CUST-00342,North America,RETAIL,SKU-1315,Warband Set,miniatures,4,62.85,0.00,cancelled,11
ORD-001104,2026-02-14 00:23:56,CUST-01444,  APAC ,partner,SKU-1322,Paint Set,Miniatures,1,39.28,0.10,refunded,3
ORD-002185,2026-05-23T01:54:58Z,CUST-00696,LATAM,partner,SKU-1257,Expansion Key,digital,4,15.18,0.05,completed,8
ORD-003168,2025-09-08 09:18:31,CUST-00741,EMEA,online,SKU-1053,Bundle Case,Trading Cards,1,64.17,0.25,cancelled,21
ORD-000584,2025-10-26 12:31:37,CUST-00413,LATAM,partner,SKU-1282,Expansion Key,Digital,3,11.05,0.00,refunded,1
ORD-001860,04/13/2026,CUST-00888,EMEA,retail,SKU-1015,Booster Pack,Trading Cards,1,188.65,0.00,pending,
ORD-003105,2026-02-08 09:21:19,CUST-00088,APAC,online,SKU-1271,1000pc Coastline,Puzzles,5,22.60,0.00,pending,14
ORD-002716,2025-01-25 21:08:44,CUST-01709,LATAM,wholesale,SKU-1338,2000pc Star Chart,Puzzles,3,17.81,0.15,cancelled,1
ORD-002669,02/05/2025,CUST-00040,  EMEA ,partner,SKU-1042,Playmat,Accessories,1,5.30,0.00,completed,4
ORD-004632,2025-11-08 15:08:32,CUST-01424,APAC,online,SKU-1270,Trade Winds,Board Games,2,65.76,0.00,refunded,3
ORD-000902,2025-10-16T01:49:03Z,CUST-01687,North America,retail,SKU-1225,Terrain Kit,Miniatures,3,51.85,0.00,pending,8
ORD-001649,2025-02-02 16:58:41,CUST-01103,APAC,retail,SKU-1074,Signal Fire,Board Games,3,16.19,0.00,cancelled,6
ORD-004551,11/17/2025,CUST-01093,  North America ,retail,SKU-1157,Booster Pack,Trading Cards,2,99.71,0.25,completed,21
ORD-000527,03/25/2026,CUST-01513,LATAM,online,SKU-1177,1000pc Coastline,Puzzles,1,33.64,0.00,refunded,14
ORD-004959,2026-06-05 19:21:56,CUST-01619,LATAM,partner,SKU-1306,Bundle Case,Trading Cards,1,98.39,0.25,completed,11
ORD-003514,28-Mar-2026,CUST-00561,emea,PARTNER,SKU-1210,Expansion Key,Digital,4,48.90,0.00,completed,19
ORD-000698,2025-11-02 00:07:50,CUST-00815,North America,retail,SKU-1199,Booster Pack,Trading Cards,2,217.95,0.00,completed,11
ORD-003770,2025-05-13 19:28:02,CUST-01085,EMEA,WHOLESALE,SKU-1297,Warband Set,Miniatures,1,$143.82,0.00,pending,5
ORD-002051,2025-09-27 19:15:50,CUST-00531,north america,wholesale,SKU-1042,Hero Blister,Miniatures,1,70.31,0.00,refunded,21
ORD-003931,13-Mar-2025,CUST-00626,APAC,online,SKU-1246,Playmat,Accessories,2,19.08,0.00,pending,7
ORD-004043,19-Aug-2025,CUST-01193,EMEA,WHOLESALE,SKU-1356,Starter Deck,Trading Cards,3,$187.44,0.00,cancelled,9
ORD-004199,2026-06-19 06:51:58,CUST-00333,APAC,RETAIL,SKU-1332,Cosmetic Bundle,Digital,2,52.55,0.00,pending,3
ORD-000431,2026-01-12 12:57:55,CUST-01102,North America,online,SKU-1170,Starter Deck,Trading Cards,4,114.40,0.00,pending,7
ORD-000947,03/28/2025,CUST-01772,EMEA,wholesale,SKU-1334,Deck Box,Accessories,1,$18.07,0.00,cancelled,20
ORD-004317,2026-02-21 16:46:02,CUST-01037,North America,retail,SKU-1064,Bundle Case,Trading Cards,3,151.51,0.00,completed,3
ORD-002706,2025-09-21 01:17:32,CUST-00549,North America,partner,SKU-1370,Warband Set,Miniatures,1,100.33,0.00,pending,18
ORD-004635,2025-03-11 11:53:22,CUST-01500,LATAM,  online ,SKU-1156,Expansion Key,Digital,1,14.00,0.10,pending,19
ORD-001371,11/05/2025,CUST-00524,APAC,online,SKU-1111,Hero Blister,Miniatures,2,$132.88,0.20,refunded,3
ORD-003349,12-Aug-2025,CUST-00906,APAC,online,SKU-1018,Trade Winds,Board Games,3,27.24,0.00,completed,10
ORD-004284,2025-10-31T10:13:18Z,CUST-01547,  APAC ,retail,SKU-1366,Card Sleeves,Accessories,2,24.05,0.25,refunded,20
ORD-002515,01/02/2026,CUST-00486,APAC,retail,SKU-1280,Dungeon Delve,Board Games,1,34.26,0.05,pending,11
ORD-004386,07/08/2025,CUST-00793,emea,retail,SKU-1079,Warband Set,Miniatures,4,83.01,0.20,completed,15
ORD-003072,2026-03-27 06:58:13,CUST-01166,APAC,retail,SKU-1031,Bundle Case,TRADING CARDS,1,181.16,0.00,completed,12
ORD-000799,2025-03-12 22:35:53,CUST-00300,APAC,retail,SKU-1135,Hero Blister,miniatures,2,26.56,0.00,refunded,21
ORD-002854,2026-04-12 11:43:30,CUST-00172,LATAM,retail,SKU-1306,Promo Tin,Trading Cards,3,162.97,0.00,completed,21
ORD-000957,2026-03-15 01:58:35,CUST-00248,APAC,RETAIL,SKU-1071,Signal Fire,Board Games,8,71.71,0.00,cancelled,3
ORD-004889,2025-08-16 09:12:29,CUST-00974,,online,SKU-1400,Card Sleeves,Accessories,2,7.21,0.00,refunded,17
ORD-004441,2026-06-30 07:29:02,CUST-01617,North America,online,SKU-1159,Deck Box,Accessories,5,13.71,0.20,refunded,18
ORD-002887,2026-02-26 16:59:51,CUST-00583,LATAM,online,SKU-1116,Promo Tin,Trading Cards,1,40.30,0.00,refunded,8
ORD-002615,2025-06-04 18:34:57,CUST-01581,LATAM,wholesale,SKU-1378,Terrain Kit,miniatures,5,33.30,0.05,completed,2
ORD-004211,2025-06-22 21:23:21,CUST-00003,APAC,partner,SKU-1392,Dungeon Delve,Board Games,1,42.14,0.05,completed,20
ORD-004107,03/02/2026,CUST-01227,latam,retail,SKU-1375,Card Sleeves,Accessories,2,38.35,0.00,completed,16
ORD-001103,2025-01-20 22:54:31,CUST-01005,APAC,partner,SKU-1195,Promo Tin,TRADING CARDS,1,234.71,0.10,cancelled,19
ORD-004457,2025-01-26 23:38:28,CUST-00386,APAC,online,SKU-1343,500pc Night Market,PUZZLES,1,26.76,0.00,pending,18
ORD-003316,09/24/2025,CUST-00956,LATAM,retail,SKU-1229,Trade Winds,Board Games,1,35.68,0.00,pending,19
ORD-004075,2025-06-16 09:08:41,CUST-01690,LATAM,wholesale,SKU-1336,Paint Set,Miniatures,2,65.35,0.00,cancelled,20
ORD-000337,2025-11-22 06:00:42,CUST-00814,LATAM,retail,SKU-1032,Paint Set,Miniatures,4,102.90,0.00,cancelled,20
ORD-002010,2026-03-15 03:02:54,CUST-01454,APAC,retail,SKU-1236,Hero Blister,Miniatures,5,142.99,0.00,cancelled,14
ORD-000538,03/23/2026,CUST-01691,APAC,online,SKU-1119,Dungeon Delve,BOARD GAMES,5,50.51,0.00,cancelled,11
ORD-000808,05/26/2026,CUST-00189,emea,wholesale,SKU-1085,Starter Deck,Trading Cards,4,135.51,0.15,cancelled,5
ORD-000433,2025-12-24 19:47:41,CUST-00595,north america,partner,SKU-1037,Paint Set,miniatures,2,78.25,0.10,refunded,2
ORD-002577,2025-11-21 20:24:16,CUST-00084,EMEA,WHOLESALE,SKU-1316,1000pc Coastline,Puzzles,12,27.56,0.00,cancelled,10
ORD-002258,2025-12-27 03:05:04,CUST-00854,EMEA,online,SKU-1050,Card Sleeves,Accessories,2,33.81,0.00,pending,11
ORD-003502,2025-01-06 17:45:52,CUST-00083,EMEA,retail,SKU-1011,Promo Tin,Trading Cards,12,48.45,0.00,refunded,20
ORD-000063,2025-03-05 03:34:16,CUST-01511,APAC,retail,SKU-1040,500pc Night Market,Puzzles,1,12.71,0.00,pending,5
ORD-003481,2025-08-30 19:19:31,CUST-00692,,WHOLESALE,SKU-1144,Castle Siege,  Board Games ,1,32.22,0.00,completed,6
ORD-000978,2026-06-22T17:16:22Z,CUST-00209,LATAM,partner,SKU-1333,Starter Deck,Trading Cards,1,27.13,0.25,cancelled,10
ORD-002492,2025-05-09 13:35:11,CUST-01168,EMEA,wholesale,SKU-1226,Warband Set,MINIATURES,1,91.56,0.15,pending,3
ORD-000855,08-Feb-2025,,LATAM,wholesale,SKU-1110,2000pc Star Chart,Puzzles,2,23.78,0.00,cancelled,21
ORD-004128,2026-01-14 00:49:27,CUST-00792,APAC,online,SKU-1068,1000pc Coastline,Puzzles,2,12.90,0.00,cancelled,6
ORD-003914,09/11/2025,CUST-00581,LATAM,partner,SKU-1195,Deck Box,Accessories,4,7.95,0.00,pending,14
ORD-004687,2026-04-11 04:18:13,CUST-00416,  North America ,wholesale,SKU-1023,Bundle Case,Trading Cards,4,102.90,0.10,cancelled,1
ORD-001573,2025-07-01 05:49:39,CUST-01144,LATAM,PARTNER,SKU-1335,Promo Tin,Trading Cards,1,84.12,0.00,refunded,11
ORD-002822,2025-04-23 17:50:39,CUST-00869,EMEA,retail,SKU-1241,Promo Tin,trading cards,1,123.04,0.05,pending,13
ORD-002842,2026-02-17 22:16:22,CUST-00873,APAC,wholesale,SKU-1147,Terrain Kit,Miniatures,1,58.95,0.00,completed,9
ORD-004540,2025-08-25 12:38:08,CUST-00030,EMEA,PARTNER,SKU-1374,Paint Set,  Miniatures ,2,111.06,0.00,completed,19
ORD-004506,01/09/2025,CUST-00856,APAC,retail,SKU-1104,Dice Set,Accessories,12,24.18,0.00,cancelled,2
ORD-001515,2026-04-29 01:21:15,CUST-01624,North America,partner,SKU-1149,Dungeon Delve,Board Games,1,21.07,0.05,completed,14
ORD-004805,06-Aug-2025,CUST-01081,North America,partner,SKU-1087,Starter Deck,Trading Cards,5,227.61,0.00,pending,10
ORD-000816,2026-05-06 10:36:26,CUST-00511,APAC,retail,SKU-1031,Collector Box,Trading Cards,1,189.02,0.00,completed,17
ORD-004333,12/10/2025,CUST-01415,EMEA,online,SKU-1212,Dice Set,Accessories,2,33.22,0.00,refunded,6
ORD-003820,2026-01-31 10:35:29,CUST-01603,EMEA,retail,SKU-1109,500pc Night Market,Puzzles,1,21.15,0.20,refunded,3
ORD-004569,2025-05-01T12:26:34Z,CUST-01434,APAC,wholesale,SKU-1206,Booster Pack,Trading Cards,2,223.21,0.00,completed,15
ORD-002664,2025-10-08 11:22:04,CUST-00279,  LATAM ,retail,SKU-1005,Signal Fire,Board Games,1,27.30,0.15,pending,2
ORD-000756,2026-06-30 06:56:05,CUST-00696,EMEA,  retail ,SKU-1383,Bundle Case,Trading Cards,1,127.08,0.10,refunded,2
ORD-000061,2026-02-24 21:45:29,CUST-00243,EMEA,online,SKU-1178,Trade Winds,Board Games,12,$28.44,0.00,cancelled,3
ORD-003761,2026-02-18 23:50:33,CUST-01460,North America,wholesale,SKU-1315,Season Pass,Digital,2,48.49,0.00,completed,2
ORD-004240,2025-06-14T01:45:31Z,CUST-01526,EMEA,  retail ,SKU-1348,Bundle Case,Trading Cards,1,$117.36,0.00,refunded,21
ORD-000761,09-Jul-2025,CUST-00623,EMEA,online,SKU-1313,Paint Set,Miniatures,1,88.32,0.00,pending,12
ORD-002654,2025-06-19 17:27:16,CUST-00385,LATAM,online,SKU-1225,Card Sleeves,  Accessories ,1,11.09,0.00,completed,6
ORD-003441,01/12/2026,CUST-00407,North America,partner,SKU-1101,Terrain Kit,Miniatures,3,30.13,0.15,completed,13
ORD-000126,04/24/2026,CUST-01709,North America,online,SKU-1261,1000pc Coastline,Puzzles,1,14.71,0.05,cancelled,18
ORD-001486,01/31/2025,CUST-00022,APAC,wholesale,SKU-1356,Paint Set,Miniatures,1,101.09,0.00,completed,3
ORD-001808,2025-10-15 08:01:31,CUST-00480,EMEA,partner,SKU-1195,Terrain Kit,Miniatures,1,39.72,0.05,completed,8
ORD-000207,2026-06-25 06:06:38,CUST-00300,EMEA,partner,SKU-1245,Deck Box,Accessories,3,12.28,0.00,cancelled,18
ORD-000495,23-May-2026,CUST-01177,EMEA,online,SKU-1325,Season Pass,Digital,3,17.65,0.00,refunded,19
ORD-001108,03-May-2026,CUST-00742,North America,partner,SKU-1390,Warband Set,Miniatures,1,146.87,0.20,cancelled,17
ORD-001896,2026-02-03 06:06:43,CUST-01215,  APAC ,wholesale,SKU-1058,Cosmetic Bundle,Digital,5,39.30,0.00,completed,9
ORD-002460,2026-02-02 09:38:01,CUST-01047,EMEA,ONLINE,SKU-1273,Cosmetic Bundle,Digital,8,2.69,0.05,pending,9
ORD-000254,01/18/2026,CUST-01715,EMEA,RETAIL,SKU-1155,Trade Winds,Board Games,2,24.15,0.00,pending,11
ORD-003867,2025-06-05 12:01:39,CUST-00777,  APAC ,online,SKU-1177,Deck Box,Accessories,1,12.73,0.15,cancelled,9
ORD-000228,2025-04-12 09:44:37,CUST-01014,APAC,retail,SKU-1020,Deck Box,accessories,1,14.69,0.00,refunded,18
ORD-003934,2025-02-22 14:03:07,CUST-01489,LATAM,online,SKU-1358,Season Pass,Digital,1,32.59,0.00,cancelled,2
ORD-002032,2025-12-13 00:14:55,CUST-01168,emea,retail,SKU-1383,Signal Fire,Board Games,1,37.73,0.00,refunded,16
ORD-003860,2026-03-15 22:36:48,CUST-01293,APAC,online,SKU-1327,Signal Fire,Board Games,1,29.56,0.00,cancelled,5
ORD-003147,27-Apr-2025,CUST-00850,EMEA,WHOLESALE,SKU-1153,Dungeon Delve,board games,2,$39.47,0.00,pending,3
ORD-001966,2026-02-08 03:15:12,CUST-01638,EMEA,partner,SKU-1259,2000pc Star Chart,Puzzles,12,12.83,0.00,pending,11
ORD-003813,29-May-2025,CUST-01458,APAC,partner,SKU-1019,Collector Box,Trading Cards,1,102.80,0.00,pending,10
ORD-004401,2025-06-13 23:27:06,CUST-00972,apac,online,SKU-1221,500pc Night Market,Puzzles,2,14.73,0.25,pending,18
ORD-004483,08/07/2025,CUST-00527,LATAM,retail,SKU-1373,Terrain Kit,Miniatures,4,89.59,0.00,pending,1
ORD-004061,03/17/2026,CUST-00471,APAC,retail,SKU-1296,Season Pass,Digital,1,$31.98,0.00,pending,16
ORD-002060,05/26/2026,CUST-00700,LATAM,online,SKU-1336,Hero Blister,Miniatures,5,74.40,0.00,pending,21
ORD-000810,2025-08-18 22:59:59,CUST-00482,EMEA,wholesale,SKU-1363,Collector Box,trading cards,1,43.13,0.00,cancelled,16
ORD-000368,02-Jan-2025,CUST-01727,LATAM,retail,SKU-1006,Paint Set,Miniatures,1,58.34,0.05,completed,17
ORD-001159,2025-03-21 21:12:03,CUST-00871,North America,wholesale,SKU-1179,Warband Set,Miniatures,1,78.96,0.15,completed,
ORD-004454,2025-02-05 03:13:31,CUST-01629,LATAM,partner,SKU-1036,Warband Set,Miniatures,2,67.15,0.00,refunded,11
ORD-001186,2025-12-11 11:23:05,CUST-00198,EMEA,retail,SKU-1238,500pc Night Market,Puzzles,1,14.86,0.00,cancelled,1
ORD-004994,08/22/2025,CUST-01423,LATAM,wholesale,SKU-1160,Dice Set,Accessories,4,$22.83,0.25,completed,11
ORD-003527,2026-03-11 00:26:40,CUST-00736,EMEA,online,SKU-1114,Cosmetic Bundle,DIGITAL,4,49.62,0.00,pending,16
ORD-003095,2026-03-18T10:00:01Z,,  North America ,wholesale,SKU-1196,Harvest Moon Valley,Board Games,-1,58.32,0.00,completed,15
ORD-003578,2025-05-06 08:31:08,CUST-00159,latam,online,SKU-1086,2000pc Star Chart,Puzzles,1,33.32,0.15,completed,18
ORD-002599,02-Feb-2026,CUST-00769,LATAM,online,SKU-1385,Harvest Moon Valley,Board Games,3,$53.45,0.00,refunded,15
ORD-000149,08/22/2025,CUST-01669,EMEA,partner,SKU-1265,Harvest Moon Valley,Board Games,1,32.68,0.10,cancelled,4
ORD-004607,06/01/2026,CUST-00411,APAC,  partner ,SKU-1247,Season Pass,Digital,4,47.26,0.00,refunded,15
ORD-002147,2025-10-20 15:07:33,CUST-00777,APAC,partner,SKU-1258,Trade Winds,Board Games,1,61.08,0.00,refunded,5
ORD-004978,2025-09-12 15:38:42,CUST-01733,LATAM,wholesale,SKU-1107,Playmat,Accessories,4,26.80,0.00,refunded,13
ORD-002533,07-Nov-2025,CUST-01753,North America,online,SKU-1073,Dungeon Delve,Board Games,4,17.74,0.00,cancelled,20
ORD-000858,16-Jan-2025,CUST-00699,EMEA,wholesale,SKU-1290,500pc Night Market,  Puzzles ,1,21.75,0.20,refunded,10
ORD-001340,2026-05-09 16:03:30,CUST-00394,EMEA,WHOLESALE,SKU-1199,Hero Blister,Miniatures,1,95.00,0.00,completed,16
ORD-000284,06/21/2026,CUST-01577,LATAM,ONLINE,SKU-1203,Terrain Kit,MINIATURES,1,67.08,0.00,completed,15
ORD-001717,2025-03-19 18:59:19,CUST-01428,latam,wholesale,SKU-1142,Deck Box,Accessories,1,30.75,0.00,cancelled,19
ORD-004467,2025-06-06 04:46:15,CUST-01059,EMEA,ONLINE,SKU-1166,500pc Night Market,Puzzles,3,10.65,0.00,refunded,11
ORD-001858,2026-05-30 10:46:53,CUST-00649,emea,online,SKU-1156,500pc Night Market,Puzzles,5,31.80,0.05,pending,10
ORD-001566,2026-06-25 19:14:23,CUST-00401,North America,partner,SKU-1384,Dice Set,Accessories,3,16.74,0.00,pending,7
ORD-003951,2026-05-09 09:00:40,CUST-00618,EMEA,online,SKU-1379,Playmat,Accessories,2,5.69,0.00,cancelled,16
ORD-002383,03-May-2025,CUST-01661,EMEA,retail,SKU-1284,Card Sleeves,Accessories,2,11.08,0.20,refunded,10
ORD-003052,2026-04-27 07:08:11,CUST-00638,North America,partner,SKU-1131,Promo Tin,Trading Cards,1,71.69,0.05,cancelled,19
ORD-002290,2025-02-05 01:32:07,CUST-01750,EMEA,RETAIL,SKU-1131,1000pc Coastline,Puzzles,1,29.68,0.00,cancelled,12
ORD-003454,15-Dec-2025,CUST-01258,APAC,partner,SKU-1162,Dice Set,Accessories,12,32.15,0.00,refunded,4
ORD-001300,2025-05-07 03:51:06,CUST-00382,North America,partner,SKU-1084,Cosmetic Bundle,Digital,5,59.68,0.00,refunded,16
ORD-001193,2025-03-20 21:49:17,CUST-00265,North America,partner,SKU-1291,500pc Night Market,Puzzles,2,28.43,0.20,refunded,4
ORD-003486,09-Jan-2025,CUST-00793,APAC,wholesale,SKU-1259,Dungeon Delve,Board Games,2,53.37,0.00,cancelled,7
ORD-003158,2026-06-10 05:06:38,CUST-01610,EMEA,wholesale,SKU-1244,Playmat,Accessories,1,38.86,0.00,refunded,13
ORD-003460,09-Feb-2026,CUST-01540,North America,wholesale,SKU-1248,Harvest Moon Valley,Board Games,1,$54.81,0.00,cancelled,16
ORD-000506,2026-04-29 23:07:43,CUST-00443,APAC,wholesale,SKU-1312,Card Sleeves,Accessories,2,17.28,0.05,pending,13
ORD-004379,2026-06-05 10:35:29,CUST-00681,EMEA,online,SKU-1199,Paint Set,Miniatures,1,65.25,0.00,completed,18
ORD-003888,24-Dec-2025,CUST-01266,APAC,wholesale,SKU-1063,500pc Night Market,Puzzles,12,28.40,0.05,cancelled,6
ORD-004334,2026-06-07 06:11:33,CUST-00742,LATAM,  wholesale ,SKU-1293,Paint Set,Miniatures,3,41.02,0.00,refunded,19
ORD-000574,2025-08-25 07:55:21,CUST-00429,latam,wholesale,SKU-1143,Castle Siege,Board Games,2,40.08,0.15,cancelled,10
ORD-002487,2026-02-01T14:47:06Z,CUST-00024,APAC,online,SKU-1089,Harvest Moon Valley,Board Games,1,35.14,0.00,cancelled,18
ORD-003859,2025-03-06T05:28:31Z,CUST-01525,North America,partner,SKU-1045,Starter Deck,Trading Cards,2,156.19,0.20,completed,20
ORD-002437,2025-09-20 10:27:06,CUST-00988,EMEA,wholesale,SKU-1341,Trade Winds,BOARD GAMES,1,35.72,0.00,pending,21
ORD-002077,03-May-2025,CUST-01574,North America,WHOLESALE,SKU-1102,Terrain Kit,Miniatures,8,27.01,0.00,completed,3
ORD-003651,2026-05-06 07:16:31,CUST-00322,North America,partner,SKU-1302,Starter Deck,Trading Cards,2,132.09,0.00,pending,1
ORD-003451,05/13/2025,CUST-00734,EMEA,retail,SKU-1316,Hero Blister,Miniatures,2,47.21,0.25,refunded,14
ORD-002269,03/25/2026,CUST-01015,LATAM,partner,SKU-1189,Dungeon Delve,Board Games,3,70.23,0.05,refunded,5
ORD-002512,05-Apr-2026,CUST-00502,latam,retail,SKU-1351,Hero Blister,miniatures,2,28.80,0.20,completed,18
ORD-002878,2026-06-10 12:33:52,CUST-01190,APAC,wholesale,SKU-1219,Deck Box,Accessories,4,39.14,0.00,pending,16
ORD-004928,03/20/2025,CUST-00532,EMEA,partner,SKU-1397,Expansion Key,Digital,2,$30.58,0.00,refunded,20
ORD-000388,2026-01-23T17:08:05Z,CUST-00041,emea,retail,SKU-1359,Playmat,Accessories,4,31.30,0.00,pending,8
ORD-004894,2026-01-11 08:59:02,CUST-00466,,retail,SKU-1336,Paint Set,Miniatures,1,143.85,0.00,cancelled,2
ORD-004009,25-Feb-2026,CUST-00112,NORTH AMERICA,partner,SKU-1034,Bundle Case,Trading Cards,2,161.79,0.00,cancelled,5
ORD-001823,06/19/2026,CUST-00487,EMEA,wholesale,SKU-1139,Bundle Case,Trading Cards,12,52.24,0.00,cancelled,8
ORD-000012,01/03/2025,CUST-00309,North America,PARTNER,SKU-1269,Collector Box,Trading Cards,4,168.76,0.00,cancelled,17
ORD-004397,09-Apr-2026,CUST-00330,North America,partner,SKU-1113,Card Sleeves,ACCESSORIES,1,39.04,0.00,refunded,19
ORD-001149,04-Nov-2025,CUST-01248,APAC,retail,SKU-1243,Trade Winds,Board Games,3,59.45,0.00,cancelled,19
ORD-001792,2025-09-05 20:03:15,CUST-00910,North America,wholesale,SKU-1354,Expansion Key,  Digital ,2,48.26,0.20,cancelled,2
ORD-001767,2025-05-25 07:27:26,CUST-00782,North America,wholesale,SKU-1340,Expansion Key,Digital,2,$31.43,0.00,pending,17
ORD-000365,01/21/2026,CUST-00854,EMEA,partner,SKU-1383,Season Pass,Digital,1,42.32,0.05,completed,18
ORD-002797,2025-03-10 23:56:18,CUST-00387,APAC,  wholesale ,SKU-1116,Card Sleeves,Accessories,1,24.49,0.10,completed,10
ORD-002399,03/31/2025,CUST-00935,EMEA,online,SKU-1193,Cosmetic Bundle,Digital,4,9.97,0.00,pending,5
ORD-002489,2025-05-12 23:32:12,CUST-01332,EMEA,online,SKU-1043,Booster Pack,Trading Cards,2,198.66,0.00,completed,20
ORD-003800,2025-02-02 09:01:50,CUST-00818,LATAM,wholesale,SKU-1097,Signal Fire,Board Games,1,45.99,0.00,refunded,5
ORD-000002,2025-02-26 08:53:50,CUST-01309,NORTH AMERICA,retail,SKU-1285,Warband Set,MINIATURES,4,89.75,0.00,pending,21
ORD-002523,2026-01-25 06:33:09,CUST-00006,EMEA,retail,SKU-1348,Dice Set,Accessories,1,6.70,0.00,refunded,17
ORD-001498,2025-09-10T23:29:37Z,CUST-01685,LATAM,partner,SKU-1364,Expansion Key,Digital,2,41.38,0.00,refunded,18
ORD-002870,2025-02-08 11:06:16,CUST-00377,APAC,online,SKU-1326,Cosmetic Bundle,Digital,12,22.62,0.10,pending,5
ORD-000750,2025-10-11T17:22:01Z,CUST-00355,LATAM,retail,SKU-1079,Paint Set,Miniatures,2,30.33,0.00,completed,20
ORD-003457,2025-09-17T09:56:46Z,CUST-00297,EMEA,wholesale,SKU-1245,Starter Deck,TRADING CARDS,4,153.30,0.10,pending,16
ORD-004866,2026-05-27 11:19:24,CUST-01645,  EMEA ,retail,SKU-1090,Promo Tin,Trading Cards,12,4.36,0.00,pending,11
ORD-003988,05/05/2026,CUST-00806,LATAM,,SKU-1235,Dice Set,Accessories,1,28.93,0.00,pending,8
ORD-004697,2025-01-10 15:52:36,CUST-01006,LATAM,online,SKU-1320,Starter Deck,Trading Cards,1,31.67,0.00,completed,10
ORD-001378,2026-02-05 06:32:47,CUST-00968,North America,retail,SKU-1052,Starter Deck,TRADING CARDS,2,36.65,0.20,pending,17
ORD-004861,2026-03-30T04:03:30Z,CUST-00859,  APAC ,wholesale,SKU-1203,2000pc Star Chart,PUZZLES,5,30.73,0.05,refunded,15
ORD-000338,06/26/2025,CUST-01636,EMEA,partner,SKU-1183,Expansion Key,Digital,4,23.33,0.00,cancelled,8
ORD-003337,2025-05-25 09:35:05,CUST-00225,LATAM,ONLINE,SKU-1342,Expansion Key,Digital,3,11.36,0.00,completed,14
ORD-003110,03/06/2025,CUST-00574,APAC,partner,SKU-1190,Season Pass,Digital,1,54.07,0.00,completed,9
ORD-003628,2025-03-24 15:34:03,CUST-00208,North America,wholesale,SKU-1325,Hero Blister,Miniatures,4,21.64,0.00,pending,21
ORD-000720,2026-03-31T05:52:00Z,CUST-01300,LATAM,retail,SKU-1225,Harvest Moon Valley,Board Games,3,40.13,0.00,cancelled,17
ORD-002357,2026-05-03 22:23:58,CUST-00544,APAC,partner,SKU-1307,Cosmetic Bundle,Digital,12,30.43,0.00,completed,17
ORD-002485,01/04/2026,CUST-01318,  North America ,online,SKU-1017,Booster Pack,Trading Cards,1,152.40,0.00,cancelled,20
ORD-003215,2025-11-08 00:32:53,CUST-00255,EMEA,retail,SKU-1010,Signal Fire,Board Games,1,50.34,0.10,refunded,20
ORD-004060,04/14/2025,CUST-01618,LATAM,wholesale,SKU-1368,1000pc Coastline,Puzzles,2,27.09,0.00,refunded,7
ORD-003001,28-Feb-2025,CUST-01566,APAC,wholesale,SKU-1004,Hero Blister,Miniatures,2,$52.67,0.00,completed,21
ORD-004832,2025-08-27 07:15:16,CUST-01093,North America,online,SKU-1130,Bundle Case,Trading Cards,1,24.02,0.00,completed,11
ORD-004628,2025-10-30T03:09:50Z,CUST-01302,North America,  partner ,SKU-1031,1000pc Coastline,Puzzles,1,27.16,0.00,refunded,11
ORD-000402,02/26/2026,CUST-00673,LATAM,wholesale,SKU-1191,Castle Siege,Board Games,5,34.93,0.00,completed,19
ORD-003438,2025-12-07 23:26:24,CUST-01178,EMEA,wholesale,SKU-1153,Castle Siege,Board Games,4,$75.78,0.00,cancelled,2
ORD-001288,2025-12-17 11:00:15,CUST-01717,LATAM,partner,SKU-1220,Dice Set,Accessories,12,6.00,0.00,refunded,16
ORD-003503,06/25/2026,CUST-01377,EMEA,partner,SKU-1126,Season Pass,digital,1,11.57,0.00,pending,6
ORD-001048,07-Jun-2026,CUST-01309,LATAM,retail,SKU-1083,Harvest Moon Valley,BOARD GAMES,3,79.39,0.00,pending,13
ORD-001989,2025-05-07 03:25:14,CUST-01037,APAC,online,SKU-1077,Paint Set,Miniatures,2,26.49,0.00,pending,13
ORD-000941,2025-10-11 14:33:28,CUST-01504,APAC,wholesale,SKU-1119,Terrain Kit,Miniatures,1,20.86,0.00,completed,17
ORD-000230,2026-04-04 17:19:47,CUST-00139,LATAM,partner,SKU-1171,Terrain Kit,Miniatures,2,139.40,0.00,completed,4
ORD-003611,13-Nov-2025,CUST-00057,APAC,partner,SKU-1048,Cosmetic Bundle,Digital,2,21.33,0.00,cancelled,2
ORD-002891,2025-09-06 11:51:12,CUST-01299,APAC,RETAIL,SKU-1349,Hero Blister,Miniatures,1,113.82,0.05,completed,14
ORD-004346,2025-11-04 17:53:51,CUST-00098,LATAM,online,SKU-1094,2000pc Star Chart,Puzzles,2,30.10,0.00,completed,19
ORD-004132,2026-05-03 15:16:39,CUST-00114,LATAM,wholesale,SKU-1284,Cosmetic Bundle,Digital,2,33.32,0.00,cancelled,5
ORD-002921,2026-04-22 02:18:26,CUST-01799,North America,wholesale,SKU-1282,Deck Box,Accessories,1,38.19,0.00,pending,20
ORD-004275,2025-06-07 10:49:01,CUST-00388,APAC,wholesale,SKU-1269,Signal Fire,Board Games,3,29.93,0.00,refunded,18
ORD-000462,06/25/2025,CUST-00769,LATAM,retail,SKU-1169,Collector Box,Trading Cards,3,92.86,0.00,cancelled,16
ORD-004749,2025-06-25T11:49:01Z,CUST-00122,north america,online,SKU-1011,Booster Pack,Trading Cards,3,245.68,0.00,cancelled,19
ORD-004219,25-Mar-2025,CUST-00099,EMEA,partner,SKU-1342,Expansion Key,Digital,2,36.90,0.00,cancelled,15
ORD-001998,11/25/2025,CUST-01652,North America,RETAIL,SKU-1150,2000pc Star Chart,Puzzles,2,33.18,0.00,pending,12
ORD-003684,01/05/2025,CUST-00729,North America,wholesale,SKU-1058,1000pc Coastline,Puzzles,1,19.52,0.00,completed,16
ORD-001769,2025-08-30 04:46:47,CUST-01499,EMEA,wholesale,SKU-1392,Promo Tin,Trading Cards,1,193.47,0.00,pending,18
ORD-001928,02/01/2026,CUST-00274,North America,retail,SKU-1269,Dice Set,Accessories,1,32.14,0.00,cancelled,14
ORD-002729,2025-02-26 17:48:26,CUST-01520,APAC,online,SKU-1353,Expansion Key,Digital,2,25.21,0.15,pending,13
ORD-000896,03/03/2025,,APAC,partner,SKU-1350,Starter Deck,Trading Cards,2,183.74,0.00,refunded,3
ORD-003241,2025-05-15 01:14:05,CUST-00865,APAC,wholesale,SKU-1032,Terrain Kit,Miniatures,8,144.47,0.10,pending,6
ORD-004450,04-Feb-2025,CUST-01066,LATAM,online,SKU-1306,Starter Deck,Trading Cards,1,127.93,0.05,pending,9
ORD-004702,2025-10-15 14:05:12,CUST-01061,LATAM,wholesale,SKU-1201,Playmat,Accessories,1,25.47,0.00,pending,14
ORD-002767,05/04/2025,CUST-01659,North America,RETAIL,SKU-1355,Playmat,Accessories,2,12.06,0.00,pending,7
ORD-001802,2025-01-22 06:08:01,CUST-00672,North America,online,SKU-1254,Bundle Case,Trading Cards,8,230.56,0.00,pending,17
ORD-001553,2025-12-18 21:12:15,CUST-00303,APAC,retail,SKU-1190,Cosmetic Bundle,Digital,1,8.61,0.00,completed,2
ORD-001855,2025-10-09 04:48:38,CUST-00144,APAC,wholesale,SKU-1110,Harvest Moon Valley,Board Games,1,45.84,0.15,refunded,17
ORD-002543,2025-06-25 02:38:47,CUST-00396,APAC,retail,SKU-1205,Expansion Key,Digital,1,8.31,0.00,cancelled,21
ORD-001798,2025-05-13 21:20:02,CUST-00719,APAC,  partner ,SKU-1107,Deck Box,accessories,1,37.49,0.00,refunded,3
ORD-001231,2025-08-19 22:47:59,CUST-00866,North America,partner,SKU-1312,Collector Box,  Trading Cards ,2,214.00,0.00,completed,5
ORD-003395,2025-01-24 11:43:57,CUST-00548,APAC,online,SKU-1135,Cosmetic Bundle,Digital,1,24.42,0.15,completed,1
ORD-000340,10-Apr-2025,CUST-01052,APAC,online,SKU-1130,Expansion Key,Digital,4,2.00,0.00,pending,12
ORD-002122,2025-09-23 06:34:39,CUST-00135,  North America ,retail,SKU-1201,Card Sleeves,Accessories,2,7.53,0.00,completed,21
ORD-004586,2025-01-18 15:39:18,CUST-00368,North America,wholesale,SKU-1102,Expansion Key,Digital,3,38.01,0.00,completed,12
ORD-000911,2026-05-14 04:17:43,CUST-01026,emea,partner,SKU-1244,Starter Deck,Trading Cards,1,20.12,0.15,completed,14
ORD-000212,2025-05-20 11:07:13,CUST-00931,emea,wholesale,SKU-1164,1000pc Coastline,Puzzles,3,23.87,0.00,completed,3
ORD-003097,2026-06-15 02:09:41,CUST-00818,EMEA,WHOLESALE,SKU-1213,Trade Winds,Board Games,1,$15.81,0.10,completed,9
ORD-004939,2025-09-05 12:04:56,CUST-01561,EMEA,retail,SKU-1114,Castle Siege,Board Games,5,42.89,0.00,cancelled,8
ORD-001660,2025-05-08 17:12:38,CUST-01342,APAC,partner,SKU-1336,Terrain Kit,Miniatures,2,125.97,0.00,pending,5
ORD-001585,2025-07-22 07:21:42,CUST-01443,APAC,wholesale,SKU-1023,Season Pass,Digital,1,35.80,0.00,cancelled,20
ORD-003634,2025-10-11 04:58:38,CUST-00964,LATAM,retail,SKU-1392,Deck Box,Accessories,1,27.65,0.00,refunded,9
ORD-001913,2025-08-03T09:15:44Z,CUST-01602,LATAM,retail,SKU-1324,Playmat,Accessories,1,$28.21,0.00,completed,1
ORD-003594,11/08/2025,CUST-01415,LATAM,retail,SKU-1146,Warband Set,Miniatures,2,87.01,0.15,refunded,13
ORD-002912,10/13/2025,CUST-00629,North America,wholesale,SKU-1128,Deck Box,Accessories,1,23.59,0.00,cancelled,10
ORD-000100,2026-05-01 18:30:34,CUST-00836,APAC,wholesale,SKU-1223,Collector Box,Trading Cards,5,9.05,0.00,completed,17
ORD-003532,05/18/2025,CUST-00389,APAC,online,SKU-1014,Terrain Kit,Miniatures,5,$38.45,0.00,cancelled,17
ORD-003184,2026-04-07 22:00:35,CUST-00667,APAC,retail,SKU-1345,Playmat,Accessories,5,$24.55,0.00,pending,14
ORD-000371,2025-12-26 17:00:01,CUST-00216,EMEA,retail,SKU-1270,Season Pass,Digital,1,7.67,0.00,refunded,2
ORD-000638,2026-05-25 06:20:28,CUST-00006,APAC,wholesale,SKU-1241,Cosmetic Bundle,Digital,3,1.30,0.10,refunded,16
ORD-004078,22-May-2025,,apac,online,SKU-1130,1000pc Coastline,Puzzles,1,24.14,0.00,pending,3
ORD-004588,2025-12-04 04:06:01,CUST-01090,APAC,wholesale,SKU-1284,Season Pass,Digital,1,57.26,0.00,pending,6
ORD-000526,16-May-2026,CUST-01387,latam,  wholesale ,SKU-1249,Season Pass,Digital,4,56.96,0.20,refunded,11
ORD-003944,01/14/2025,CUST-00908,EMEA,retail,SKU-1381,500pc Night Market,Puzzles,1,25.72,0.00,cancelled,7
ORD-001297,2025-03-26 13:50:37,CUST-01704,  APAC ,partner,SKU-1230,Paint Set,Miniatures,2,88.54,0.00,cancelled,5
ORD-003188,2025-10-15 09:24:55,CUST-00488,LATAM,online,SKU-1174,Bundle Case,TRADING CARDS,3,93.47,0.00,completed,19
ORD-004997,01/25/2025,CUST-00518,LATAM,partner,SKU-1191,Warband Set,Miniatures,1,125.24,0.00,pending,9
ORD-000936,2025-01-24 08:50:31,CUST-01081,latam,wholesale,SKU-1011,Card Sleeves,Accessories,12,14.92,0.00,completed,14
ORD-000649,2026-06-21 16:44:36,CUST-00051,LATAM,wholesale,SKU-1168,Card Sleeves,Accessories,1,35.30,0.00,completed,19
ORD-000175,10/29/2025,CUST-01008,APAC,wholesale,SKU-1195,Collector Box,Trading Cards,1,236.50,0.00,cancelled,2
ORD-001814,2025-01-28 07:30:55,CUST-01571,North America,retail,SKU-1355,1000pc Coastline,Puzzles,1,26.12,0.00,cancelled,1
ORD-004521,30-Nov-2025,CUST-00535,EMEA,partner,SKU-1317,1000pc Coastline,Puzzles,1,27.53,0.00,cancelled,6
ORD-000067,2025-03-26 22:35:20,CUST-01409,North America,wholesale,SKU-1162,Paint Set,miniatures,5,39.34,0.20,completed,3
ORD-002237,01/17/2026,,APAC,wholesale,SKU-1366,Dice Set,Accessories,1,$23.77,0.20,cancelled,14
ORD-001664,2026-01-28 09:12:26,CUST-00889,LATAM,PARTNER,SKU-1342,Booster Pack,Trading Cards,2,36.63,0.05,refunded,9
ORD-001043,2025-03-19 14:44:22,CUST-00843,APAC,partner,SKU-1040,Paint Set,  Miniatures ,1,29.90,0.00,completed,16
ORD-000290,07/15/2025,CUST-01075,North America,partner,SKU-1003,Starter Deck,trading cards,3,200.19,0.00,completed,18
ORD-002575,2026-02-01 21:27:14,CUST-00688,LATAM,wholesale,SKU-1305,Terrain Kit,miniatures,1,54.52,0.00,completed,4
ORD-002798,06/02/2025,CUST-01591,  APAC ,partner,SKU-1280,1000pc Coastline,Puzzles,8,17.56,0.00,completed,3
ORD-002246,2025-07-01 11:49:43,CUST-00688,North America,retail,SKU-1200,Cosmetic Bundle,Digital,1,27.00,0.00,completed,18
ORD-004953,2026-02-26 20:51:42,CUST-00975,EMEA,PARTNER,SKU-1040,Hero Blister,Miniatures,5,$110.60,0.00,pending,7
ORD-004941,2026-01-25 02:23:31,CUST-01085,LATAM,partner,SKU-1396,Dice Set,Accessories,1,39.83,0.00,cancelled,5
ORD-001136,2026-01-12T18:40:07Z,CUST-01176,North America,online,SKU-1398,Dice Set,Accessories,3,24.55,0.00,pending,7
ORD-003417,2026-06-06 20:52:50,CUST-00183,North America,partner,SKU-1023,500pc Night Market,Puzzles,1,23.20,0.00,refunded,10
ORD-003572,06/22/2026,CUST-01028,LATAM,wholesale,SKU-1215,Deck Box,Accessories,2,12.90,0.00,refunded,11
ORD-002884,2026-01-15T11:01:31Z,CUST-00898,,retail,SKU-1213,Season Pass,Digital,1,7.79,0.00,cancelled,19
ORD-003356,2025-01-08 09:02:26,CUST-01138,APAC,partner,SKU-1285,Card Sleeves,Accessories,1,26.88,0.00,refunded,20
ORD-003652,18-Feb-2025,CUST-00384,emea,retail,SKU-1337,Hero Blister,Miniatures,2,35.91,0.00,pending,10
ORD-001697,2025-02-08 09:09:42,CUST-00984,North America,retail,SKU-1195,Hero Blister,  Miniatures ,1,$64.47,0.00,completed,16
ORD-004892,2025-06-11 09:35:19,CUST-00880,APAC,retail,SKU-1086,Terrain Kit,Miniatures,5,133.64,0.10,cancelled,1
ORD-003840,05/22/2025,CUST-00543,LATAM,online,SKU-1278,500pc Night Market,Puzzles,1,17.34,0.00,cancelled,18
ORD-002096,05/14/2025,CUST-01250,APAC,partner,SKU-1300,Expansion Key,DIGITAL,4,31.34,0.00,cancelled,3
ORD-003382,2026-05-05 23:59:30,CUST-01160,LATAM,retail,SKU-1063,Terrain Kit,Miniatures,1,122.60,0.15,cancelled,1
ORD-001752,05-Jan-2026,CUST-00060,APAC,online,SKU-1194,Expansion Key,Digital,2,26.08,0.00,refunded,19
ORD-002941,2025-08-10 00:12:31,CUST-01047,LATAM,  online ,SKU-1168,500pc Night Market,  Puzzles ,2,19.81,0.00,refunded,17
ORD-004944,04/30/2026,CUST-00828,APAC,partner,SKU-1368,Expansion Key,Digital,1,29.88,0.05,cancelled,13
ORD-003007,2025-10-31 11:41:57,CUST-00548,EMEA,partner,SKU-1373,Booster Pack,Trading Cards,2,180.68,0.00,pending,4
ORD-000682,2025-07-20 11:00:27,CUST-01266,North America,retail,SKU-1391,Season Pass,DIGITAL,1,19.49,0.00,refunded,3
ORD-001787,12/21/2025,CUST-01495,NORTH AMERICA,online,SKU-1310,Bundle Case,trading cards,2,221.94,0.15,completed,3
ORD-000905,23-Aug-2025,CUST-00857,north america,partner,SKU-1315,Cosmetic Bundle,DIGITAL,4,39.94,0.00,completed,13
ORD-001256,2026-06-29T19:46:21Z,CUST-01167,North America,online,SKU-1092,Terrain Kit,Miniatures,1,137.03,0.00,cancelled,7
ORD-000667,2025-12-11 04:15:15,CUST-01734,NORTH AMERICA,partner,SKU-1028,Harvest Moon Valley,Board Games,2,45.48,0.00,refunded,13
ORD-002645,2025-10-24 17:21:13,CUST-00403,EMEA,PARTNER,SKU-1396,1000pc Coastline,Puzzles,2,14.31,0.00,refunded,20
ORD-003995,2025-02-13T11:13:10Z,CUST-01774,APAC,online,SKU-1143,Starter Deck,  Trading Cards ,2,102.74,0.20,refunded,13
ORD-003729,01/18/2026,CUST-01678,APAC,wholesale,SKU-1080,Collector Box,Trading Cards,8,186.30,0.00,pending,12
ORD-000704,2025-08-20 03:46:53,CUST-00186,APAC,online,SKU-1009,Terrain Kit,Miniatures,1,$49.43,0.00,pending,14
ORD-002247,2025-10-13T05:05:15Z,CUST-00500,LATAM,online,SKU-1145,Playmat,accessories,2,25.85,0.00,pending,12
ORD-000481,2025-09-11 11:33:22,CUST-00179,EMEA,RETAIL,SKU-1145,Deck Box,Accessories,1,14.20,0.00,pending,15
ORD-000461,2025-05-25 10:08:47,CUST-00904,emea,retail,SKU-1062,Dice Set,Accessories,4,6.25,0.00,completed,3
ORD-000601,31-Mar-2026,CUST-00195,LATAM,wholesale,SKU-1189,1000pc Coastline,Puzzles,1,32.82,0.00,pending,2
ORD-001427,2025-02-13 10:01:49,CUST-01734,APAC,retail,SKU-1122,Playmat,Accessories,3,21.63,0.00,completed,11
ORD-000223,11/05/2025,CUST-01352,EMEA,wholesale,SKU-1090,Trade Winds,BOARD GAMES,1,27.90,0.00,pending,9
ORD-001205,2025-05-10 16:36:00,CUST-00612,EMEA,wholesale,SKU-1308,Terrain Kit,  Miniatures ,1,127.44,0.00,cancelled,11
ORD-002009,2025-03-07 06:22:21,CUST-00715,LATAM,online,SKU-1368,500pc Night Market,Puzzles,3,21.22,0.10,refunded,12
ORD-002340,04/14/2026,CUST-00449,APAC,partner,SKU-1323,Expansion Key,Digital,4,57.88,0.00,pending,20
ORD-004053,2026-04-23 05:49:58,CUST-00117,LATAM,retail,SKU-1247,Playmat,Accessories,-1,8.46,0.05,pending,5
ORD-002113,10-Oct-2025,CUST-00770,EMEA,online,SKU-1314,Warband Set,Miniatures,2,96.62,0.00,pending,13
ORD-003890,09-Nov-2025,CUST-01360,EMEA,retail,SKU-1275,1000pc Coastline,Puzzles,3,21.30,0.05,completed,11
ORD-000540,13-Jun-2026,CUST-00215,APAC,online,SKU-1281,Warband Set,Miniatures,1,66.55,0.00,completed,2
ORD-003386,2026-01-04 22:45:28,CUST-01420,EMEA,online,SKU-1343,Terrain Kit,Miniatures,1,139.57,0.00,pending,4
ORD-002772,2025-10-21 07:37:39,CUST-01596,EMEA,online,SKU-1109,Expansion Key,Digital,2,55.10,0.00,cancelled,6
ORD-000520,2025-01-17 10:45:50,CUST-01462,LATAM,WHOLESALE,SKU-1069,500pc Night Market,  Puzzles ,1,14.86,0.00,pending,17
ORD-002839,2025-11-14 04:46:42,CUST-01116,NORTH AMERICA,online,SKU-1008,Promo Tin,Trading Cards,2,204.10,0.05,pending,1
ORD-003568,02/12/2026,CUST-01558,North America,wholesale,SKU-1317,2000pc Star Chart,PUZZLES,1,25.71,0.10,cancelled,7
ORD-003659,12/30/2025,CUST-01765,LATAM,retail,SKU-1179,Warband Set,Miniatures,5,110.28,0.10,pending,17
ORD-004711,2025-03-25 21:15:44,CUST-00441,  North America ,WHOLESALE,SKU-1282,Promo Tin,TRADING CARDS,2,215.16,0.00,cancelled,20
ORD-003675,2026-04-28 13:08:18,CUST-00530,North America,online,SKU-1124,Paint Set,Miniatures,2,64.96,0.00,cancelled,14
ORD-003910,2025-11-07 14:34:43,CUST-00116,  APAC ,wholesale,SKU-1009,Warband Set,MINIATURES,3,66.15,0.00,cancelled,4
ORD-001983,2026-06-28 21:28:40,CUST-01096,North America,wholesale,SKU-1075,500pc Night Market,Puzzles,1,26.87,0.00,completed,17
ORD-000380,03/11/2026,CUST-00784,APAC,online,SKU-1021,Hero Blister,Miniatures,1,57.71,0.00,completed,13
ORD-001177,03-Apr-2026,CUST-00347,APAC,  retail ,SKU-1039,Expansion Key,Digital,2,47.60,0.00,pending,8
ORD-004445,2025-12-30 15:01:43,CUST-00230,APAC,partner,SKU-1032,Cosmetic Bundle,Digital,3,44.27,0.25,cancelled,5
ORD-002954,2025-04-11 01:25:35,CUST-00980,latam,wholesale,SKU-1314,Warband Set,miniatures,1,37.51,0.10,completed,20
ORD-001217,05/28/2026,CUST-00082,EMEA,online,SKU-1033,2000pc Star Chart,Puzzles,1,15.88,0.00,completed,13
ORD-001081,2026-03-12 12:15:16,CUST-00707,  EMEA ,online,SKU-1326,2000pc Star Chart,Puzzles,5,15.51,0.15,completed,20
ORD-000972,2025-01-11 15:42:18,CUST-01749,LATAM,partner,SKU-1164,Warband Set,miniatures,3,61.44,0.00,refunded,8
ORD-004138,06/16/2026,CUST-01020,APAC,partner,SKU-1227,Card Sleeves,ACCESSORIES,1,39.06,0.00,completed,7
ORD-001588,2026-06-07 17:39:55,CUST-01476,North America,partner,SKU-1024,Deck Box,Accessories,1,$9.15,0.00,cancelled,4
ORD-003162,06/03/2025,CUST-00875,LATAM,online,SKU-1356,Playmat,Accessories,2,8.68,0.05,pending,14
ORD-001277,2026-05-14 21:22:55,CUST-00913,EMEA,partner,SKU-1011,Bundle Case,Trading Cards,2,11.63,0.00,cancelled,8
ORD-001173,07/09/2025,CUST-00808,EMEA,partner,SKU-1088,2000pc Star Chart,Puzzles,1,20.20,0.15,pending,5
ORD-001313,2025-02-24 15:16:27,CUST-00896,  North America ,partner,SKU-1053,Harvest Moon Valley,Board Games,1,22.36,0.00,pending,10
ORD-001314,04/12/2025,CUST-00117,APAC,online,SKU-1023,500pc Night Market,puzzles,2,11.95,0.15,refunded,14
ORD-000024,09/25/2025,CUST-00041,EMEA,online,SKU-1044,Warband Set,Miniatures,4,69.46,0.00,pending,8
ORD-004537,2025-03-25 21:16:00,CUST-01276,EMEA,wholesale,SKU-1010,500pc Night Market,Puzzles,5,15.44,0.20,cancelled,9
ORD-001364,01/26/2025,CUST-01179,latam,PARTNER,SKU-1115,Season Pass,Digital,1,15.96,0.15,pending,7
ORD-002847,02/20/2026,CUST-00216,APAC,wholesale,SKU-1272,Signal Fire,Board Games,2,19.08,0.05,completed,21
ORD-000654,2025-12-18 19:03:45,CUST-00686,EMEA,online,SKU-1339,Dice Set,Accessories,1,10.40,0.00,completed,4
ORD-003838,06/04/2025,CUST-00861,North America,partner,SKU-1076,Playmat,Accessories,5,26.05,0.20,refunded,16
ORD-001353,2025-08-08 18:57:11,CUST-01570,APAC,partner,SKU-1311,Deck Box,ACCESSORIES,8,20.44,0.20,cancelled,11
ORD-000489,2026-01-05T17:19:25Z,CUST-01761,North America,online,SKU-1029,Hero Blister,Miniatures,1,71.99,0.00,refunded,13
ORD-001106,05/07/2026,CUST-00459,  EMEA ,retail,SKU-1219,2000pc Star Chart,puzzles,1,16.72,0.00,completed,17
ORD-002861,2025-05-11 19:14:22,CUST-00711,  APAC ,,SKU-1181,2000pc Star Chart,Puzzles,2,24.29,0.25,pending,1
ORD-000878,2026-01-06 16:31:27,CUST-00514,EMEA,partner,SKU-1304,2000pc Star Chart,Puzzles,2,31.55,0.00,refunded,10
ORD-003554,2025-06-12 12:00:09,CUST-01575,North America,wholesale,SKU-1269,Season Pass,Digital,2,22.40,0.00,refunded,4
ORD-002754,2025-05-18 19:50:12,CUST-01175,EMEA,ONLINE,SKU-1002,Terrain Kit,Miniatures,2,36.36,0.05,refunded,17
ORD-003280,2026-03-21 12:30:24,CUST-01430,APAC,wholesale,SKU-1246,Warband Set,Miniatures,3,129.57,0.00,cancelled,19
ORD-001890,2026-04-03 15:20:38,CUST-00915,LATAM,wholesale,SKU-1392,Warband Set,Miniatures,4,83.71,0.00,pending,7
ORD-004758,27-Jan-2025,CUST-01763,APAC,  online ,SKU-1346,Deck Box,Accessories,2,13.39,0.20,pending,13
ORD-003193,2025-12-01 14:43:27,CUST-00266,NORTH AMERICA,wholesale,SKU-1296,Deck Box,Accessories,1,12.99,0.00,completed,15
ORD-001810,2026-03-14 00:22:20,CUST-00837,APAC,partner,SKU-1256,2000pc Star Chart,PUZZLES,5,25.43,0.00,pending,11
ORD-003897,2025-06-10 23:11:16,CUST-00998,  LATAM ,online,SKU-1395,Card Sleeves,Accessories,12,38.10,0.10,pending,11
ORD-004789,26-Dec-2025,CUST-00567,LATAM,partner,SKU-1275,Paint Set,Miniatures,2,99.71,0.00,pending,12
ORD-002507,2025-07-17 07:20:43,CUST-00630,APAC,wholesale,SKU-1338,1000pc Coastline,Puzzles,3,28.15,0.15,pending,18
ORD-004986,2025-11-03 11:15:58,CUST-01451,LATAM,wholesale,SKU-1282,Playmat,Accessories,1,15.12,0.00,cancelled,15
ORD-000948,2025-03-31T05:41:40Z,CUST-00144,LATAM,  wholesale ,SKU-1391,Terrain Kit,miniatures,1,105.38,0.00,completed,6
ORD-004587,05/20/2025,CUST-00123,North America,wholesale,SKU-1251,2000pc Star Chart,Puzzles,1,30.51,0.00,cancelled,21
ORD-003233,07/26/2025,CUST-00112,North America,retail,SKU-1398,Terrain Kit,miniatures,1,38.01,0.00,refunded,7
ORD-003604,10-Jul-2025,CUST-01387,North America,  retail ,SKU-1091,Bundle Case,Trading Cards,8,230.50,0.00,pending,4
ORD-002158,2026-05-30 04:00:31,CUST-00946,North America,partner,SKU-1374,Promo Tin,trading cards,1,48.81,0.00,refunded,15
ORD-003562,04/29/2026,CUST-00138,  North America ,online,SKU-1175,Playmat,accessories,1,11.61,0.25,pending,21
ORD-001120,2025-01-05 14:59:38,CUST-01352,North America,  online ,SKU-1161,500pc Night Market,Puzzles,4,33.62,0.15,cancelled,20
ORD-004185,2026-02-17 14:40:54,CUST-00177,North America,online,SKU-1146,Terrain Kit,Miniatures,-2,112.29,0.15,completed,9
ORD-003556,2025-12-02 02:12:43,CUST-01261,LATAM,online,SKU-1068,Playmat,  Accessories ,2,7.25,0.00,refunded,1
ORD-002899,2025-07-01 05:54:33,CUST-00657,North America,partner,SKU-1024,Collector Box,Trading Cards,8,126.14,0.00,pending,17
ORD-004206,2025-10-27 13:50:48,CUST-00237,EMEA,wholesale,SKU-1399,2000pc Star Chart,PUZZLES,1,11.03,0.10,pending,6
ORD-001446,2025-11-03 05:16:01,CUST-00185,APAC,wholesale,SKU-1277,Deck Box,  Accessories ,3,6.55,0.25,completed,5
ORD-002074,11-Sep-2025,CUST-00468,North America,partner,SKU-1008,Castle Siege,Board Games,1,69.72,0.00,refunded,4
ORD-000144,2026-02-22 03:06:53,CUST-00775,APAC,retail,SKU-1212,500pc Night Market,Puzzles,1,23.70,0.00,completed,17
ORD-000652,2025-09-28 20:34:42,CUST-00673,North America,online,SKU-1281,Expansion Key,  Digital ,1,33.78,0.10,refunded,15
ORD-000277,12/21/2025,CUST-00274,APAC,retail,SKU-1364,Season Pass,Digital,1,$6.54,0.10,cancelled,3
ORD-001055,12/28/2025,CUST-01431,LATAM,online,SKU-1038,Expansion Key,DIGITAL,1,29.98,0.00,pending,14
ORD-003616,02/24/2025,CUST-00580,EMEA,wholesale,SKU-1147,Dungeon Delve,Board Games,2,25.63,0.00,cancelled,12
ORD-004982,2025-09-09 22:38:35,CUST-01295,APAC,retail,SKU-1180,2000pc Star Chart,Puzzles,-1,23.76,0.00,refunded,17
ORD-001110,01/12/2026,CUST-00722,LATAM,retail,SKU-1392,Hero Blister,Miniatures,1,146.04,0.10,cancelled,9
ORD-004316,2025-08-09 03:57:44,CUST-01703,,retail,SKU-1383,Cosmetic Bundle,Digital,2,35.41,0.00,completed,4
ORD-003468,2025-06-30 19:33:18,CUST-00507,emea,online,SKU-1024,Starter Deck,Trading Cards,2,8.67,0.00,cancelled,15
ORD-004032,2026-03-08 08:56:54,CUST-01279,EMEA,wholesale,SKU-1142,Harvest Moon Valley,Board Games,2,39.32,0.00,refunded,21
ORD-001618,2025-11-05T06:35:43Z,CUST-00677,APAC,retail,SKU-1244,1000pc Coastline,Puzzles,2,18.51,0.00,cancelled,3
ORD-004513,2025-11-13T04:10:49Z,CUST-01619,EMEA,partner,SKU-1070,Starter Deck,  Trading Cards ,2,226.49,0.00,cancelled,17
ORD-003426,01/11/2026,CUST-01052,EMEA,online,SKU-1315,Card Sleeves,Accessories,2,$29.98,0.00,cancelled,21
ORD-002725,2026-06-04 00:20:12,CUST-00146,LATAM,partner,SKU-1383,500pc Night Market,Puzzles,4,15.70,0.20,cancelled,5
ORD-001803,2025-07-23 05:50:59,CUST-00510,EMEA,retail,SKU-1315,Deck Box,Accessories,5,21.08,0.00,completed,
ORD-004820,2025-02-12T22:27:00Z,CUST-00804,EMEA,retail,SKU-1227,Dungeon Delve,  Board Games ,2,73.27,0.00,completed,9
ORD-002602,2025-11-15 22:55:22,CUST-00273,North America,  retail ,SKU-1099,Paint Set,Miniatures,-1,62.58,0.00,pending,3
ORD-003796,2025-04-07 20:42:02,CUST-00276,EMEA,  online ,SKU-1326,Harvest Moon Valley,BOARD GAMES,4,72.74,0.15,pending,11
ORD-002098,2026-04-16 01:08:39,CUST-00808,LATAM,retail,SKU-1047,Card Sleeves,Accessories,2,24.87,0.00,refunded,11
ORD-003155,2026-05-24 20:48:32,CUST-01322,LATAM,partner,SKU-1073,Expansion Key,Digital,1,22.71,0.00,cancelled,11
ORD-001560,2025-12-10T00:30:57Z,CUST-00212,APAC,wholesale,SKU-1265,Warband Set,Miniatures,1,61.29,0.05,completed,20
ORD-001562,11/15/2025,CUST-00594,,retail,SKU-1169,Deck Box,Accessories,2,25.45,0.00,cancelled,11
ORD-000070,2025-01-04 11:19:34,CUST-00779,APAC,partner,SKU-1140,Season Pass,Digital,2,$32.47,0.00,refunded,4
ORD-003373,2026-05-22 22:38:41,CUST-00064,North America,wholesale,SKU-1230,Playmat,accessories,1,19.97,0.00,completed,16
ORD-002064,05/02/2025,CUST-00154,North America,retail,SKU-1267,Starter Deck,Trading Cards,1,231.84,0.00,completed,2
ORD-000651,2025-03-03 16:55:01,CUST-01126,LATAM,partner,SKU-1384,Dice Set,Accessories,3,9.41,0.00,refunded,11
ORD-001818,2025-12-14 08:25:27,CUST-00797,North America,online,SKU-1162,Dice Set,Accessories,1,$36.56,0.00,completed,6
ORD-003563,14-Feb-2025,CUST-00381,latam,retail,SKU-1225,Warband Set,Miniatures,8,31.72,0.05,refunded,5
ORD-003338,2025-09-24 11:58:13,CUST-00678,APAC,retail,SKU-1125,Booster Pack,Trading Cards,2,198.67,0.00,pending,3
ORD-000047,2025-08-31 19:26:01,CUST-01558,APAC,wholesale,SKU-1099,Warband Set,Miniatures,4,80.44,0.20,cancelled,3
ORD-002100,2025-04-01 09:24:25,CUST-01359,LATAM,wholesale,SKU-1158,Dice Set,Accessories,1,37.14,0.00,cancelled,16
ORD-002788,2025-10-12 21:29:56,CUST-00502,EMEA,retail,SKU-1181,Promo Tin,Trading Cards,3,72.81,0.00,completed,11
ORD-003274,04/23/2025,CUST-00388,LATAM,wholesale,SKU-1273,Warband Set,Miniatures,1,120.21,0.00,pending,19
ORD-003201,10/07/2025,CUST-00994,APAC,partner,SKU-1076,Hero Blister,Miniatures,1,66.92,0.00,cancelled,17
ORD-003627,25-Jan-2026,CUST-00998,APAC,retail,SKU-1385,Playmat,Accessories,3,39.25,0.00,refunded,4
ORD-004914,05/10/2025,CUST-01393,APAC,online,SKU-1082,Paint Set,Miniatures,1,83.76,0.00,cancelled,5
ORD-000239,20-Apr-2026,CUST-00154,North America,online,SKU-1178,Castle Siege,Board Games,2,66.63,0.00,cancelled,10
ORD-003398,02/12/2025,CUST-01264,LATAM,wholesale,SKU-1067,Terrain Kit,Miniatures,2,110.69,0.25,cancelled,20
ORD-000796,2025-07-13 06:44:53,CUST-00048,  EMEA ,wholesale,SKU-1144,Card Sleeves,Accessories,3,36.23,0.00,completed,4
ORD-001743,05/15/2026,CUST-00653,EMEA,partner,SKU-1015,2000pc Star Chart,Puzzles,1,30.60,0.00,completed,14
ORD-004018,01/06/2025,CUST-00412,APAC,wholesale,SKU-1278,Signal Fire,board games,1,71.82,0.00,pending,17
ORD-004606,2025-10-09 18:08:54,CUST-00116,LATAM,partner,SKU-1016,Warband Set,MINIATURES,5,60.00,0.00,refunded,11
ORD-004069,2025-04-04 13:51:54,CUST-00704,LATAM,WHOLESALE,SKU-1109,500pc Night Market,Puzzles,3,17.87,0.00,refunded,13
ORD-000658,2026-06-04T14:50:36Z,CUST-01587,LATAM,online,SKU-1223,500pc Night Market,Puzzles,3,10.72,0.00,completed,2
ORD-002855,2025-07-31 14:17:50,CUST-00569,APAC,  partner ,SKU-1046,Hero Blister,Miniatures,2,50.71,0.00,cancelled,9
ORD-004259,07/24/2025,CUST-00623,north america,wholesale,SKU-1210,Dungeon Delve,Board Games,3,71.26,0.20,pending,15
ORD-000805,06/04/2025,CUST-01222,LATAM,partner,SKU-1185,Cosmetic Bundle,Digital,2,$55.70,0.00,cancelled,13
ORD-002106,2025-10-06 13:21:20,CUST-01126,North America,retail,SKU-1273,Harvest Moon Valley,board games,1,50.13,0.20,pending,12
ORD-001301,2025-02-28 10:18:27,CUST-01351,north america,online,SKU-1275,Deck Box,Accessories,2,$24.86,0.00,completed,6
ORD-001917,2026-05-16 03:10:47,CUST-00580,North America,RETAIL,SKU-1270,Cosmetic Bundle,  Digital ,4,56.25,0.25,cancelled,12
ORD-001587,2026-02-13 04:44:08,CUST-01572,LATAM,online,SKU-1225,Playmat,Accessories,12,17.10,0.00,cancelled,20
ORD-001853,2025-10-03 22:19:07,CUST-00400,LATAM,wholesale,SKU-1094,2000pc Star Chart,  Puzzles ,4,25.08,0.00,completed,6
ORD-002802,2025-05-26 09:51:40,CUST-01041,LATAM,wholesale,SKU-1314,Deck Box,Accessories,5,38.80,0.00,completed,4
ORD-002719,2025-03-15 14:03:18,CUST-01142,EMEA,partner,SKU-1111,Card Sleeves,Accessories,4,20.26,0.00,pending,19
ORD-002057,2025-11-08 21:09:54,CUST-01674,North America,partner,SKU-1256,500pc Night Market,Puzzles,3,25.49,0.00,cancelled,1
ORD-004307,2025-11-08 17:32:22,CUST-01260,North America,wholesale,SKU-1341,Season Pass,Digital,1,8.50,0.00,cancelled,19
ORD-001202,2026-06-05 08:28:41,CUST-01026,LATAM,partner,SKU-1251,Harvest Moon Valley,Board Games,4,59.19,0.20,pending,3
ORD-002033,16-Apr-2026,CUST-01144,EMEA,online,SKU-1078,Paint Set,Miniatures,2,117.97,0.15,refunded,21
ORD-001289,2025-08-05 12:10:41,CUST-00782,EMEA,WHOLESALE,SKU-1133,500pc Night Market,Puzzles,3,17.13,0.00,pending,20
ORD-003069,2026-03-29T17:12:30Z,CUST-00699,LATAM,online,SKU-1082,Trade Winds,Board Games,2,65.16,0.00,refunded,3
ORD-004299,19-Feb-2026,CUST-00730,LATAM,partner,SKU-1205,Dice Set,Accessories,4,36.18,0.05,completed,3
ORD-004514,01/21/2026,CUST-01296,LATAM,partner,SKU-1173,Paint Set,Miniatures,3,128.78,0.05,refunded,3
ORD-002976,09-May-2025,CUST-01475,  EMEA ,RETAIL,SKU-1338,Trade Winds,Board Games,12,33.64,0.00,pending,3
ORD-002868,2025-09-05 17:36:25,CUST-01064,,retail,SKU-1157,2000pc Star Chart,  Puzzles ,1,13.72,0.00,pending,16
ORD-002970,2026-02-06 19:33:16,CUST-00340,EMEA,retail,SKU-1129,Expansion Key,  Digital ,5,$25.51,0.00,completed,18
ORD-001571,2025-07-05 08:51:43,CUST-00240,North America,wholesale,SKU-1299,1000pc Coastline,puzzles,1,27.60,0.10,refunded,14
ORD-003524,2026-01-30 04:48:27,CUST-00148,North America,partner,SKU-1386,Warband Set,Miniatures,1,124.28,0.00,completed,7
ORD-002678,18-Jan-2026,CUST-00187,North America,online,SKU-1394,Terrain Kit,Miniatures,2,114.53,0.00,pending,3
ORD-000751,2025-03-08 05:48:56,CUST-00523,EMEA,wholesale,SKU-1168,Terrain Kit,Miniatures,4,124.99,0.00,cancelled,5
ORD-001629,07-Jun-2025,CUST-00741,LATAM,wholesale,SKU-1369,1000pc Coastline,Puzzles,2,17.31,0.00,completed,5
ORD-004573,2026-05-29 16:37:52,CUST-00639,LATAM,retail,SKU-1366,1000pc Coastline,Puzzles,3,17.10,0.00,cancelled,13
ORD-001023,2025-06-13 05:55:43,CUST-00166,North America,partner,SKU-1221,Collector Box,Trading Cards,5,163.62,0.00,cancelled,8
ORD-002712,2025-06-18 04:57:59,CUST-01270,APAC,online,SKU-1291,Harvest Moon Valley,BOARD GAMES,4,75.86,0.00,cancelled,3
ORD-001322,2026-02-05T21:48:38Z,CUST-01376,LATAM,wholesale,SKU-1235,Expansion Key,Digital,5,54.11,0.00,refunded,13
ORD-001665,2026-06-23 09:04:32,CUST-01432,LATAM,retail,SKU-1289,2000pc Star Chart,Puzzles,1,33.54,0.00,cancelled,10
ORD-003795,11/22/2025,CUST-01292,North America,retail,SKU-1141,2000pc Star Chart,Puzzles,1,27.76,0.00,completed,13
ORD-002778,2025-04-02 23:41:13,CUST-01762,APAC,wholesale,SKU-1297,500pc Night Market,Puzzles,2,34.14,0.00,pending,11
ORD-002068,2026-02-09T01:26:10Z,CUST-00781,APAC,  retail ,SKU-1337,Collector Box,Trading Cards,5,245.98,0.00,cancelled,12
ORD-000392,11/03/2025,CUST-00527,LATAM,partner,SKU-1252,Season Pass,Digital,2,11.90,0.00,completed,19
ORD-001358,2026-06-29 14:07:09,CUST-00858,North America,partner,SKU-1319,Playmat,Accessories,1,11.21,0.00,completed,14
ORD-002509,01-Dec-2025,CUST-01277,North America,retail,SKU-1238,Castle Siege,  Board Games ,2,49.21,0.10,refunded,6
ORD-001437,2025-09-16 14:33:57,CUST-00006,NORTH AMERICA,  wholesale ,SKU-1174,2000pc Star Chart,Puzzles,5,29.60,0.00,cancelled,17
ORD-003174,04/23/2026,CUST-01673,EMEA,online,SKU-1037,Trade Winds,  Board Games ,4,29.96,0.00,pending,19
ORD-000302,2026-05-03 12:55:25,CUST-01662,EMEA,retail,SKU-1105,Terrain Kit,Miniatures,1,130.81,0.00,pending,15
ORD-000696,2026-06-24 23:30:57,CUST-01500,APAC,partner,SKU-1332,Promo Tin,trading cards,2,192.50,0.15,completed,15
ORD-003015,2025-12-24 13:11:36,CUST-01800,EMEA,wholesale,SKU-1233,Expansion Key,Digital,3,17.37,0.10,cancelled,9
ORD-003032,2025-04-12 23:43:24,CUST-01254,LATAM,retail,SKU-1215,Signal Fire,Board Games,4,63.03,0.00,pending,8
ORD-003215,2025-11-08 00:32:53,CUST-00255,EMEA,retail,SKU-1010,Signal Fire,Board Games,1,50.34,0.10,refunded,20
ORD-002426,2025-02-27 10:10:03,CUST-00300,EMEA,online,SKU-1358,Starter Deck,Trading Cards,3,150.30,0.15,pending,16
ORD-003393,2025-01-14 00:43:28,CUST-00615,latam,retail,SKU-1147,Season Pass,Digital,2,18.94,0.00,refunded,18
ORD-000548,2025-10-16 02:53:42,CUST-00632,EMEA,online,SKU-1369,Castle Siege,Board Games,2,37.05,0.00,refunded,15
ORD-004868,01/06/2026,CUST-00157,North America,partner,SKU-1261,Playmat,ACCESSORIES,3,10.92,0.00,refunded,2
ORD-002692,2026-03-07 19:42:31,CUST-01458,APAC,online,SKU-1143,Warband Set,Miniatures,8,135.41,0.20,completed,16
ORD-001260,2025-10-15 00:40:32,CUST-00492,LATAM,online,SKU-1101,Warband Set,Miniatures,3,$57.89,0.15,pending,11
ORD-004490,2025-01-19T22:41:13Z,CUST-00756,North America,wholesale,SKU-1028,Playmat,Accessories,1,15.14,0.00,completed,10
ORD-003253,2025-05-15T21:05:28Z,CUST-01526,APAC,wholesale,SKU-1386,Paint Set,MINIATURES,5,87.18,0.00,refunded,6
ORD-002428,2025-06-11 18:45:58,CUST-01637,LATAM,online,SKU-1090,Expansion Key,Digital,1,10.84,0.25,cancelled,17
ORD-000300,01/29/2026,CUST-00388,North America,RETAIL,SKU-1333,Cosmetic Bundle,Digital,1,$8.96,0.00,pending,13
ORD-000838,03/13/2026,CUST-01660,APAC,partner,SKU-1042,Bundle Case,Trading Cards,1,171.13,0.00,cancelled,21
ORD-002791,21-Jan-2025,CUST-00828,EMEA,partner,SKU-1228,1000pc Coastline,puzzles,1,14.09,0.10,cancelled,21
ORD-004157,2026-02-03 20:47:29,CUST-01425,EMEA,partner,SKU-1265,Bundle Case,Trading Cards,2,141.45,0.25,refunded,14
ORD-002965,2025-10-03 11:53:36,CUST-00282,North America,retail,SKU-1244,Season Pass,Digital,1,45.60,0.00,completed,2
ORD-004300,2026-01-10 13:33:04,CUST-00641,APAC,retail,SKU-1149,Deck Box,Accessories,12,25.99,0.00,cancelled,9
ORD-004276,01/28/2025,CUST-00413,  APAC ,retail,SKU-1024,1000pc Coastline,Puzzles,2,$32.52,0.00,refunded,18
ORD-001053,2025-01-20T20:56:50Z,CUST-00995,APAC,online,SKU-1117,2000pc Star Chart,Puzzles,8,26.75,0.00,pending,11
ORD-003973,10/26/2025,CUST-01636,EMEA,retail,SKU-1007,Castle Siege,Board Games,2,34.18,0.15,refunded,10
ORD-004869,02/17/2026,CUST-00243,North America,partner,SKU-1311,Playmat,  Accessories ,3,15.90,0.05,refunded,6
ORD-000137,05/27/2025,CUST-01600,APAC,wholesale,SKU-1097,Dice Set,Accessories,12,35.88,0.10,cancelled,10
ORD-001246,2025-05-09 08:48:59,CUST-00399,north america,partner,SKU-1216,2000pc Star Chart,Puzzles,1,19.37,0.00,refunded,18
ORD-004263,02/15/2025,CUST-00257,APAC,online,SKU-1384,Cosmetic Bundle,Digital,5,51.89,0.00,pending,17
ORD-004136,2026-06-25 09:33:02,CUST-00330,APAC,PARTNER,SKU-1253,Signal Fire,Board Games,1,30.84,0.15,pending,15
ORD-003701,2025-08-11 04:12:55,CUST-00929,EMEA,  retail ,SKU-1297,Signal Fire,Board Games,5,29.08,0.20,pending,2
ORD-004344,2026-04-27 02:16:23,CUST-00555,APAC,online,SKU-1112,Hero Blister,Miniatures,2,66.36,0.25,refunded,13
ORD-002118,24-Oct-2025,CUST-00902,EMEA,online,SKU-1224,500pc Night Market,Puzzles,2,21.84,0.00,refunded,2
ORD-004423,07/11/2025,CUST-00832,APAC,wholesale,SKU-1042,Starter Deck,Trading Cards,1,87.46,0.15,refunded,3
ORD-004200,2025-10-18 14:54:12,CUST-01658,APAC,WHOLESALE,SKU-1001,2000pc Star Chart,Puzzles,8,22.26,0.00,pending,5
ORD-002161,2025-11-08 14:35:15,CUST-00754,LATAM,retail,SKU-1358,Starter Deck,  Trading Cards ,1,201.40,0.00,completed,21
ORD-001726,11-Sep-2025,CUST-01043,apac,online,SKU-1096,Booster Pack,TRADING CARDS,3,142.03,0.00,cancelled,11
ORD-003156,03/26/2026,CUST-01781,EMEA,online,SKU-1099,Starter Deck,Trading Cards,1,148.19,0.25,refunded,9
ORD-000181,2026-06-28 06:43:05,CUST-00550,LATAM,partner,SKU-1136,Paint Set,Miniatures,3,76.60,0.10,cancelled,16
ORD-004730,2025-02-09 15:38:33,CUST-00788,EMEA,partner,SKU-1068,Castle Siege,Board Games,2,58.64,0.00,pending,14
ORD-001180,2026-03-01 01:26:58,CUST-01062,North America,online,SKU-1334,Castle Siege,Board Games,1,28.94,0.00,refunded,9
ORD-001201,2025-04-05 20:01:51,CUST-00870,LATAM,wholesale,SKU-1128,500pc Night Market,Puzzles,1,21.58,0.00,completed,2
ORD-003615,2025-05-28 15:52:58,CUST-00053,  APAC ,online,SKU-1270,Dungeon Delve,Board Games,1,74.10,0.15,cancelled,8
ORD-003440,06/20/2026,CUST-00427,LATAM,wholesale,SKU-1022,Terrain Kit,Miniatures,3,67.82,0.00,refunded,12
ORD-001838,06/03/2026,CUST-00349,North America,retail,SKU-1292,1000pc Coastline,  Puzzles ,1,20.45,0.00,completed,20
ORD-001579,06/14/2025,CUST-00244,North America,retail,SKU-1226,Terrain Kit,Miniatures,2,96.33,0.00,completed,16
ORD-000765,01/19/2025,CUST-00309,LATAM,wholesale,SKU-1171,Paint Set,Miniatures,3,44.36,0.00,completed,11
ORD-002793,23-Jan-2025,CUST-01621,APAC,partner,SKU-1368,1000pc Coastline,Puzzles,3,24.77,0.00,pending,1
ORD-003969,2025-08-17 08:34:03,CUST-01691,LATAM,online,SKU-1131,Promo Tin,Trading Cards,1,127.66,0.00,cancelled,13
ORD-000222,2026-01-01 20:33:43,CUST-01607,EMEA,partner,SKU-1241,Paint Set,Miniatures,2,110.46,0.00,pending,10
ORD-002275,2026-02-12T18:27:10Z,CUST-01656,EMEA,online,SKU-1310,Hero Blister,  Miniatures ,3,127.17,0.00,pending,14
ORD-002609,2026-06-15 14:32:28,CUST-00256,EMEA,online,SKU-1135,500pc Night Market,Puzzles,2,20.83,0.00,refunded,19
ORD-002209,2026-06-01 15:34:14,CUST-00744,LATAM,partner,SKU-1223,1000pc Coastline,Puzzles,1,16.14,0.00,completed,21
ORD-001502,10/04/2025,CUST-01495,North America,wholesale,SKU-1303,Hero Blister,Miniatures,5,52.55,0.00,completed,18
ORD-001555,17-Mar-2025,CUST-00889,apac,wholesale,SKU-1027,Hero Blister,Miniatures,2,$145.03,0.15,completed,6
ORD-003549,30-Mar-2025,CUST-00545,EMEA,  retail ,SKU-1283,2000pc Star Chart,PUZZLES,1,11.16,0.10,pending,14
ORD-003805,2026-03-08 07:56:05,CUST-00167,North America,online,SKU-1248,Card Sleeves,Accessories,2,30.20,0.00,completed,4
ORD-004918,2025-05-18 17:00:14,CUST-01232,APAC,partner,SKU-1273,Expansion Key,Digital,2,35.87,0.00,refunded,20
ORD-002734,2025-04-02 01:35:35,CUST-01584,LATAM,wholesale,SKU-1062,Deck Box,  Accessories ,2,37.05,0.00,cancelled,8
ORD-002505,2026-01-02 04:17:17,CUST-01140,North America,wholesale,SKU-1145,2000pc Star Chart,Puzzles,1,17.93,0.10,refunded,2
ORD-000930,05-Aug-2025,CUST-00479,APAC,partner,SKU-1292,Paint Set,Miniatures,1,79.59,0.10,pending,16
ORD-000697,2026-02-26 20:12:59,CUST-01269,LATAM,retail,SKU-1069,Dungeon Delve,Board Games,1,41.52,0.00,pending,2
ORD-002016,2026-03-23 04:37:29,CUST-00008,EMEA,partner,SKU-1302,Paint Set,Miniatures,2,96.63,0.00,cancelled,12
ORD-001959,2025-06-04 03:16:49,CUST-00821,EMEA,wholesale,SKU-1295,Card Sleeves,Accessories,3,16.38,0.25,cancelled,11
ORD-004806,2025-05-17 04:59:36,CUST-00763,LATAM,partner,SKU-1218,Signal Fire,Board Games,3,26.10,0.00,pending,12
ORD-001142,14-Aug-2025,CUST-01427,EMEA,RETAIL,SKU-1279,2000pc Star Chart,Puzzles,2,20.46,0.00,cancelled,9
ORD-004475,18-Apr-2025,CUST-01116,North America,PARTNER,SKU-1137,Hero Blister,Miniatures,2,43.87,0.15,pending,3
ORD-004846,2025-12-27 12:45:45,CUST-00660,emea,retail,SKU-1263,Collector Box,trading cards,4,117.23,0.00,refunded,11
ORD-002229,12/18/2025,CUST-01333,EMEA,WHOLESALE,SKU-1160,Dice Set,Accessories,2,8.00,0.00,pending,3
ORD-001929,03/01/2026,CUST-00245,EMEA,partner,SKU-1012,Season Pass,Digital,1,34.65,0.10,refunded,17
ORD-004304,2025-07-03 00:42:38,CUST-00778,LATAM,online,SKU-1016,500pc Night Market,Puzzles,2,28.29,0.00,cancelled,1
ORD-000606,2026-03-24T23:42:37Z,CUST-00677,LATAM,online,SKU-1055,Signal Fire,Board Games,2,23.19,0.10,pending,21
ORD-003258,2025-08-31 07:14:32,CUST-00773,emea,RETAIL,SKU-1361,2000pc Star Chart,Puzzles,2,14.78,0.00,completed,17
ORD-001739,06/27/2026,CUST-01254,EMEA,online,SKU-1346,Season Pass,Digital,2,50.85,0.00,pending,14
ORD-004795,2026-06-15 23:56:53,CUST-01665,LATAM,online,SKU-1396,Deck Box,Accessories,12,20.05,0.20,completed,2
ORD-001670,02/13/2025,CUST-00920,EMEA,wholesale,SKU-1366,1000pc Coastline,Puzzles,1,16.23,0.00,refunded,8
ORD-001447,2025-01-01 03:44:36,CUST-01621,  North America ,retail,SKU-1239,Season Pass,Digital,3,23.33,0.00,cancelled,17
ORD-003339,2025-11-14 12:58:41,CUST-00527,EMEA,online,SKU-1337,1000pc Coastline,PUZZLES,2,25.99,0.00,refunded,18
ORD-002740,06/11/2025,CUST-01536,APAC,wholesale,SKU-1337,Card Sleeves,  Accessories ,2,34.33,0.25,pending,15
ORD-001990,2025-12-31 07:05:45,CUST-00719,NORTH AMERICA,partner,SKU-1016,Expansion Key,Digital,4,21.70,0.00,cancelled,16
ORD-004654,2025-07-04 08:32:16,CUST-01629,APAC,retail,SKU-1336,Expansion Key,Digital,4,53.08,0.00,cancelled,10
ORD-003810,25-Mar-2025,CUST-00517,EMEA,wholesale,SKU-1209,Expansion Key,Digital,1,52.00,0.00,refunded,18
ORD-003478,2025-06-29 14:13:36,CUST-00356,latam,partner,SKU-1229,Paint Set,Miniatures,3,78.84,0.00,pending,1
ORD-000997,2026-02-08 04:56:20,CUST-00696,EMEA,wholesale,SKU-1045,Paint Set,Miniatures,4,85.40,0.00,pending,10
ORD-001086,2025-07-11 16:18:42,CUST-01325,  LATAM ,partner,SKU-1019,Signal Fire,Board Games,2,70.14,0.00,pending,16
ORD-002882,2025-06-07 03:29:18,CUST-00043,EMEA,retail,SKU-1348,1000pc Coastline,Puzzles,1,11.09,0.00,refunded,16
ORD-002746,2025-12-01 06:01:14,CUST-01328,LATAM,wholesale,SKU-1090,Signal Fire,Board Games,2,68.13,0.00,completed,11
ORD-001024,2025-04-25 05:41:06,,latam,online,SKU-1323,Terrain Kit,Miniatures,1,56.63,0.05,pending,4
ORD-001367,05/07/2025,CUST-01454,LATAM,partner,SKU-1202,Playmat,accessories,1,16.72,0.00,pending,6
ORD-001906,14-Jun-2025,CUST-01154,LATAM,wholesale,SKU-1060,Promo Tin,trading cards,1,129.98,0.05,refunded,5
ORD-001503,2025-07-12 05:09:36,CUST-00229,APAC,wholesale,SKU-1356,Booster Pack,Trading Cards,1,86.87,0.00,refunded,11
ORD-003780,2025-10-10 14:40:54,CUST-01581,APAC,online,SKU-1227,Deck Box,Accessories,4,12.02,0.00,refunded,16
ORD-000182,2025-02-17 11:45:36,CUST-01797,LATAM,retail,SKU-1263,Expansion Key,Digital,2,52.15,0.00,refunded,15
ORD-000767,2026-06-18 12:03:07,CUST-01375,EMEA,online,SKU-1110,Dungeon Delve,Board Games,2,42.82,0.15,completed,12
ORD-002242,07/26/2025,CUST-01540,North America,online,SKU-1218,Warband Set,miniatures,1,30.64,0.25,completed,5
ORD-000004,2025-01-22 06:15:18,CUST-01579,  EMEA ,wholesale,SKU-1146,Expansion Key,Digital,2,40.45,0.00,cancelled,8
ORD-003617,2025-03-27 15:58:45,CUST-00069,APAC,online,SKU-1267,Dungeon Delve,Board Games,-1,40.86,0.00,cancelled,7
ORD-004193,18-Jun-2025,CUST-01484,APAC,wholesale,SKU-1045,Playmat,Accessories,2,39.18,0.25,pending,14
ORD-003484,2026-01-29 20:10:04,CUST-00045,North America,retail,SKU-1389,1000pc Coastline,Puzzles,3,13.77,0.00,refunded,15
ORD-004349,2025-11-30 01:01:44,CUST-00518,LATAM,wholesale,SKU-1058,Season Pass,Digital,3,17.92,0.00,pending,21
ORD-002278,2025-06-25T10:36:53Z,CUST-00660,LATAM,  partner ,SKU-1038,Collector Box,Trading Cards,3,199.74,0.00,refunded,6
ORD-001259,14-Apr-2026,CUST-00796,LATAM,online,SKU-1181,2000pc Star Chart,Puzzles,3,31.04,0.00,pending,5
ORD-003070,2025-05-10 13:17:19,CUST-00963,North America,retail,SKU-1143,1000pc Coastline,Puzzles,4,18.55,0.00,cancelled,20
ORD-003795,11/22/2025,CUST-01292,North America,retail,SKU-1141,2000pc Star Chart,Puzzles,1,27.76,0.00,completed,13
ORD-004189,2025-12-03 03:51:05,CUST-01053,  EMEA ,retail,SKU-1340,500pc Night Market,Puzzles,5,19.25,0.00,refunded,20
ORD-003510,2026-04-09 16:10:16,CUST-00446,LATAM,  online ,SKU-1245,Cosmetic Bundle,Digital,2,54.06,0.00,pending,8
ORD-001088,06/07/2026,CUST-00863,North America,online,SKU-1028,Warband Set,miniatures,2,115.05,0.00,refunded,12
ORD-003735,2025-12-27 07:48:32,CUST-01767,APAC,retail,SKU-1281,Hero Blister,Miniatures,2,25.01,0.00,completed,20
ORD-002337,2025-09-04 04:15:26,CUST-00934,EMEA,online,SKU-1121,Expansion Key,  Digital ,2,57.17,0.00,cancelled,11
ORD-004489,10/10/2025,CUST-00979,apac,online,SKU-1385,Promo Tin,TRADING CARDS,1,82.69,0.00,cancelled,4
ORD-003313,02/27/2026,CUST-00979,  EMEA ,wholesale,SKU-1144,Card Sleeves,Accessories,1,35.86,0.00,cancelled,5
ORD-003629,2025-04-16 08:25:06,CUST-00777,  LATAM ,wholesale,SKU-1312,Card Sleeves,Accessories,1,5.54,0.25,refunded,4
ORD-004008,2026-04-02 12:33:57,CUST-00314,North America,wholesale,SKU-1091,Season Pass,Digital,1,24.27,0.05,cancelled,4
ORD-003435,2025-09-09 14:21:44,CUST-01746,North America,wholesale,SKU-1365,Dice Set,Accessories,2,18.98,0.00,completed,21
ORD-001465,11-Oct-2025,CUST-01703,North America,wholesale,SKU-1081,Card Sleeves,Accessories,2,32.80,0.25,cancelled,13
ORD-000188,2025-03-22 11:38:37,CUST-01027,LATAM,online,SKU-1382,Paint Set,Miniatures,1,81.08,0.00,refunded,7
ORD-004482,2025-03-28 08:46:02,CUST-00723,North America,retail,SKU-1166,Promo Tin,Trading Cards,1,123.11,0.20,refunded,1
ORD-002520,03/04/2025,CUST-01681,LATAM,retail,SKU-1166,Playmat,  Accessories ,3,16.50,0.15,cancelled,5
ORD-002443,09/02/2025,CUST-01218,LATAM,online,SKU-1223,Expansion Key,Digital,12,42.13,0.00,completed,16
ORD-004419,2025-08-09 01:44:05,CUST-00569,LATAM,online,SKU-1014,2000pc Star Chart,PUZZLES,2,10.82,0.00,refunded,13
ORD-002823,22-Mar-2025,CUST-00452,LATAM,retail,SKU-1057,Dungeon Delve,board games,1,20.99,0.00,refunded,9
ORD-003346,01/12/2026,CUST-01344,APAC,retail,SKU-1091,Card Sleeves,Accessories,3,21.81,0.00,completed,16
ORD-000715,11/06/2025,CUST-01079,LATAM,partner,SKU-1004,Deck Box,Accessories,1,9.29,0.00,refunded,10
ORD-002354,2026-04-13 19:19:59,CUST-01724,LATAM,online,SKU-1043,Season Pass,Digital,3,20.20,0.05,pending,6
ORD-000881,02-Aug-2025,CUST-00521,APAC,retail,SKU-1258,1000pc Coastline,Puzzles,2,19.65,0.00,cancelled,4
ORD-001777,30-Oct-2025,CUST-00810,LATAM,wholesale,SKU-1284,Cosmetic Bundle,Digital,4,31.73,0.00,pending,8
ORD-004476,2025-09-08 23:46:43,CUST-00018,APAC,partner,SKU-1189,Promo Tin,Trading Cards,2,11.28,0.00,completed,3
ORD-001528,2025-12-19 13:07:26,CUST-00874,EMEA,PARTNER,SKU-1256,2000pc Star Chart,PUZZLES,1,25.77,0.00,completed,1
ORD-004657,2025-08-01 03:34:20,CUST-00177,North America,retail,SKU-1393,2000pc Star Chart,PUZZLES,12,24.68,0.05,completed,14
ORD-003367,04/01/2026,CUST-01027,North America,wholesale,SKU-1147,Signal Fire,Board Games,1,26.44,0.00,completed,1
ORD-000541,2025-12-09 02:16:46,CUST-00317,APAC,online,SKU-1266,Terrain Kit,Miniatures,1,141.27,0.00,pending,16
ORD-002380,2025-02-11 10:42:02,CUST-01775,North America,partner,SKU-1197,2000pc Star Chart,  Puzzles ,2,21.17,0.10,completed,20
ORD-004059,2025-10-06 18:12:00,CUST-01106,APAC,wholesale,SKU-1104,Deck Box,Accessories,1,16.95,0.15,cancelled,16
ORD-002880,2025-08-17T09:49:13Z,CUST-00157,  North America ,wholesale,SKU-1181,Trade Winds,Board Games,2,$44.66,0.00,pending,3
ORD-003472,25-Feb-2026,CUST-01003,,  wholesale ,SKU-1165,Expansion Key,Digital,3,41.61,0.20,cancelled,14
ORD-002298,2025-10-03 04:01:30,CUST-00014,LATAM,partner,SKU-1332,Dungeon Delve,Board Games,-3,17.52,0.20,refunded,19
ORD-001651,2026-05-26 05:43:42,CUST-00567,North America,RETAIL,SKU-1175,Dice Set,Accessories,2,37.90,0.05,pending,16
ORD-004900,02/25/2025,CUST-01608,APAC,retail,SKU-1157,Dungeon Delve,Board Games,1,71.58,0.00,cancelled,15
ORD-002570,2026-02-01 09:41:24,CUST-01714,LATAM,wholesale,SKU-1342,Deck Box,Accessories,1,28.62,0.10,refunded,16
ORD-004781,01/31/2026,CUST-01181,North America,partner,SKU-1156,Harvest Moon Valley,Board Games,2,76.65,0.00,refunded,21
ORD-002682,2025-01-21 11:08:36,CUST-01004,LATAM,partner,SKU-1146,Signal Fire,board games,1,18.35,0.00,completed,14
ORD-003026,06/01/2025,CUST-00803,APAC,partner,SKU-1298,Card Sleeves,Accessories,3,$18.75,0.25,completed,1
ORD-004117,03/06/2026,,LATAM,retail,SKU-1290,500pc Night Market,Puzzles,1,11.88,0.00,refunded,17
ORD-000967,2025-09-13 13:04:20,CUST-01574,  APAC ,partner,SKU-1105,Collector Box,Trading Cards,1,121.31,0.00,completed,10
ORD-003452,2025-07-10 16:34:18,CUST-00214,LATAM,wholesale,SKU-1073,2000pc Star Chart,puzzles,3,33.46,0.00,pending,8
ORD-000903,11/26/2025,CUST-00271,LATAM,wholesale,SKU-1185,Playmat,Accessories,2,10.51,0.20,cancelled,3
ORD-000186,2026-02-11 20:28:07,CUST-01598,North America,retail,SKU-1362,Signal Fire,Board Games,4,18.69,0.25,pending,21
ORD-000322,2025-10-22 04:04:27,CUST-00882,APAC,RETAIL,SKU-1342,Collector Box,Trading Cards,1,149.34,0.00,pending,6
ORD-001849,2026-02-01 13:04:19,CUST-00962,North America,partner,SKU-1145,2000pc Star Chart,Puzzles,1,23.92,0.00,pending,14
ORD-002659,11-Dec-2025,CUST-01175,APAC,partner,SKU-1391,Dungeon Delve,Board Games,1,49.41,0.10,refunded,19
ORD-003861,2026-05-11 06:36:36,CUST-00749,EMEA,online,SKU-1387,Promo Tin,Trading Cards,1,130.27,0.10,cancelled,13
ORD-003898,2026-03-22 23:22:32,CUST-01432,LATAM,wholesale,SKU-1353,Warband Set,miniatures,1,64.63,0.15,pending,6
ORD-002806,05/21/2025,CUST-00443,LATAM,wholesale,SKU-1196,Harvest Moon Valley,Board Games,2,53.50,0.00,completed,19
ORD-003495,13-Feb-2025,CUST-01698,North America,retail,SKU-1089,Warband Set,MINIATURES,1,69.14,0.00,completed,20
ORD-004271,2025-03-22 03:40:56,CUST-01445,EMEA,online,SKU-1128,Expansion Key,DIGITAL,2,9.98,0.10,cancelled,15
ORD-000083,2025-03-20 19:41:07,CUST-01452,LATAM,partner,SKU-1367,Collector Box,Trading Cards,1,175.70,0.00,completed,19
ORD-000161,07/11/2025,CUST-01427,APAC,online,SKU-1279,500pc Night Market,Puzzles,4,26.69,0.00,pending,9
ORD-002618,02/17/2025,CUST-00020,LATAM,online,SKU-1060,500pc Night Market,Puzzles,5,17.27,0.20,pending,16
ORD-002304,2026-01-02 00:27:02,CUST-00670,APAC,online,SKU-1386,Castle Siege,Board Games,2,31.17,0.15,cancelled,11
ORD-001238,2025-04-12 23:06:47,CUST-00696,EMEA,partner,SKU-1277,Booster Pack,Trading Cards,12,70.69,0.00,cancelled,9
ORD-000920,2026-05-13 07:47:58,CUST-00874,LATAM,partner,SKU-1137,500pc Night Market,Puzzles,1,29.79,0.00,refunded,11
ORD-004935,03-Sep-2025,CUST-00063,LATAM,wholesale,SKU-1164,1000pc Coastline,Puzzles,2,33.42,0.00,refunded,18
ORD-004073,12-Oct-2025,CUST-00893,LATAM,retail,SKU-1393,2000pc Star Chart,Puzzles,1,28.48,0.00,refunded,14
ORD-003574,2025-03-04 17:47:00,CUST-01617,APAC,ONLINE,SKU-1336,Card Sleeves,ACCESSORIES,8,23.17,0.00,completed,7
ORD-001034,2026-05-13 21:20:14,CUST-00072,,online,SKU-1382,Promo Tin,Trading Cards,2,24.24,0.00,refunded,2
ORD-004488,10-Nov-2025,CUST-01656,APAC,online,SKU-1034,Deck Box,Accessories,3,27.58,0.00,refunded,19
ORD-002665,01/22/2025,CUST-00476,North America,partner,SKU-1120,1000pc Coastline,PUZZLES,2,$29.79,0.00,completed,4
ORD-004603,2025-03-02 09:05:40,,APAC,  online ,SKU-1212,Signal Fire,Board Games,-1,23.56,0.00,cancelled,11
ORD-000943,2026-05-20 13:57:25,CUST-00857,APAC,online,SKU-1267,Harvest Moon Valley,Board Games,1,55.23,0.20,refunded,17
ORD-000845,30-Jan-2026,CUST-01717,North America,retail,SKU-1227,Warband Set,Miniatures,1,21.08,0.00,completed,15
ORD-001636,2025-10-23 19:24:33,CUST-00152,North America,wholesale,SKU-1331,1000pc Coastline,Puzzles,2,25.14,0.00,cancelled,18
ORD-003023,2025-03-05 23:59:03,CUST-01366,EMEA,online,SKU-1292,Booster Pack,TRADING CARDS,1,189.97,0.05,pending,7
ORD-000243,2025-06-24 23:00:28,CUST-01621,North America,wholesale,SKU-1399,Cosmetic Bundle,Digital,8,12.50,0.00,cancelled,16
ORD-003985,2026-04-02T10:27:04Z,CUST-01738,EMEA,partner,SKU-1337,2000pc Star Chart,Puzzles,1,26.41,0.00,cancelled,
ORD-003885,2025-09-09 17:14:05,CUST-01237,LATAM,online,SKU-1334,2000pc Star Chart,Puzzles,2,11.51,0.00,completed,14
ORD-004233,07/04/2025,CUST-00384,LATAM,partner,SKU-1343,1000pc Coastline,Puzzles,12,24.41,0.00,refunded,14
ORD-000478,09-Jul-2025,CUST-01057,latam,retail,SKU-1267,Terrain Kit,Miniatures,2,$108.74,0.00,cancelled,15
ORD-000287,22-Feb-2026,CUST-00884,North America,partner,SKU-1337,Card Sleeves,Accessories,4,18.46,0.05,cancelled,21
ORD-001639,25-Sep-2025,CUST-01586,LATAM,online,SKU-1170,Deck Box,ACCESSORIES,12,18.41,0.00,cancelled,3
ORD-002321,11/28/2025,CUST-01426,North America,retail,SKU-1270,Dice Set,Accessories,1,18.40,0.00,completed,13
ORD-003412,2025-09-22 05:41:35,CUST-00466,EMEA,partner,SKU-1173,Playmat,Accessories,1,39.96,0.00,refunded,18
ORD-003182,06/11/2025,CUST-00532,latam,wholesale,SKU-1079,2000pc Star Chart,puzzles,4,12.74,0.15,refunded,8
ORD-004369,2026-05-01 15:44:16,CUST-01453,EMEA,,SKU-1302,Dungeon Delve,Board Games,1,25.87,0.00,completed,16
ORD-002151,2026-02-15 10:13:01,CUST-01590,LATAM,wholesale,SKU-1112,Cosmetic Bundle,Digital,2,5.26,0.15,refunded,15
ORD-002365,2025-07-05 03:02:58,CUST-00737,LATAM,wholesale,SKU-1090,Deck Box,Accessories,1,12.65,0.05,pending,
ORD-004553,2026-04-22 15:03:12,CUST-01416,  LATAM ,retail,SKU-1034,Collector Box,Trading Cards,4,225.13,0.15,pending,11
ORD-001051,10-Mar-2026,CUST-01678,North America,retail,SKU-1012,Starter Deck,Trading Cards,2,22.71,0.05,pending,17
ORD-002262,2025-09-20 22:49:51,CUST-00146,North America,ONLINE,SKU-1123,Paint Set,Miniatures,3,120.32,0.00,pending,21
ORD-000112,01-Nov-2025,CUST-00850,North America,wholesale,SKU-1269,500pc Night Market,Puzzles,5,18.54,0.15,cancelled,4
ORD-004373,2026-06-20T07:09:56Z,CUST-00055,LATAM,wholesale,SKU-1342,Dungeon Delve,board games,1,21.67,0.00,cancelled,11
ORD-003357,2025-07-03 09:45:48,CUST-01110,APAC,wholesale,SKU-1233,Starter Deck,Trading Cards,2,210.24,0.00,cancelled,18
ORD-002684,01/03/2026,CUST-01227,North America,retail,SKU-1378,Bundle Case,Trading Cards,2,66.62,0.00,pending,4
ORD-000079,05/25/2026,CUST-01075,latam,RETAIL,SKU-1318,1000pc Coastline,Puzzles,3,15.62,0.00,cancelled,11
ORD-001899,2025-10-19 03:59:30,CUST-01095,latam,retail,SKU-1337,Dungeon Delve,Board Games,3,66.52,0.00,pending,16
ORD-003192,2025-01-25 11:26:08,CUST-01282,LATAM,retail,SKU-1221,Terrain Kit,Miniatures,2,104.00,0.00,cancelled,5
ORD-001469,2025-08-09 04:39:53,CUST-01163,EMEA,retail,SKU-1187,Card Sleeves,Accessories,12,39.75,0.00,cancelled,10
ORD-003807,2026-05-30 11:09:47,CUST-00011,EMEA,partner,SKU-1399,1000pc Coastline,Puzzles,1,21.23,0.00,refunded,10
ORD-003378,2025-03-17 20:03:59,CUST-01738,North America,retail,SKU-1167,Harvest Moon Valley,Board Games,1,54.52,0.00,refunded,6
ORD-004895,2026-04-26 16:11:43,CUST-00993,LATAM,wholesale,SKU-1091,Starter Deck,Trading Cards,3,244.18,0.00,pending,6
ORD-004605,04/27/2025,CUST-00625,APAC,wholesale,SKU-1271,Playmat,accessories,2,9.44,0.25,pending,9
ORD-002736,2025-08-19 14:20:44,CUST-00561,  APAC ,online,SKU-1285,Deck Box,ACCESSORIES,4,19.22,0.00,completed,5
ORD-002266,10/21/2025,CUST-00744,North America,partner,SKU-1366,Harvest Moon Valley,  Board Games ,2,57.18,0.00,cancelled,6
ORD-004927,2025-06-22 21:46:01,CUST-01224,EMEA,wholesale,SKU-1262,Dice Set,Accessories,1,33.14,0.25,refunded,9
ORD-000900,2025-01-22T13:18:42Z,CUST-00314,LATAM,wholesale,SKU-1329,Castle Siege,Board Games,3,47.98,0.00,pending,4
ORD-001688,10-Nov-2025,CUST-00541,APAC,PARTNER,SKU-1233,Promo Tin,Trading Cards,1,160.77,0.00,pending,11
ORD-004663,09/26/2025,CUST-00649,EMEA,online,SKU-1385,Terrain Kit,Miniatures,2,147.62,0.00,cancelled,16
ORD-002272,2026-02-21 06:04:14,CUST-00480,APAC,retail,SKU-1369,Collector Box,Trading Cards,2,46.74,0.00,completed,18
ORD-002202,2025-08-05 22:32:34,CUST-00250,North America,online,SKU-1187,Collector Box,Trading Cards,1,77.33,0.00,completed,4
ORD-003540,03/22/2025,CUST-01362,North America,retail,SKU-1213,Trade Winds,Board Games,3,44.78,0.00,pending,4
ORD-001500,12-Nov-2025,CUST-00312,  North America ,retail,SKU-1156,1000pc Coastline,Puzzles,2,24.76,0.00,cancelled,18
ORD-002688,06/18/2025,CUST-00711,LATAM,wholesale,SKU-1301,Card Sleeves,Accessories,5,24.70,0.00,pending,18
ORD-003670,2025-05-18 15:40:31,CUST-01300,North America,wholesale,SKU-1216,Dungeon Delve,Board Games,1,67.09,0.10,refunded,3
ORD-003833,2025-01-31 11:06:18,CUST-01628,North America,online,SKU-1389,Expansion Key,DIGITAL,4,12.38,0.00,refunded,16
ORD-002871,04/30/2025,CUST-01025,LATAM,partner,SKU-1056,Dice Set,Accessories,4,35.10,0.00,cancelled,19
ORD-004174,22-Mar-2025,CUST-00755,EMEA,online,SKU-1279,Trade Winds,board games,2,76.30,0.00,refunded,18
ORD-000027,2025-04-17 04:59:35,CUST-00196,EMEA,wholesale,SKU-1109,Warband Set,Miniatures,1,82.43,0.00,completed,5
ORD-001594,2026-03-18 12:23:03,CUST-01620,North America,wholesale,SKU-1149,Warband Set,Miniatures,1,59.81,0.05,pending,9
ORD-004047,2025-02-17 01:01:24,CUST-01719,EMEA,retail,SKU-1262,Warband Set,Miniatures,2,129.07,0.00,pending,11
ORD-000068,04/27/2026,CUST-00251,North America,online,SKU-1196,Warband Set,Miniatures,1,121.73,0.00,completed,8
ORD-003301,2025-11-18 23:20:24,CUST-01283,APAC,online,SKU-1033,Expansion Key,DIGITAL,1,10.16,0.00,pending,12
ORD-000773,2026-06-14 12:30:27,CUST-01558,APAC,retail,SKU-1163,Promo Tin,Trading Cards,1,199.92,0.00,refunded,6
ORD-001484,2026-05-18 03:02:34,CUST-01232,LATAM,wholesale,SKU-1312,Expansion Key,Digital,3,10.52,0.00,completed,10
ORD-002765,2025-04-09 07:38:52,CUST-00025,LATAM,wholesale,SKU-1067,Promo Tin,Trading Cards,2,40.10,0.00,pending,15
ORD-003530,04/25/2026,CUST-00020,EMEA,retail,SKU-1233,Playmat,Accessories,1,25.25,0.00,completed,19
ORD-001009,01/12/2026,CUST-00899,apac,partner,SKU-1214,Season Pass,Digital,2,33.42,0.00,completed,10
ORD-001788,2026-02-06 08:57:47,CUST-00478,LATAM,wholesale,SKU-1040,500pc Night Market,Puzzles,2,24.22,0.00,pending,7
ORD-003878,2026-06-03 22:59:07,CUST-00546,LATAM,wholesale,SKU-1013,Warband Set,Miniatures,12,43.65,0.15,completed,17
ORD-002465,2025-05-25T23:07:35Z,CUST-01661,LATAM,retail,SKU-1347,Card Sleeves,Accessories,2,38.16,0.00,refunded,13
ORD-001087,2025-10-14 22:20:08,CUST-01219,EMEA,online,SKU-1294,Expansion Key,Digital,2,9.98,0.00,pending,14
ORD-003112,2025-11-05 18:28:32,CUST-00266,EMEA,partner,SKU-1241,Terrain Kit,Miniatures,12,39.11,0.25,completed,13
ORD-001536,2026-06-12 21:07:07,CUST-01289,EMEA,wholesale,SKU-1104,Dice Set,ACCESSORIES,1,35.68,0.00,pending,14
ORD-002388,2026-05-22T08:35:42Z,CUST-00537,LATAM,ONLINE,SKU-1342,2000pc Star Chart,Puzzles,1,17.15,0.10,completed,7
ORD-000558,2025-07-02 14:51:05,CUST-01273,apac,online,SKU-1128,1000pc Coastline,Puzzles,4,14.97,0.20,completed,10
ORD-003450,2025-07-28T22:17:52Z,CUST-00703,North America,wholesale,SKU-1146,Warband Set,MINIATURES,12,$58.31,0.00,refunded,21
ORD-000944,2026-02-06 04:54:39,CUST-00277,LATAM,online,SKU-1322,Season Pass,Digital,1,38.29,0.25,cancelled,1
ORD-003566,2025-10-10 00:07:42,CUST-01717,APAC,wholesale,SKU-1337,Dice Set,accessories,4,39.21,0.00,cancelled,12
ORD-000741,2026-02-14T02:05:31Z,CUST-00329,  LATAM ,online,SKU-1174,2000pc Star Chart,Puzzles,3,33.89,0.00,pending,12
ORD-000775,2025-12-05 20:51:32,CUST-00387,EMEA,online,SKU-1114,500pc Night Market,Puzzles,1,30.39,0.00,cancelled,13
ORD-003818,17-Jun-2025,CUST-01222,EMEA,partner,SKU-1249,Dungeon Delve,Board Games,5,15.38,0.15,refunded,7
ORD-003042,02/14/2026,CUST-00117,APAC,retail,SKU-1040,Harvest Moon Valley,Board Games,1,32.40,0.00,pending,11
ORD-001134,2026-06-30T02:54:09Z,CUST-00048,EMEA,retail,SKU-1292,Dice Set,Accessories,1,17.05,0.00,refunded,2
ORD-003073,04/17/2026,CUST-00422,LATAM,online,SKU-1358,Hero Blister,Miniatures,1,93.05,0.00,cancelled,14
ORD-003493,2026-02-04 21:13:02,CUST-01215,EMEA,partner,SKU-1111,Warband Set,Miniatures,1,27.91,0.25,refunded,16
ORD-002165,11/15/2025,CUST-00569,EMEA,partner,SKU-1391,Season Pass,Digital,2,36.19,0.10,pending,8
ORD-003672,25-May-2026,CUST-00187,NORTH AMERICA,wholesale,SKU-1243,1000pc Coastline,Puzzles,2,25.95,0.05,refunded,
ORD-002901,2026-05-02T21:49:05Z,CUST-00377,APAC,partner,SKU-1116,Paint Set,Miniatures,2,85.34,0.20,refunded,4
ORD-004594,08/25/2025,CUST-00422,North America,retail,SKU-1379,Signal Fire,Board Games,1,52.31,0.00,completed,7
ORD-004947,2026-06-07 07:38:38,CUST-01769,APAC,online,SKU-1274,Season Pass,Digital,1,17.57,0.15,pending,15
ORD-001962,2025-10-17 16:29:55,CUST-01722,EMEA,partner,SKU-1335,Warband Set,Miniatures,1,$104.79,0.00,refunded,2
ORD-003220,2025-05-05 22:36:22,CUST-01774,LATAM,retail,SKU-1382,Dice Set,Accessories,4,22.44,0.10,cancelled,19
ORD-004179,27-Oct-2025,CUST-00319,LATAM,online,SKU-1183,Trade Winds,Board Games,2,60.99,0.05,completed,2
ORD-003806,25-May-2025,CUST-01421,EMEA,retail,SKU-1090,Expansion Key,Digital,8,43.61,0.00,refunded,20
ORD-002312,2025-05-09 13:41:30,CUST-00605,LATAM,online,SKU-1199,Terrain Kit,Miniatures,3,41.89,0.00,pending,2
ORD-003595,2025-05-21 06:00:55,CUST-00657,APAC,retail,SKU-1047,Warband Set,Miniatures,2,107.94,0.00,cancelled,11
ORD-000647,2025-08-16 02:19:19,CUST-01701,  APAC ,  online ,SKU-1118,Trade Winds,board games,3,69.84,0.00,completed,5
ORD-000854,03/06/2025,CUST-00313,EMEA,wholesale,SKU-1287,Signal Fire,Board Games,3,39.70,0.00,pending,17
ORD-004671,2025-12-14 01:27:27,CUST-00574,North America,partner,SKU-1059,Starter Deck,Trading Cards,2,61.85,0.20,cancelled,18
ORD-002968,02/08/2026,CUST-00595,North America,partner,SKU-1393,Season Pass,DIGITAL,1,14.91,0.00,refunded,14
ORD-002689,2026-05-26T19:57:30Z,CUST-00842,EMEA,online,SKU-1034,Warband Set,MINIATURES,1,134.38,0.00,refunded,18
ORD-004636,2025-03-06 21:05:45,CUST-00201,APAC,online,SKU-1282,Season Pass,Digital,5,31.08,0.05,cancelled,8
ORD-002353,2025-08-05 09:29:20,CUST-01760,North America,wholesale,SKU-1155,Booster Pack,Trading Cards,8,243.85,0.00,pending,13
ORD-004473,03/03/2025,CUST-01775,EMEA,online,SKU-1210,Booster Pack,Trading Cards,1,129.23,0.00,refunded,8
ORD-003930,2025-09-19T04:02:58Z,CUST-00220,LATAM,online,SKU-1168,2000pc Star Chart,puzzles,3,10.58,0.00,cancelled,20
ORD-000379,2025-10-19T09:57:19Z,CUST-00103,APAC,online,SKU-1010,Paint Set,Miniatures,3,49.27,0.00,cancelled,15
ORD-002971,2025-07-02 10:04:52,CUST-01319,North America,partner,SKU-1109,Expansion Key,Digital,1,$45.23,0.00,refunded,9
ORD-002656,2026-05-29 19:05:32,CUST-01679,  North America ,  partner ,SKU-1324,2000pc Star Chart,Puzzles,4,22.64,0.00,completed,8
ORD-003883,02/05/2025,CUST-01793,LATAM,retail,SKU-1205,Harvest Moon Valley,BOARD GAMES,2,51.06,0.15,cancelled,21
ORD-004815,2025-03-11 22:34:20,CUST-01206,EMEA,partner,SKU-1127,Card Sleeves,Accessories,1,33.43,0.00,cancelled,14
ORD-003716,2025-01-14 23:16:57,CUST-00895,North America,partner,SKU-1057,Card Sleeves,Accessories,1,38.62,0.00,pending,14
ORD-005000,2026-03-26 07:04:18,CUST-01183,LATAM,online,SKU-1075,Starter Deck,Trading Cards,1,171.31,0.00,completed,
ORD-003538,06/24/2026,CUST-00561,North America,  wholesale ,SKU-1245,Warband Set,Miniatures,1,126.50,0.00,cancelled,14
ORD-000852,2025-04-23T01:50:25Z,CUST-01576,  LATAM ,wholesale,SKU-1096,Card Sleeves,Accessories,2,15.99,0.00,pending,11
ORD-000255,01/15/2025,CUST-01564,APAC,wholesale,SKU-1049,Warband Set,miniatures,1,132.78,0.00,completed,5
ORD-002768,06/01/2026,CUST-00626,North America,partner,SKU-1091,Warband Set,Miniatures,1,80.70,0.00,completed,3
ORD-000393,2026-06-06 20:44:31,CUST-00988,APAC,retail,SKU-1376,Bundle Case,Trading Cards,2,93.98,0.00,completed,12
ORD-003565,2025-04-20T22:33:03Z,CUST-00714,North America,partner,SKU-1010,Expansion Key,Digital,1,43.42,0.15,refunded,2
ORD-001723,2025-08-24 12:43:27,CUST-00861,North America,wholesale,SKU-1125,Expansion Key,Digital,2,39.08,0.00,cancelled,8
ORD-002540,2026-02-05T18:19:08Z,CUST-01417,North America,partner,SKU-1337,Terrain Kit,Miniatures,1,124.20,0.00,refunded,20
ORD-003591,07-Feb-2025,CUST-01294,North America,retail,SKU-1002,Expansion Key,Digital,1,16.55,0.00,refunded,21
ORD-003288,2025-02-20 06:03:11,CUST-01574,EMEA,partner,SKU-1357,Dungeon Delve,Board Games,4,39.64,0.00,cancelled,19
ORD-000440,11-Apr-2026,CUST-00932,EMEA,wholesale,SKU-1392,Card Sleeves,accessories,5,23.74,0.00,completed,7
ORD-004010,2025-08-24 21:43:49,CUST-00185,APAC,  online ,SKU-1135,Cosmetic Bundle,Digital,1,44.58,0.10,refunded,12
ORD-004936,05/03/2025,CUST-00477,LATAM,online,SKU-1052,Dungeon Delve,Board Games,1,33.87,0.00,pending,17
ORD-002660,2025-06-23 09:53:16,CUST-01092,latam,wholesale,SKU-1344,Hero Blister,Miniatures,2,118.36,0.00,cancelled,5
ORD-004783,02/03/2026,CUST-00835,EMEA,wholesale,SKU-1272,Collector Box,Trading Cards,12,149.63,0.00,completed,12
ORD-004969,03/26/2025,CUST-00473,apac,retail,SKU-1097,1000pc Coastline,Puzzles,1,20.59,0.15,refunded,20
ORD-004055,02/19/2025,CUST-01393,APAC,partner,SKU-1212,Booster Pack,Trading Cards,2,197.83,0.00,cancelled,6
ORD-003178,2025-10-16 09:06:07,CUST-00055,APAC,online,SKU-1370,Season Pass,Digital,1,49.23,0.00,refunded,8
ORD-002055,07/26/2025,CUST-00937,North America,online,SKU-1249,Season Pass,Digital,1,42.52,0.00,refunded,8
ORD-004750,2025-07-18T23:45:04Z,CUST-00837,EMEA,wholesale,SKU-1227,1000pc Coastline,Puzzles,2,31.78,0.00,pending,7
ORD-001646,2025-02-17 13:12:13,CUST-00164,APAC,wholesale,SKU-1237,Hero Blister,Miniatures,8,78.12,0.25,completed,17
ORD-002853,2026-04-01 07:19:39,,North America,  online ,SKU-1284,Terrain Kit,Miniatures,3,126.21,0.00,refunded,7
ORD-000785,09-Sep-2025,CUST-01072,latam,WHOLESALE,SKU-1168,Promo Tin,Trading Cards,1,136.26,0.00,completed,20
ORD-004517,2026-06-19 08:17:26,CUST-00272,LATAM,  partner ,SKU-1286,2000pc Star Chart,Puzzles,1,27.59,0.20,pending,19
ORD-001546,2025-06-08 11:19:43,CUST-00956,EMEA,wholesale,SKU-1236,Promo Tin,Trading Cards,2,46.70,0.00,pending,12
ORD-004407,01/03/2025,CUST-00192,LATAM,RETAIL,SKU-1023,Signal Fire,Board Games,1,61.79,0.00,pending,6
ORD-004462,2026-06-15 20:28:24,CUST-00015,LATAM,online,SKU-1220,Playmat,Accessories,1,7.81,0.00,cancelled,20
ORD-000700,04/07/2026,CUST-00936,LATAM,ONLINE,SKU-1254,Cosmetic Bundle,Digital,2,11.90,0.00,refunded,3
ORD-000127,01/26/2026,CUST-00289,APAC,wholesale,SKU-1319,2000pc Star Chart,Puzzles,5,29.43,0.15,completed,14
ORD-000043,2026-03-22 18:55:56,CUST-01585,North America,online,SKU-1116,Deck Box,Accessories,3,$15.20,0.00,pending,5
ORD-002418,26-Apr-2025,CUST-01066,EMEA,  retail ,SKU-1312,Starter Deck,Trading Cards,1,141.10,0.00,refunded,1
ORD-004394,2025-10-12 09:44:51,CUST-00958,LATAM,wholesale,SKU-1286,Card Sleeves,Accessories,3,38.04,0.00,cancelled,18
ORD-003790,2025-07-03T21:33:04Z,CUST-00431,EMEA,partner,SKU-1289,Playmat,accessories,12,24.11,0.00,refunded,4
ORD-004745,2025-02-20 00:39:48,CUST-00951,LATAM,wholesale,SKU-1012,Trade Winds,BOARD GAMES,2,69.50,0.05,completed,4
ORD-000499,2026-03-14 15:41:14,CUST-01596,  LATAM ,partner,SKU-1362,Expansion Key,Digital,1,38.56,0.10,completed,6
ORD-003372,2025-07-28 00:50:48,CUST-01083,North America,partner,SKU-1076,Dungeon Delve,  Board Games ,1,42.56,0.25,completed,
ORD-000922,10/10/2025,CUST-00602,north america,partner,SKU-1348,1000pc Coastline,Puzzles,1,24.69,0.00,completed,18
ORD-000708,2026-05-22 13:33:22,CUST-00217,APAC,wholesale,SKU-1253,Signal Fire,Board Games,1,27.68,0.00,refunded,17
ORD-004339,2025-02-16 01:32:22,CUST-00039,LATAM,partner,SKU-1063,Playmat,Accessories,4,26.80,0.00,refunded,4
ORD-002835,2025-09-08 19:05:55,CUST-00885,North America,partner,SKU-1038,Harvest Moon Valley,BOARD GAMES,1,57.97,0.00,cancelled,15
ORD-003326,06/17/2025,CUST-00892,LATAM,partner,SKU-1291,Promo Tin,Trading Cards,1,79.98,0.00,pending,18
ORD-003086,2025-05-31 18:56:06,CUST-01537,EMEA,retail,SKU-1060,Dice Set,Accessories,2,38.01,0.00,pending,20
ORD-003239,2026-02-20 05:57:48,CUST-00354,North America,  retail ,SKU-1147,1000pc Coastline,  Puzzles ,2,15.21,0.00,cancelled,17
ORD-003847,2025-03-23 09:06:21,CUST-01623,North America,partner,SKU-1274,Season Pass,Digital,3,22.12,0.00,cancelled,8
ORD-003871,2026-01-10 18:27:20,CUST-01096,APAC,retail,SKU-1376,500pc Night Market,  Puzzles ,1,31.91,0.00,pending,7
ORD-004142,11/26/2025,CUST-00645,EMEA,partner,SKU-1252,Dice Set,Accessories,3,$34.92,0.00,cancelled,20
ORD-000745,2025-10-29T20:21:51Z,CUST-00047,North America,retail,SKU-1233,Castle Siege,Board Games,3,38.30,0.00,cancelled,4
ORD-000199,2026-01-12 03:20:06,CUST-00487,EMEA,retail,SKU-1248,Expansion Key,Digital,4,10.36,0.00,cancelled,8
ORD-004492,15-Jan-2025,CUST-00148,EMEA,partner,SKU-1227,Trade Winds,Board Games,1,20.66,0.05,cancelled,19
ORD-002024,2026-02-03 17:21:53,CUST-01029,APAC,online,SKU-1252,2000pc Star Chart,Puzzles,1,30.46,0.00,completed,19
ORD-001690,06/28/2025,CUST-01418,LATAM,wholesale,SKU-1310,Starter Deck,Trading Cards,3,199.73,0.25,pending,10
ORD-004096,03/18/2025,CUST-01159,North America,wholesale,SKU-1037,Promo Tin,Trading Cards,1,32.11,0.00,pending,15
ORD-000386,02/14/2025,CUST-01054,North America,wholesale,SKU-1084,Card Sleeves,Accessories,1,21.10,0.25,completed,11
ORD-002766,11-Jul-2025,CUST-00540,EMEA,online,SKU-1063,Hero Blister,Miniatures,1,41.83,0.05,pending,9
ORD-003272,2025-01-26 15:13:59,CUST-00417,North America,wholesale,SKU-1251,2000pc Star Chart,PUZZLES,3,10.07,0.00,pending,8
ORD-004093,01/18/2026,CUST-00426,EMEA,  retail ,SKU-1225,Bundle Case,TRADING CARDS,8,107.76,0.00,pending,17
ORD-000303,2026-05-31T11:04:06Z,CUST-00365,LATAM,online,SKU-1164,Trade Winds,board games,2,60.17,0.10,cancelled,4
ORD-000456,10-May-2026,CUST-00456,  EMEA ,wholesale,SKU-1321,Trade Winds,Board Games,3,71.59,0.00,cancelled,9
ORD-000251,20-Mar-2025,CUST-00418,APAC,,SKU-1364,Deck Box,Accessories,2,14.75,0.20,completed,7
ORD-000125,2025-06-23 15:08:29,CUST-00909,APAC,online,SKU-1261,1000pc Coastline,Puzzles,1,33.14,0.00,cancelled,19
ORD-001338,2025-01-09 20:15:56,,North America,wholesale,SKU-1236,Playmat,Accessories,1,16.45,0.00,pending,20
ORD-002047,2025-10-23T05:11:32Z,CUST-00365,North America,retail,SKU-1077,Harvest Moon Valley,Board Games,1,63.68,0.00,pending,9
ORD-000629,04/29/2026,CUST-00931,North America,retail,SKU-1301,Expansion Key,Digital,4,21.72,0.05,cancelled,2
ORD-003612,05-Sep-2025,CUST-01560,LATAM,retail,SKU-1328,1000pc Coastline,Puzzles,1,34.56,0.15,cancelled,16
ORD-000327,2026-06-14 09:31:31,CUST-00552,APAC,partner,SKU-1029,Collector Box,Trading Cards,5,4.33,0.15,cancelled,16
ORD-002809,2026-04-27 17:02:53,CUST-01747,LATAM,wholesale,SKU-1301,Dungeon Delve,Board Games,1,30.71,0.00,cancelled,3
ORD-000571,03/22/2025,CUST-01610,EMEA,wholesale,SKU-1239,Bundle Case,Trading Cards,4,119.51,0.15,refunded,11
ORD-004352,15-Nov-2025,CUST-00066,LATAM,retail,SKU-1271,Card Sleeves,Accessories,1,5.30,0.00,pending,6
ORD-000643,2026-06-13 17:38:09,CUST-00794,APAC,partner,SKU-1267,Harvest Moon Valley,board games,5,19.97,0.10,refunded,1
ORD-001751,2026-03-27 08:48:40,CUST-00323,APAC,wholesale,SKU-1096,Trade Winds,Board Games,8,18.37,0.00,cancelled,13
ORD-000119,11/11/2025,CUST-00515,apac,wholesale,SKU-1038,Castle Siege,Board Games,2,79.06,0.00,refunded,16
ORD-003190,04/14/2025,CUST-00293,APAC,wholesale,SKU-1325,Season Pass,Digital,12,25.10,0.20,completed,2
ORD-001491,2025-05-08T09:28:04Z,CUST-01203,APAC,PARTNER,SKU-1026,Playmat,accessories,2,6.64,0.00,refunded,10
ORD-002560,2026-01-23T04:39:14Z,CUST-00929,LATAM,  retail ,SKU-1068,Promo Tin,Trading Cards,2,240.39,0.00,refunded,20
ORD-001806,06/17/2026,CUST-01709,APAC,retail,SKU-1348,Cosmetic Bundle,Digital,1,2.22,0.25,refunded,10
ORD-004395,2025-02-13 08:19:17,CUST-00601,LATAM,partner,SKU-1280,Collector Box,Trading Cards,5,186.44,0.00,completed,16
ORD-003924,18-Jun-2025,CUST-00072,North America,wholesale,SKU-1163,Season Pass,Digital,2,49.99,0.00,completed,9
ORD-003778,2026-03-21 18:06:57,CUST-01408,  APAC ,partner,SKU-1333,Promo Tin,Trading Cards,2,87.44,0.00,refunded,13
ORD-002285,30-Dec-2025,CUST-00633,EMEA,retail,SKU-1378,Cosmetic Bundle,  Digital ,5,44.44,0.00,pending,20
ORD-001897,2025-04-27T00:18:01Z,CUST-00955,emea,  online ,SKU-1240,Collector Box,Trading Cards,1,152.25,0.00,completed,1
ORD-002717,08/15/2025,CUST-00944,LATAM,retail,SKU-1205,Collector Box,Trading Cards,3,144.96,0.20,refunded,12
ORD-000550,05/04/2025,CUST-01357,LATAM,RETAIL,SKU-1297,Warband Set,miniatures,12,92.95,0.20,pending,16
ORD-002129,2026-05-01 03:54:38,CUST-01527,LATAM,  wholesale ,SKU-1094,Signal Fire,Board Games,2,48.98,0.25,pending,14
ORD-001493,23-Nov-2025,CUST-00342,North America,retail,SKU-1395,Collector Box,Trading Cards,1,87.78,0.00,cancelled,18
ORD-000721,2025-11-13 13:15:23,CUST-00340,EMEA,wholesale,SKU-1235,Dice Set,Accessories,3,17.26,0.10,refunded,15
ORD-001574,05/01/2025,CUST-01480,EMEA,partner,SKU-1370,Cosmetic Bundle,Digital,-1,41.19,0.05,completed,15
ORD-001267,03/28/2025,CUST-00325,LATAM,partner,SKU-1350,Dice Set,Accessories,5,10.14,0.00,cancelled,12
ORD-001276,2026-01-13T07:22:39Z,CUST-01076,LATAM,wholesale,SKU-1343,Booster Pack,Trading Cards,2,182.56,0.00,completed,9
ORD-003115,2026-06-21 18:22:26,CUST-00068,APAC,  online ,SKU-1373,Cosmetic Bundle,Digital,2,29.06,0.00,pending,
ORD-004231,2025-03-11 07:15:24,CUST-01133,North America,retail,SKU-1145,Bundle Case,Trading Cards,1,141.10,0.00,cancelled,4
ORD-001953,20-Jul-2025,CUST-00070,North America,wholesale,SKU-1150,Card Sleeves,accessories,2,5.38,0.20,pending,2
ORD-002925,02/15/2025,CUST-01762,LATAM,wholesale,SKU-1054,Dice Set,Accessories,4,5.29,0.20,pending,5
ORD-003022,2025-06-04 05:24:37,CUST-01692,APAC,online,SKU-1117,Expansion Key,Digital,8,25.31,0.15,cancelled,6
ORD-000165,2026-05-16 02:28:35,CUST-01331,LATAM,partner,SKU-1075,Paint Set,Miniatures,2,148.66,0.00,pending,13
ORD-004638,02/23/2025,CUST-01549,EMEA,online,SKU-1264,Promo Tin,trading cards,5,19.70,0.00,pending,21
ORD-004387,2025-06-08 19:35:01,CUST-00523,APAC,retail,SKU-1279,Signal Fire,Board Games,1,24.70,0.00,cancelled,4
ORD-002673,01/24/2026,CUST-01672,EMEA,wholesale,SKU-1201,Castle Siege,board games,1,34.52,0.00,pending,8
ORD-004131,01/10/2025,CUST-00593,North America,wholesale,SKU-1298,2000pc Star Chart,Puzzles,12,17.75,0.00,pending,19
ORD-000191,01/13/2026,CUST-00817,APAC,  partner ,SKU-1129,Starter Deck,trading cards,2,218.58,0.00,cancelled,20
ORD-000289,2026-01-04T15:35:13Z,CUST-01763,LATAM,wholesale,SKU-1267,1000pc Coastline,Puzzles,1,14.62,0.00,completed,11
ORD-004857,09/23/2025,CUST-01358,APAC,partner,SKU-1104,Cosmetic Bundle,Digital,2,47.08,0.00,pending,2
ORD-003507,04/13/2025,CUST-00843,North America,wholesale,SKU-1026,Expansion Key,Digital,4,48.15,0.20,completed,12
ORD-004290,2026-03-28 15:47:43,CUST-00876,APAC,retail,SKU-1217,500pc Night Market,Puzzles,12,16.19,0.25,refunded,1
ORD-001225,2025-07-01 06:29:18,CUST-00990,LATAM,online,SKU-1120,Terrain Kit,Miniatures,1,100.25,0.00,completed,16
ORD-003868,13-Mar-2025,CUST-00270,APAC,online,SKU-1031,Warband Set,Miniatures,3,74.02,0.00,cancelled,11
ORD-004659,2026-06-07 10:59:31,CUST-00593,LATAM,partner,SKU-1302,2000pc Star Chart,PUZZLES,1,21.23,0.00,pending,18
ORD-004351,2025-04-06 17:29:26,CUST-01374,NORTH AMERICA,ONLINE,SKU-1183,500pc Night Market,Puzzles,1,27.25,0.00,refunded,20
ORD-003411,10/05/2025,CUST-01222,north america,wholesale,SKU-1286,Expansion Key,Digital,4,28.85,0.05,cancelled,8
ORD-003641,2025-08-29 13:12:42,CUST-01779,NORTH AMERICA,retail,SKU-1312,Terrain Kit,Miniatures,2,71.46,0.00,cancelled,13
ORD-002301,17-Jan-2026,CUST-00182,LATAM,partner,SKU-1328,Cosmetic Bundle,  Digital ,1,10.33,0.00,pending,19
ORD-000339,2025-11-20 01:42:08,CUST-00352,EMEA,retail,SKU-1186,Deck Box,accessories,3,20.30,0.25,pending,6
ORD-001719,2025-07-26 11:54:49,CUST-01412,LATAM,online,SKU-1068,Expansion Key,DIGITAL,2,28.85,0.20,cancelled,2
ORD-004909,03/16/2025,,North America,partner,SKU-1360,Playmat,Accessories,12,8.78,0.00,pending,17
ORD-002699,08-Jan-2025,CUST-00045,APAC,WHOLESALE,SKU-1302,500pc Night Market,Puzzles,3,12.20,0.00,refunded,6
ORD-000776,2025-06-23 21:09:58,CUST-00311,north america,  partner ,SKU-1349,500pc Night Market,Puzzles,1,24.12,0.00,completed,16
ORD-001734,2025-06-15 19:02:26,CUST-00970,North America,,SKU-1240,Card Sleeves,Accessories,1,10.93,0.20,cancelled,3
ORD-004367,2025-11-18T01:19:26Z,CUST-00490,LATAM,retail,SKU-1130,Card Sleeves,  Accessories ,2,6.73,0.00,completed,15
ORD-004074,03-Feb-2025,CUST-00436,APAC,  partner ,SKU-1226,Terrain Kit,Miniatures,4,23.53,0.00,refunded,13
ORD-000455,09/24/2025,CUST-01745,APAC,partner,SKU-1205,Terrain Kit,Miniatures,2,94.17,0.25,refunded,17
ORD-002300,2026-06-07T00:40:08Z,CUST-01135,LATAM,partner,SKU-1102,Cosmetic Bundle,Digital,2,29.76,0.00,completed,8
ORD-003256,2025-02-16T06:20:43Z,CUST-01036,north america,wholesale,SKU-1134,Card Sleeves,Accessories,3,14.97,0.00,pending,16
ORD-000084,2026-05-13T05:04:17Z,CUST-01206,LATAM,online,SKU-1071,Trade Winds,Board Games,8,55.29,0.00,refunded,2
ORD-001343,2026-05-15 22:17:05,CUST-00764,LATAM,partner,SKU-1108,Dice Set,ACCESSORIES,1,29.46,0.00,refunded,21
ORD-003108,2026-06-28 01:06:37,CUST-00438,EMEA,online,SKU-1136,Castle Siege,BOARD GAMES,2,54.56,0.05,pending,1
ORD-001976,2025-08-27 04:12:18,CUST-00467,North America,PARTNER,SKU-1167,Bundle Case,Trading Cards,1,235.19,0.00,pending,17
ORD-004409,01-Mar-2025,CUST-00076,EMEA,wholesale,SKU-1097,Harvest Moon Valley,Board Games,2,35.09,0.00,completed,20
ORD-001750,2026-02-20 00:15:20,CUST-00463,  LATAM ,online,SKU-1246,Harvest Moon Valley,BOARD GAMES,2,66.12,0.05,pending,14
ORD-002429,2026-06-25 15:56:32,CUST-00110,APAC,retail,SKU-1191,Paint Set,Miniatures,3,78.14,0.00,refunded,4
ORD-004212,10-Feb-2025,CUST-00751,LATAM,online,SKU-1060,Paint Set,  Miniatures ,1,39.52,0.00,pending,1
ORD-004528,10/13/2025,CUST-00581,  APAC ,partner,SKU-1213,Deck Box,Accessories,1,18.77,0.15,refunded,11
ORD-001722,2026-01-11 13:58:33,CUST-01192,  North America ,online,SKU-1304,Warband Set,Miniatures,1,25.03,0.20,pending,16
ORD-003896,2025-06-22 21:46:31,CUST-01269,APAC,partner,SKU-1092,Harvest Moon Valley,Board Games,8,55.24,0.25,refunded,16
ORD-000054,2025-03-18 02:46:27,CUST-00042,APAC,  retail ,SKU-1200,1000pc Coastline,Puzzles,1,23.43,0.00,pending,17
ORD-001387,2025-05-26 17:27:47,CUST-01034,APAC,online,SKU-1102,500pc Night Market,Puzzles,2,27.99,0.00,refunded,10
ORD-001637,2025-05-30 11:52:55,CUST-01480,LATAM,online,SKU-1194,Terrain Kit,Miniatures,1,70.18,0.00,completed,15
ORD-003782,2025-05-11 11:44:10,CUST-01697,LATAM,  online ,SKU-1274,Paint Set,Miniatures,1,86.05,0.25,pending,5
ORD-001392,31-May-2025,CUST-01738,North America,online,SKU-1144,Dice Set,Accessories,1,36.19,0.00,cancelled,8
ORD-004578,2026-06-10 03:43:27,CUST-01166,emea,wholesale,SKU-1179,Hero Blister,Miniatures,1,42.81,0.00,refunded,7
ORD-002393,16-Apr-2025,CUST-00770,EMEA,online,SKU-1266,Cosmetic Bundle,Digital,8,$46.83,0.00,pending,16
ORD-003559,2025-02-18T01:18:08Z,CUST-01507,EMEA,RETAIL,SKU-1062,Promo Tin,  Trading Cards ,1,67.22,0.00,refunded,17
ORD-000889,2026-01-11 07:42:23,CUST-01389,LATAM,partner,SKU-1286,Signal Fire,  Board Games ,4,74.57,0.00,refunded,12
ORD-004121,2026-01-18 20:09:20,CUST-00158,EMEA,retail,SKU-1300,Starter Deck,trading cards,8,17.86,0.00,completed,17
ORD-000616,2025-03-20 06:21:32,CUST-01537,APAC,retail,SKU-1080,Playmat,  Accessories ,8,8.78,0.00,refunded,8
ORD-004057,2025-11-05 17:49:45,CUST-00787,North America,  partner ,SKU-1362,Hero Blister,Miniatures,1,59.31,0.05,cancelled,12
ORD-000782,02/07/2026,CUST-00875,North America,partner,SKU-1284,Warband Set,Miniatures,2,117.85,0.00,refunded,15
ORD-003796,2025-04-07 20:42:02,CUST-00276,EMEA,  online ,SKU-1326,Harvest Moon Valley,BOARD GAMES,4,72.74,0.15,pending,11
ORD-001624,2026-02-25 06:16:40,CUST-01068,LATAM,  online ,SKU-1216,Terrain Kit,Miniatures,1,98.89,0.00,refunded,10
ORD-001345,15-Sep-2025,CUST-01602,North America,partner,SKU-1278,Harvest Moon Valley,Board Games,2,76.21,0.00,completed,15
ORD-000514,2025-09-29 01:41:46,CUST-00786,EMEA,  partner ,SKU-1059,Hero Blister,Miniatures,2,141.83,0.00,refunded,14
ORD-004601,2026-01-19 01:55:45,CUST-00921,EMEA,retail,SKU-1173,500pc Night Market,Puzzles,1,29.57,0.00,refunded,1
ORD-002695,17-Oct-2025,CUST-01440,  North America ,wholesale,SKU-1245,Season Pass,Digital,1,32.03,0.15,refunded,13
ORD-001557,25-Mar-2026,CUST-01394,APAC,wholesale,SKU-1284,Booster Pack,Trading Cards,1,133.15,0.00,cancelled,16
ORD-004413,03/27/2026,CUST-00885,  North America ,  online ,SKU-1207,Promo Tin,Trading Cards,1,210.89,0.20,completed,9
ORD-003377,2025-05-10 05:55:21,CUST-01567,APAC,online,SKU-1132,Promo Tin,Trading Cards,3,153.31,0.00,completed,10
ORD-004500,2025-07-10 11:47:16,CUST-01492,APAC,online,SKU-1200,Playmat,Accessories,3,15.93,0.00,pending,19
ORD-002011,04/07/2026,CUST-01600,latam,WHOLESALE,SKU-1226,Trade Winds,Board Games,2,35.26,0.10,refunded,6
ORD-004375,2025-06-15 21:09:55,CUST-01371,EMEA,online,SKU-1282,Castle Siege,board games,12,54.81,0.00,cancelled,5
ORD-004466,03/07/2026,CUST-00939,EMEA,RETAIL,SKU-1188,2000pc Star Chart,Puzzles,1,34.73,0.00,cancelled,7
ORD-004006,2026-06-11 11:42:50,CUST-00922,  LATAM ,wholesale,SKU-1084,1000pc Coastline,Puzzles,2,14.34,0.10,completed,17
ORD-001001,2025-01-14 17:25:51,CUST-00361,APAC,online,SKU-1177,2000pc Star Chart,Puzzles,2,33.11,0.00,pending,15
ORD-004328,2025-08-19T09:55:27Z,CUST-01035,LATAM,retail,SKU-1361,Cosmetic Bundle,Digital,2,16.44,0.00,pending,1
ORD-002813,02/06/2026,,LATAM,retail,SKU-1096,500pc Night Market,  Puzzles ,4,14.42,0.00,pending,20
ORD-000622,12/31/2025,CUST-01086,EMEA,retail,SKU-1000,Promo Tin,Trading Cards,5,78.19,0.00,cancelled,12
ORD-003671,09-May-2026,CUST-01757,APAC,RETAIL,SKU-1347,Season Pass,Digital,2,35.10,0.00,refunded,15
ORD-003534,2025-08-04 15:26:56,CUST-01210,North America,wholesale,SKU-1132,Deck Box,Accessories,1,26.90,0.00,completed,7
ORD-002061,01/10/2026,CUST-01256,  LATAM ,retail,SKU-1333,500pc Night Market,Puzzles,1,23.97,0.00,pending,21
ORD-000378,06/29/2026,CUST-00136,EMEA,retail,SKU-1059,Deck Box,Accessories,4,10.79,0.25,completed,21
ORD-003837,31-Mar-2026,CUST-00837,EMEA,partner,SKU-1317,1000pc Coastline,Puzzles,3,14.16,0.25,pending,14
ORD-003582,2026-03-23 01:14:26,CUST-01776,LATAM,  retail ,SKU-1041,Hero Blister,Miniatures,1,89.44,0.00,pending,3
ORD-000864,04-Jun-2025,,North America,partner,SKU-1195,Warband Set,MINIATURES,1,122.13,0.00,completed,1
ORD-004175,2025-08-26T08:31:39Z,CUST-01368,EMEA,online,SKU-1174,Bundle Case,Trading Cards,2,137.12,0.00,completed,11
ORD-004400,2025-07-28 15:28:43,CUST-00952,LATAM,wholesale,SKU-1206,Paint Set,Miniatures,8,124.91,0.00,completed,1
ORD-001341,2025-05-05 19:49:49,CUST-00259,APAC,retail,SKU-1243,Booster Pack,Trading Cards,8,$218.48,0.15,cancelled,8
ORD-002737,15-Apr-2026,CUST-00055,EMEA,partner,SKU-1197,Expansion Key,  Digital ,2,$14.33,0.00,refunded,21
ORD-002864,2025-09-08 17:21:10,CUST-00545,EMEA,wholesale,SKU-1029,Signal Fire,Board Games,2,73.65,0.00,pending,16
ORD-001462,2025-04-16 19:44:45,CUST-00194,LATAM,wholesale,SKU-1225,Dice Set,ACCESSORIES,4,20.70,0.00,refunded,16
ORD-003893,2026-01-21 06:50:06,CUST-01553,APAC,wholesale,SKU-1360,Dice Set,Accessories,12,39.79,0.00,pending,8
ORD-001344,2026-06-30 22:39:09,CUST-01459,APAC,ONLINE,SKU-1251,Collector Box,Trading Cards,2,156.61,0.05,refunded,11
ORD-003974,2025-06-04 20:16:34,CUST-01085,  EMEA ,online,SKU-1351,Season Pass,Digital,3,$39.92,0.20,completed,5
ORD-000528,02/07/2025,CUST-01305,LATAM,retail,SKU-1313,Season Pass,Digital,2,5.85,0.00,completed,6
ORD-002519,02/19/2026,CUST-00633,LATAM,retail,SKU-1256,Bundle Case,  Trading Cards ,1,143.49,0.00,refunded,20
ORD-000279,2025-09-14 01:25:17,CUST-00347,LATAM,RETAIL,SKU-1302,Card Sleeves,Accessories,2,27.96,0.25,refunded,5
ORD-004360,2026-05-30 15:22:37,CUST-01366,LATAM,wholesale,SKU-1099,Terrain Kit,Miniatures,1,76.40,0.00,pending,7
ORD-002498,18-Feb-2025,CUST-01071,north america,retail,SKU-1249,Paint Set,miniatures,1,108.93,0.00,completed,14
ORD-000800,03/09/2026,CUST-00505,LATAM,wholesale,SKU-1267,Playmat,Accessories,-8,30.11,0.00,completed,5
ORD-000030,30-Aug-2025,CUST-01473,North America,retail,SKU-1206,Paint Set,Miniatures,1,44.49,0.05,pending,14
ORD-004144,2026-01-17 07:25:41,CUST-00692,North America,online,SKU-1021,1000pc Coastline,Puzzles,2,11.48,0.00,refunded,9
ORD-001404,2025-04-28 12:39:09,CUST-00901,EMEA,retail,SKU-1267,Cosmetic Bundle,Digital,2,$43.39,0.10,completed,11
ORD-002636,2025-11-30 18:48:32,CUST-00792,North America,online,SKU-1018,500pc Night Market,PUZZLES,3,12.83,0.10,cancelled,13
ORD-001740,2025-09-09 18:04:24,CUST-00079,North America,  wholesale ,SKU-1165,Card Sleeves,Accessories,-2,35.67,0.10,completed,15
ORD-002611,2026-06-04 14:09:34,CUST-01364,EMEA,retail,SKU-1283,500pc Night Market,Puzzles,2,11.43,0.00,refunded,4
ORD-000380,03/11/2026,CUST-00784,APAC,online,SKU-1021,Hero Blister,Miniatures,1,57.71,0.00,completed,13
ORD-001146,2025-09-10T17:28:00Z,CUST-01303,LATAM,retail,SKU-1148,Dice Set,accessories,2,12.01,0.00,cancelled,11
ORD-002412,02/07/2026,CUST-01056,North America,retail,SKU-1300,Signal Fire,Board Games,1,17.18,0.00,pending,9
ORD-004087,2026-03-29 15:24:15,CUST-01606,EMEA,wholesale,SKU-1001,Starter Deck,Trading Cards,-2,36.07,0.00,pending,7
ORD-003453,2025-02-13 09:37:32,CUST-00545,EMEA,wholesale,SKU-1362,Bundle Case,Trading Cards,1,76.12,0.00,cancelled,14
ORD-003064,2025-08-20 17:55:43,CUST-01601,APAC,  online ,SKU-1300,Playmat,Accessories,2,22.42,0.00,completed,13
ORD-004552,2025-03-05 07:42:24,CUST-01545,APAC,wholesale,SKU-1297,Season Pass,Digital,3,51.59,0.00,pending,20
ORD-004245,25-Apr-2026,CUST-00305,EMEA,retail,SKU-1096,Terrain Kit,Miniatures,1,$106.55,0.00,refunded,1
ORD-004718,2026-04-05 16:17:56,CUST-00734,EMEA,retail,SKU-1145,Starter Deck,TRADING CARDS,2,107.45,0.00,refunded,7
ORD-001295,2025-09-02 13:28:47,CUST-01158,LATAM,online,SKU-1080,Playmat,Accessories,2,16.50,0.00,cancelled,20
ORD-002240,2026-06-14 13:49:59,CUST-00416,APAC,partner,SKU-1145,500pc Night Market,Puzzles,1,21.28,0.00,cancelled,11
ORD-000991,2026-04-13 19:29:59,CUST-00702,APAC,online,SKU-1237,Card Sleeves,Accessories,2,17.00,0.20,cancelled,15
ORD-002476,06/25/2025,CUST-00160,LATAM,retail,SKU-1245,Cosmetic Bundle,Digital,2,43.11,0.10,completed,10
ORD-002110,2025-12-02T15:32:35Z,CUST-00046,EMEA,,SKU-1211,Playmat,Accessories,5,12.84,0.25,cancelled,3
ORD-002130,2025-08-31 22:53:30,CUST-00091,  EMEA ,online,SKU-1247,Bundle Case,  Trading Cards ,-12,74.35,0.00,completed,19
ORD-001467,01/17/2026,CUST-01362,  LATAM ,partner,SKU-1331,Collector Box,Trading Cards,1,62.89,0.00,refunded,21
ORD-000964,2025-12-05 11:09:47,CUST-00556,north america,ONLINE,SKU-1152,1000pc Coastline,Puzzles,3,33.80,0.00,pending,8
ORD-004478,10/21/2025,CUST-01600,North America,WHOLESALE,SKU-1007,Bundle Case,TRADING CARDS,3,201.54,0.20,cancelled,6
ORD-001881,2025-08-13 16:40:15,CUST-00574,North America,online,SKU-1368,Terrain Kit,Miniatures,2,53.03,0.15,cancelled,7
ORD-002518,02-Apr-2025,CUST-00858,LATAM,partner,SKU-1188,Cosmetic Bundle,Digital,1,4.53,0.00,completed,21
ORD-003947,2026-02-25 01:03:14,CUST-01326,North America,WHOLESALE,SKU-1272,2000pc Star Chart,puzzles,1,20.06,0.00,refunded,1
ORD-001551,2025-10-09 11:39:07,CUST-01521,North America,partner,SKU-1236,Card Sleeves,Accessories,4,26.37,0.00,completed,8
ORD-003231,2025-09-02 23:24:55,CUST-01252,LATAM,wholesale,SKU-1371,Warband Set,Miniatures,4,107.01,0.00,cancelled,7
ORD-001898,03-Feb-2026,CUST-00030,EMEA,online,SKU-1226,Dice Set,ACCESSORIES,1,23.69,0.00,cancelled,12
ORD-001641,2026-05-18 08:17:15,CUST-00373,APAC,retail,SKU-1249,Terrain Kit,Miniatures,2,122.14,0.00,pending,12
ORD-002291,2025-03-13 13:27:42,CUST-00680,EMEA,  online ,SKU-1072,Season Pass,DIGITAL,2,52.32,0.05,completed,3
ORD-003287,2026-03-17 18:06:41,CUST-00835,APAC,partner,SKU-1134,Terrain Kit,Miniatures,2,140.39,0.00,pending,11
ORD-003901,02/28/2025,CUST-01156,EMEA,retail,SKU-1324,Hero Blister,Miniatures,5,107.33,0.20,completed,5
ORD-002379,12/25/2025,CUST-00755,LATAM,partner,SKU-1381,Card Sleeves,  Accessories ,5,19.18,0.00,pending,21
ORD-000740,07/19/2025,CUST-00322,North America,retail,SKU-1322,Harvest Moon Valley,Board Games,4,64.71,0.00,completed,17
ORD-001292,2025-10-31 23:46:51,CUST-01321,EMEA,partner,SKU-1331,500pc Night Market,Puzzles,2,23.70,0.00,cancelled,17
ORD-000250,2026-03-24 10:30:52,CUST-01490,APAC,retail,SKU-1369,Deck Box,Accessories,2,22.07,0.00,pending,6
ORD-002758,2025-05-26T12:11:41Z,CUST-01665,APAC,partner,SKU-1292,Signal Fire,Board Games,2,18.75,0.00,cancelled,15
ORD-000603,11/19/2025,CUST-01507,EMEA,partner,SKU-1349,Terrain Kit,Miniatures,4,111.22,0.00,completed,3
ORD-004439,2026-05-18 10:18:26,CUST-01212,emea,retail,SKU-1218,Harvest Moon Valley,Board Games,2,34.34,0.00,pending,4
ORD-001070,25-Jan-2025,CUST-00980,North America,  online ,SKU-1334,Card Sleeves,Accessories,1,26.54,0.00,completed,18
ORD-000042,18-Sep-2025,CUST-00595,EMEA,wholesale,SKU-1245,Trade Winds,Board Games,1,67.33,0.10,completed,10
ORD-004183,2025-08-30 12:02:48,CUST-00584,LATAM,wholesale,SKU-1271,Dice Set,Accessories,1,39.61,0.00,pending,12
ORD-000560,2026-03-31 21:02:47,CUST-00417,EMEA,wholesale,SKU-1159,Signal Fire,BOARD GAMES,1,36.08,0.20,cancelled,5
ORD-004616,11/30/2025,CUST-01115,APAC,retail,SKU-1291,Warband Set,Miniatures,4,60.67,0.25,pending,12
ORD-000533,2025-05-20 13:09:23,CUST-00726,EMEA,retail,SKU-1400,Season Pass,Digital,5,18.42,0.00,refunded,7
ORD-004547,2025-09-22 15:57:38,CUST-01220,North America,  partner ,SKU-1002,Season Pass,DIGITAL,1,21.83,0.00,pending,13
ORD-001335,2025-08-17T10:25:57Z,CUST-00719,APAC,retail,SKU-1091,2000pc Star Chart,  Puzzles ,2,17.95,0.00,pending,7
ORD-000940,2025-06-12 02:10:27,CUST-00114,EMEA,wholesale,SKU-1251,Expansion Key,DIGITAL,2,29.06,0.15,pending,9
ORD-000219,2025-06-05 08:46:55,CUST-01032,APAC,retail,SKU-1022,Cosmetic Bundle,digital,2,23.18,0.05,refunded,14
ORD-003088,2025-11-02 13:51:23,CUST-00046,LATAM,online,SKU-1201,Cosmetic Bundle,DIGITAL,1,22.60,0.15,pending,9
ORD-003021,23-Dec-2025,CUST-01225,APAC,retail,SKU-1133,Card Sleeves,Accessories,5,29.39,0.20,completed,3
ORD-002205,30-Jan-2026,CUST-00888,APAC,wholesale,SKU-1362,Hero Blister,Miniatures,8,68.44,0.15,refunded,21
ORD-001647,2025-10-23 00:13:36,CUST-00292,North America,partner,SKU-1019,1000pc Coastline,Puzzles,1,26.59,0.00,refunded,14
ORD-004261,2025-10-27T03:09:26Z,CUST-00236,APAC,retail,SKU-1122,1000pc Coastline,Puzzles,12,20.66,0.00,completed,17
ORD-001411,2025-05-15 18:53:20,CUST-01465,LATAM,wholesale,SKU-1115,Castle Siege,BOARD GAMES,1,64.13,0.00,completed,6
ORD-004249,2026-03-10 13:23:46,CUST-01560,LATAM,wholesale,SKU-1334,Signal Fire,BOARD GAMES,1,67.81,0.00,cancelled,9
ORD-002589,2026-06-06T01:33:53Z,CUST-00678,LATAM,partner,SKU-1377,Dungeon Delve,Board Games,2,69.38,0.00,completed,1
ORD-000524,01/24/2025,CUST-00281,EMEA,online,SKU-1389,Playmat,Accessories,2,14.47,0.00,pending,13
ORD-000264,2025-04-08 02:41:22,CUST-01507,EMEA,wholesale,SKU-1068,Card Sleeves,Accessories,1,6.97,0.00,cancelled,6
ORD-004981,08/25/2025,CUST-01250,LATAM,online,SKU-1214,Harvest Moon Valley,Board Games,2,44.31,0.25,pending,6
ORD-002857,2025-10-29 07:05:30,CUST-01590,EMEA,online,SKU-1079,Harvest Moon Valley,Board Games,1,38.75,0.15,cancelled,16
ORD-002844,05/04/2025,CUST-01662,EMEA,partner,SKU-1058,Dice Set,Accessories,1,$7.34,0.00,completed,1
ORD-000190,2025-07-11 17:41:10,CUST-01328,latam,ONLINE,SKU-1272,Harvest Moon Valley,Board Games,1,76.34,0.00,cancelled,7
ORD-001192,2025-07-26 20:28:38,CUST-00378,North America,retail,SKU-1326,Terrain Kit,  Miniatures ,1,58.86,0.00,completed,21
ORD-003140,2025-07-29T11:12:36Z,CUST-00944,LATAM,wholesale,SKU-1030,Warband Set,Miniatures,1,95.12,0.10,completed,4
ORD-001525,27-Feb-2025,CUST-01050,APAC,wholesale,SKU-1206,Dice Set,Accessories,2,13.84,0.00,pending,18
ORD-003935,02/28/2025,CUST-01472,EMEA,online,SKU-1088,Paint Set,Miniatures,1,81.27,0.00,cancelled,
ORD-002317,2026-06-08T07:32:42Z,CUST-00444,North America,retail,SKU-1347,Starter Deck,trading cards,2,156.40,0.00,cancelled,10
ORD-004629,2026-05-11 13:06:39,CUST-00909,EMEA,wholesale,SKU-1158,500pc Night Market,PUZZLES,1,$34.74,0.00,completed,4
ORD-002255,2025-08-09 15:30:46,CUST-00815,North America,retail,SKU-1395,Playmat,Accessories,8,$5.40,0.20,pending,2
ORD-003325,29-Apr-2025,,North America,wholesale,SKU-1124,Season Pass,Digital,3,15.04,0.00,cancelled,16
ORD-000362,2025-10-04T05:42:15Z,CUST-00842,North America,partner,SKU-1008,Warband Set,Miniatures,1,56.04,0.00,pending,9
ORD-000619,2025-06-25T11:52:58Z,CUST-01499,LATAM,retail,SKU-1350,Dungeon Delve,board games,4,79.07,0.00,refunded,7
ORD-000291,2026-05-21T20:02:07Z,CUST-01417,,wholesale,SKU-1027,Castle Siege,Board Games,4,44.53,0.00,completed,12
ORD-002677,2026-06-06 03:46:52,CUST-01184,LATAM,retail,SKU-1183,Dice Set,Accessories,1,38.99,0.15,pending,14
ORD-003526,2025-08-25 04:14:40,CUST-00089,NORTH AMERICA,WHOLESALE,SKU-1298,1000pc Coastline,Puzzles,1,12.38,0.15,refunded,15
ORD-002625,2025-08-28 19:01:50,CUST-01010,EMEA,wholesale,SKU-1245,Deck Box,Accessories,2,$30.95,0.00,pending,2
ORD-000039,04/05/2025,CUST-01290,APAC,partner,SKU-1029,Playmat,Accessories,1,7.79,0.00,completed,21
ORD-004495,30-Mar-2026,CUST-00971,APAC,wholesale,SKU-1389,Cosmetic Bundle,Digital,1,37.73,0.10,completed,20
ORD-003330,2026-03-31 11:15:28,CUST-00713,EMEA,wholesale,SKU-1183,Promo Tin,Trading Cards,1,225.08,0.00,pending,19
ORD-004930,06/12/2026,CUST-01772,APAC,online,SKU-1275,Card Sleeves,Accessories,1,13.41,0.00,completed,11
ORD-002331,2025-10-17T06:29:03Z,CUST-01138,LATAM,retail,SKU-1120,Trade Winds,BOARD GAMES,3,67.54,0.00,completed,11
ORD-004415,2026-02-24 22:35:42,CUST-01404,APAC,wholesale,SKU-1219,Paint Set,Miniatures,1,61.03,0.00,cancelled,5
ORD-004421,05/21/2025,CUST-01671,APAC,retail,SKU-1099,Trade Winds,Board Games,1,16.80,0.20,completed,5
ORD-004742,02/12/2025,CUST-01799,LATAM,RETAIL,SKU-1102,Harvest Moon Valley,Board Games,5,34.70,0.00,pending,20
ORD-002845,2025-02-09 08:28:15,CUST-00320,LATAM,wholesale,SKU-1309,Dungeon Delve,Board Games,4,63.26,0.00,refunded,1
ORD-000101,13-Sep-2025,CUST-01168,LATAM,online,SKU-1204,Paint Set,MINIATURES,1,143.65,0.00,refunded,12
ORD-000516,2025-08-07 15:11:57,CUST-00129,North America,retail,SKU-1219,Trade Winds,Board Games,1,25.20,0.00,pending,21
ORD-003300,2026-04-18 01:47:23,CUST-00741,North America,partner,SKU-1251,Card Sleeves,ACCESSORIES,2,10.73,0.00,completed,12
ORD-003463,2025-10-15T05:33:19Z,CUST-00065,APAC,retail,SKU-1308,Terrain Kit,Miniatures,2,72.91,0.00,pending,18
ORD-003755,2025-03-14 08:24:24,CUST-00144,APAC,retail,SKU-1193,Collector Box,Trading Cards,3,239.08,0.00,pending,12
ORD-002807,02/22/2026,CUST-01237,North America,wholesale,SKU-1376,Season Pass,Digital,2,32.65,0.00,pending,3
ORD-001046,2026-02-25 18:59:03,CUST-01633,LATAM,partner,SKU-1299,1000pc Coastline,Puzzles,1,27.83,0.00,cancelled,9
ORD-001552,2026-02-05 18:37:57,CUST-00771,  APAC ,retail,SKU-1054,Paint Set,Miniatures,3,29.38,0.00,completed,21
ORD-004821,2025-11-14 07:51:21,CUST-00721,EMEA,wholesale,SKU-1249,2000pc Star Chart,Puzzles,1,31.51,0.00,pending,21
ORD-000235,03-Apr-2026,CUST-01180,APAC,retail,SKU-1021,Dice Set,  Accessories ,4,26.81,0.00,refunded,12
ORD-004878,09/01/2025,CUST-00147,EMEA,WHOLESALE,SKU-1164,1000pc Coastline,Puzzles,2,24.76,0.25,completed,5
ORD-003895,2025-04-10 03:01:22,CUST-00422,latam,retail,SKU-1313,Dice Set,Accessories,1,25.22,0.00,refunded,18
ORD-001567,08/30/2025,CUST-00958,LATAM,online,SKU-1003,Expansion Key,Digital,1,48.98,0.00,completed,15
ORD-001956,2026-06-04 07:48:47,CUST-00734,EMEA,retail,SKU-1226,Playmat,Accessories,1,16.16,0.00,refunded,2
ORD-001296,2026-01-03 12:45:13,CUST-00076,EMEA,retail,SKU-1208,Deck Box,Accessories,3,38.39,0.20,cancelled,
ORD-002562,26-Sep-2025,CUST-00157,EMEA,partner,SKU-1270,Terrain Kit,  Miniatures ,5,84.12,0.00,cancelled,15
ORD-003676,2025-07-09 11:33:01,,APAC,partner,SKU-1085,1000pc Coastline,Puzzles,1,$29.23,0.00,cancelled,12
ORD-002563,2025-03-17T05:35:25Z,CUST-01761,EMEA,retail,SKU-1188,Card Sleeves,Accessories,1,37.83,0.00,cancelled,11
ORD-001621,2026-02-28 19:09:20,CUST-00750,EMEA,PARTNER,SKU-1172,Dice Set,  Accessories ,1,10.11,0.00,refunded,5
ORD-001656,2026-04-17T06:37:37Z,CUST-01596,APAC,wholesale,SKU-1257,Promo Tin,Trading Cards,1,236.88,0.15,completed,10
ORD-001984,2026-06-12 00:54:04,CUST-01061,EMEA,retail,SKU-1260,Terrain Kit,Miniatures,1,30.65,0.00,pending,1
ORD-004956,2025-01-30 06:46:20,CUST-01684,LATAM,online,SKU-1271,Warband Set,miniatures,5,89.31,0.00,completed,21
ORD-002818,2025-05-21 15:46:21,CUST-01660,North America,wholesale,SKU-1287,Collector Box,TRADING CARDS,3,126.51,0.00,cancelled,20
ORD-000573,2025-03-24 08:17:24,CUST-01551,LATAM,wholesale,SKU-1095,Dice Set,Accessories,3,37.30,0.00,cancelled,17
ORD-001783,2025-07-03 08:03:43,CUST-00105,LATAM,wholesale,SKU-1139,2000pc Star Chart,Puzzles,4,16.00,0.00,completed,6
ORD-003506,05/10/2025,CUST-01598,EMEA,retail,SKU-1020,Hero Blister,Miniatures,1,61.86,0.00,pending,18
ORD-003167,04/21/2025,CUST-00325,LATAM,partner,SKU-1275,Signal Fire,board games,3,18.73,0.00,completed,4
ORD-003062,2025-07-19 10:39:14,CUST-00314,LATAM,wholesale,SKU-1348,Expansion Key,  Digital ,3,38.03,0.00,refunded,18
ORD-003520,2026-01-24 11:00:06,CUST-00193,North America,RETAIL,SKU-1275,Trade Winds,Board Games,-1,21.18,0.25,refunded,16
ORD-002714,2025-09-04 05:42:26,CUST-01253,North America,online,SKU-1341,2000pc Star Chart,Puzzles,2,18.06,0.00,cancelled,
ORD-004433,02/08/2025,CUST-00401,  EMEA ,online,SKU-1184,Card Sleeves,ACCESSORIES,1,32.10,0.00,completed,21
ORD-000221,2025-07-07 01:13:58,CUST-00006,LATAM,online,SKU-1106,Booster Pack,Trading Cards,2,163.69,0.15,refunded,12
ORD-003522,2026-02-05 20:58:44,CUST-00543,APAC,retail,SKU-1316,1000pc Coastline,Puzzles,2,14.55,0.00,completed,13
ORD-001589,2025-07-25 05:30:38,CUST-01293,North America,online,SKU-1229,2000pc Star Chart,Puzzles,1,$29.84,0.00,refunded,14
ORD-002759,2025-10-11 02:26:14,CUST-01256,apac,partner,SKU-1352,Card Sleeves,Accessories,2,8.67,0.00,cancelled,2
ORD-002338,2025-04-06 05:30:08,CUST-01735,  APAC ,online,SKU-1029,Starter Deck,  Trading Cards ,3,198.39,0.00,refunded,4
ORD-000073,24-Dec-2025,CUST-01243,EMEA,online,SKU-1293,Deck Box,  Accessories ,2,32.34,0.00,cancelled,10
ORD-004337,11/19/2025,CUST-00559,LATAM,  wholesale ,SKU-1323,Hero Blister,Miniatures,4,100.81,0.00,refunded,13
ORD-004513,2025-11-13T04:10:49Z,CUST-01619,EMEA,partner,SKU-1070,Starter Deck,  Trading Cards ,2,226.49,0.00,cancelled,17
ORD-001492,2025-05-30 13:03:17,CUST-00729,  APAC ,,SKU-1281,Terrain Kit,Miniatures,2,40.64,0.25,completed,19
ORD-000518,30-Apr-2025,CUST-01731,EMEA,WHOLESALE,SKU-1011,Warband Set,MINIATURES,1,21.79,0.05,cancelled,16
ORD-004598,2026-04-07 15:40:04,CUST-00087,EMEA,wholesale,SKU-1280,Terrain Kit,Miniatures,2,120.29,0.00,pending,2
ORD-004365,20-Jul-2025,CUST-01517,APAC,partner,SKU-1334,Booster Pack,trading cards,3,205.21,0.00,pending,8
ORD-004201,04/22/2026,CUST-00103,EMEA,retail,SKU-1025,Harvest Moon Valley,BOARD GAMES,2,69.73,0.00,refunded,7
ORD-002718,2025-05-01 16:26:42,CUST-00689,EMEA,wholesale,SKU-1359,2000pc Star Chart,Puzzles,2,$11.31,0.25,pending,11
ORD-003826,02-Apr-2025,CUST-01444,APAC,retail,SKU-1022,Hero Blister,Miniatures,8,135.93,0.00,pending,20
ORD-001809,2025-08-12 04:28:40,CUST-01501,North America,online,SKU-1128,Paint Set,MINIATURES,5,83.08,0.20,pending,1
ORD-004287,06/22/2026,CUST-01670,latam,  partner ,SKU-1108,500pc Night Market,Puzzles,3,25.23,0.00,refunded,10
ORD-002980,2025-05-13 22:45:45,CUST-00865,EMEA,partner,SKU-1245,Trade Winds,Board Games,3,62.24,0.00,refunded,9
ORD-004217,10-Dec-2025,CUST-00522,EMEA,wholesale,SKU-1016,Paint Set,Miniatures,2,73.66,0.00,cancelled,9
ORD-003842,2025-11-22 18:54:54,CUST-01631,LATAM,retail,SKU-1079,2000pc Star Chart,puzzles,1,24.97,0.00,pending,5
ORD-003829,2025-09-10 21:18:30,CUST-01113,North America,online,SKU-1046,1000pc Coastline,Puzzles,1,21.91,0.00,cancelled,12
ORD-001973,2026-04-10 22:52:42,CUST-00659,APAC,retail,SKU-1003,Dungeon Delve,Board Games,1,76.32,0.00,cancelled,13
ORD-000132,2026-04-13 14:27:26,CUST-00170,LATAM,partner,SKU-1104,Warband Set,Miniatures,1,119.65,0.00,pending,5
ORD-002023,03-Jan-2026,CUST-00405,EMEA,wholesale,SKU-1328,Hero Blister,miniatures,3,127.06,0.00,pending,18
ORD-000152,2025-04-09 09:11:54,CUST-01656,EMEA,partner,SKU-1318,Bundle Case,Trading Cards,3,214.19,0.00,cancelled,14
ORD-000734,13-Apr-2026,CUST-01793,NORTH AMERICA,retail,SKU-1176,Season Pass,Digital,2,41.98,0.00,completed,2
ORD-000906,2025-11-13T02:57:58Z,CUST-00721,EMEA,online,SKU-1333,Warband Set,miniatures,1,111.78,0.00,pending,16
ORD-003462,2025-01-17 06:34:31,CUST-00902,APAC,wholesale,SKU-1043,Harvest Moon Valley,Board Games,1,22.09,0.00,pending,14
ORD-000530,2026-05-12 08:23:52,CUST-01405,  North America ,wholesale,SKU-1246,1000pc Coastline,Puzzles,1,26.15,0.00,pending,19
ORD-002889,2025-09-18 16:58:53,CUST-01287,EMEA,online,SKU-1125,Expansion Key,Digital,3,6.29,0.00,refunded,11
ORD-004998,18-Jun-2025,CUST-00691,LATAM,partner,SKU-1246,Season Pass,Digital,3,23.72,0.00,cancelled,11
ORD-001887,2026-04-30 10:48:28,CUST-01423,APAC,online,SKU-1222,Season Pass,Digital,2,48.13,0.00,pending,8
ORD-004076,05-Sep-2025,CUST-01179,EMEA,partner,SKU-1044,500pc Night Market,Puzzles,12,17.85,0.00,pending,19
ORD-004597,09/05/2025,CUST-00955,APAC,wholesale,SKU-1276,Playmat,Accessories,2,23.33,0.00,pending,11
ORD-002598,10/29/2025,CUST-00480,NORTH AMERICA,online,SKU-1221,Starter Deck,Trading Cards,1,175.36,0.10,refunded,18
ORD-003759,2025-09-16 04:46:36,CUST-01794,NORTH AMERICA,online,SKU-1058,Terrain Kit,Miniatures,2,128.22,0.05,refunded,21
ORD-000669,06/20/2026,CUST-01513,north america,online,SKU-1003,Bundle Case,Trading Cards,3,35.79,0.20,completed,7
ORD-004079,15-Jun-2026,CUST-01398,North America,wholesale,SKU-1064,Signal Fire,  Board Games ,1,54.23,0.15,refunded,16
ORD-001650,2026-04-06 04:53:54,CUST-01786,APAC,retail,SKU-1102,Terrain Kit,Miniatures,1,33.57,0.20,cancelled,6
ORD-000851,2025-07-29 06:43:55,CUST-00707,LATAM,partner,SKU-1020,Terrain Kit,  Miniatures ,5,$133.72,0.00,pending,10
ORD-001065,2025-10-12 17:28:19,CUST-00645,LATAM,partner,SKU-1345,Castle Siege,Board Games,1,21.09,0.00,pending,18
ORD-002776,2025-07-12 05:06:57,CUST-01592,APAC,retail,SKU-1235,Season Pass,Digital,2,13.64,0.15,cancelled,19
ORD-001178,2025-06-18 04:51:00,CUST-00186,North America,partner,SKU-1343,Bundle Case,Trading Cards,2,169.17,0.00,cancelled,18
ORD-003849,2026-01-21 03:56:23,CUST-00715,APAC,retail,SKU-1069,Season Pass,digital,1,43.75,0.00,refunded,15
ORD-004125,30-Oct-2025,CUST-00362,APAC,  online ,SKU-1210,Deck Box,Accessories,1,20.38,0.00,completed,15
ORD-000925,05/08/2026,CUST-00621,LATAM,  online ,SKU-1371,Deck Box,Accessories,1,$26.72,0.05,refunded,21
ORD-004693,10/15/2025,CUST-01602,EMEA,wholesale,SKU-1218,Paint Set,Miniatures,3,79.80,0.00,pending,4
ORD-003745,10/07/2025,CUST-00402,EMEA,partner,SKU-1061,Bundle Case,Trading Cards,8,185.45,0.00,refunded,18
ORD-002319,12-Jul-2025,CUST-01062,apac,online,SKU-1223,Dice Set,Accessories,2,25.88,0.00,pending,13
ORD-002875,2026-02-23 09:07:05,CUST-01259,APAC,partner,SKU-1067,Warband Set,Miniatures,1,99.36,0.10,completed,11
ORD-002078,09/07/2025,CUST-00852,North America,partner,SKU-1347,Promo Tin,Trading Cards,3,49.63,0.15,pending,10
ORD-004151,05/05/2025,CUST-00312,APAC,online,SKU-1141,Collector Box,Trading Cards,3,217.41,0.15,cancelled,2
ORD-001974,03/12/2025,CUST-01689,LATAM,retail,SKU-1105,2000pc Star Chart,Puzzles,1,16.93,0.10,cancelled,12
ORD-001841,2025-06-19 05:19:04,CUST-00792,LATAM,online,SKU-1320,Starter Deck,TRADING CARDS,1,88.33,0.00,cancelled,1
ORD-001975,2026-03-04 07:29:54,CUST-00216,APAC,retail,SKU-1389,Booster Pack,trading cards,2,170.42,0.00,cancelled,3
ORD-004129,2025-02-19 16:32:09,CUST-01562,APAC,online,SKU-1147,Trade Winds,Board Games,4,26.95,0.00,completed,18
ORD-000994,2025-11-05 06:31:36,CUST-01603,EMEA,partner,SKU-1236,Dice Set,Accessories,3,30.83,0.10,pending,13
ORD-004543,2026-01-29 03:16:00,CUST-00241,APAC,wholesale,SKU-1336,2000pc Star Chart,Puzzles,1,29.43,0.00,cancelled,21
ORD-002969,22-Feb-2026,CUST-01035,North America,retail,SKU-1322,Card Sleeves,Accessories,1,28.83,0.00,cancelled,6
ORD-001772,2026-01-24 03:13:29,CUST-00342,APAC,partner,SKU-1338,Paint Set,Miniatures,1,102.04,0.25,refunded,15
ORD-000172,2025-11-07 03:19:17,CUST-00352,  APAC ,online,SKU-1290,Cosmetic Bundle,Digital,4,$22.64,0.25,pending,17
ORD-001397,08/09/2025,CUST-00277,EMEA,wholesale,SKU-1367,Cosmetic Bundle,Digital,3,37.06,0.00,refunded,8
ORD-002332,2025-11-16 21:56:37,CUST-00877,EMEA,RETAIL,SKU-1264,Cosmetic Bundle,Digital,2,44.58,0.00,refunded,6
ORD-004428,2026-05-10 14:02:54,CUST-01532,APAC,partner,SKU-1269,Terrain Kit,Miniatures,1,99.45,0.00,pending,3
ORD-004050,2025-02-25 00:18:02,CUST-01518,APAC,partner,SKU-1098,Cosmetic Bundle,Digital,12,51.70,0.20,completed,6
ORD-004979,2026-04-17 04:53:16,CUST-00615,NORTH AMERICA,WHOLESALE,SKU-1340,Expansion Key,Digital,-3,$20.04,0.00,refunded,1
ORD-004028,04/25/2025,CUST-01710,EMEA,wholesale,SKU-1242,Card Sleeves,Accessories,1,24.65,0.10,completed,3
ORD-002392,26-Apr-2025,CUST-00540,  APAC ,wholesale,SKU-1127,Bundle Case,Trading Cards,3,67.90,0.00,cancelled,21
ORD-002926,2025-11-04 16:56:17,CUST-00790,North America,retail,SKU-1366,Playmat,Accessories,2,12.32,0.00,cancelled,4
ORD-001658,06/12/2025,CUST-00952,APAC,online,SKU-1360,1000pc Coastline,Puzzles,1,11.69,0.00,cancelled,15
ORD-001117,2025-10-20T08:45:58Z,CUST-01509,APAC,online,SKU-1091,1000pc Coastline,Puzzles,3,33.80,0.00,completed,1
ORD-002289,12/14/2025,CUST-00149,latam,wholesale,SKU-1061,Booster Pack,Trading Cards,3,26.52,0.25,cancelled,15
ORD-003093,09/14/2025,CUST-01273,North America,online,SKU-1102,500pc Night Market,Puzzles,3,$29.97,0.00,completed,17
ORD-004679,2025-10-05 11:35:01,CUST-01482,North America,retail,SKU-1090,Collector Box,TRADING CARDS,4,147.87,0.05,completed,15
ORD-000781,2026-04-21 00:24:50,CUST-00642,APAC,wholesale,SKU-1231,Castle Siege,Board Games,2,48.90,0.10,completed,11
ORD-003564,2025-11-06 20:29:17,CUST-01453,North America,  wholesale ,SKU-1136,Terrain Kit,Miniatures,2,70.46,0.25,cancelled,14
ORD-000053,2026-02-19T04:07:09Z,CUST-01465,EMEA,retail,SKU-1282,500pc Night Market,Puzzles,12,22.70,0.00,completed,17
ORD-004618,2025-01-18 18:44:10,CUST-00571,LATAM,ONLINE,SKU-1312,1000pc Coastline,Puzzles,1,24.84,0.10,refunded,19
ORD-001328,2026-04-07T19:31:19Z,CUST-01559,  EMEA ,partner,SKU-1088,Paint Set,Miniatures,5,48.89,0.10,completed,10
ORD-002308,2025-10-27 21:03:34,CUST-01072,North America,wholesale,SKU-1154,Dice Set,ACCESSORIES,1,37.06,0.00,cancelled,19
ORD-004792,2025-08-31 02:14:15,CUST-00970,LATAM,wholesale,SKU-1104,Season Pass,Digital,1,18.28,0.00,pending,14
ORD-003297,05/05/2026,CUST-00589,LATAM,,SKU-1340,Paint Set,Miniatures,3,107.63,0.20,pending,6
ORD-004474,2025-01-07 03:36:36,CUST-00858,APAC,retail,SKU-1311,2000pc Star Chart,PUZZLES,5,33.83,0.15,cancelled,18
ORD-002606,2025-03-18 01:32:43,CUST-00987,EMEA,partner,SKU-1119,Trade Winds,Board Games,1,51.82,0.00,completed,19
ORD-004784,2025-01-18 17:06:36,CUST-01458,APAC,wholesale,SKU-1246,Promo Tin,Trading Cards,1,45.40,0.00,pending,14
ORD-004810,09-Apr-2025,CUST-01345,LATAM,online,SKU-1175,Terrain Kit,Miniatures,1,48.93,0.00,completed,14
ORD-003369,05/02/2026,CUST-01454,LATAM,retail,SKU-1117,Playmat,Accessories,5,17.39,0.15,cancelled,9
ORD-000650,05/20/2026,CUST-00585,LATAM,online,SKU-1118,Dice Set,Accessories,1,14.54,0.25,pending,14
ORD-001893,2026-01-05 04:02:08,CUST-00438,LATAM,partner,SKU-1013,2000pc Star Chart,Puzzles,4,26.34,0.00,completed,13
ORD-003230,2026-05-29 16:30:14,CUST-00320,APAC,ONLINE,SKU-1331,Castle Siege,Board Games,5,66.98,0.00,pending,19
ORD-004249,2026-03-10 13:23:46,CUST-01560,LATAM,wholesale,SKU-1334,Signal Fire,BOARD GAMES,1,67.81,0.00,cancelled,9
ORD-002796,01-Jul-2025,CUST-01581,,wholesale,SKU-1083,Cosmetic Bundle,Digital,2,$53.83,0.00,completed,7
ORD-003917,2025-07-01 07:02:49,CUST-01581,apac,retail,SKU-1022,Deck Box,accessories,3,8.94,0.05,refunded,16
ORD-002745,2025-05-11 13:27:12,CUST-01207,LATAM,wholesale,SKU-1213,Castle Siege,BOARD GAMES,1,$28.50,0.20,completed,10
ORD-001561,13-Jun-2026,CUST-00518,APAC,online,SKU-1231,Promo Tin,Trading Cards,1,16.61,0.00,refunded,7
ORD-002631,2026-02-03 23:16:50,CUST-00713,LATAM,retail,SKU-1032,Hero Blister,Miniatures,12,135.09,0.05,refunded,20
ORD-002128,28-Mar-2026,CUST-01733,EMEA,retail,SKU-1019,Deck Box,Accessories,2,8.79,0.00,cancelled,1
ORD-004398,2025-11-04 17:11:00,CUST-01695,APAC,wholesale,SKU-1226,1000pc Coastline,PUZZLES,1,15.45,0.10,refunded,16
ORD-004712,2025-06-14 20:27:53,CUST-00260,EMEA,  retail ,SKU-1325,Terrain Kit,Miniatures,2,62.75,0.00,refunded,17
ORD-001869,04/12/2026,CUST-00336,North America,wholesale,SKU-1303,Booster Pack,TRADING CARDS,3,$140.69,0.00,completed,15
ORD-004611,03-Sep-2025,CUST-00220,APAC,ONLINE,SKU-1089,Harvest Moon Valley,  Board Games ,1,47.09,0.25,completed,11
ORD-001547,2025-09-13 14:41:12,CUST-01750,emea,partner,SKU-1345,Expansion Key,Digital,1,48.38,0.15,cancelled,10
ORD-002107,2026-02-05 21:52:54,CUST-00565,LATAM,online,SKU-1133,Terrain Kit,Miniatures,1,63.38,0.00,cancelled,14
ORD-001848,2026-01-01T16:50:22Z,CUST-01557,North America,wholesale,SKU-1378,Terrain Kit,Miniatures,1,80.69,0.00,pending,11
ORD-002141,2025-09-29 05:49:49,,  LATAM ,retail,SKU-1142,Collector Box,  Trading Cards ,3,119.71,0.00,cancelled,17
ORD-000232,2025-04-25 07:45:04,CUST-00841,APAC,wholesale,SKU-1395,Promo Tin,Trading Cards,2,100.18,0.00,cancelled,4
ORD-000692,2025-09-02 09:24:14,CUST-00728,APAC,retail,SKU-1252,Card Sleeves,accessories,2,21.89,0.00,completed,16
ORD-002444,09/12/2025,CUST-01597,APAC,,SKU-1336,2000pc Star Chart,PUZZLES,3,23.68,0.15,cancelled,17
ORD-003347,2025-11-08T00:05:46Z,CUST-00724,North America,online,SKU-1366,Paint Set,Miniatures,2,$108.26,0.10,refunded,3
ORD-004154,09/03/2025,CUST-01555,APAC,wholesale,SKU-1082,Expansion Key,Digital,2,11.29,0.05,cancelled,9
ORD-004640,17-Oct-2025,CUST-01237,  North America ,online,SKU-1177,Dice Set,accessories,3,11.05,0.00,cancelled,4
ORD-002419,2025-07-27 14:00:19,CUST-00524,EMEA,online,SKU-1213,Cosmetic Bundle,Digital,2,13.44,0.00,cancelled,19
ORD-003458,2025-04-25 17:11:06,CUST-00349,North America,  retail ,SKU-1051,Cosmetic Bundle,Digital,2,50.25,0.00,refunded,20
ORD-003383,2026-01-09 06:51:45,CUST-00722,North America,WHOLESALE,SKU-1291,Season Pass,Digital,4,23.05,0.00,cancelled,15
ORD-002661,2025-10-12 15:27:00,CUST-01227,LATAM,wholesale,SKU-1158,Deck Box,Accessories,2,23.59,0.00,cancelled,10
ORD-004442,01/11/2026,CUST-01800,LATAM,RETAIL,SKU-1334,Hero Blister,MINIATURES,3,91.57,0.00,cancelled,21
ORD-000109,09-Feb-2025,CUST-01480,LATAM,partner,SKU-1126,Terrain Kit,Miniatures,1,90.21,0.00,pending,17
ORD-000885,11/19/2025,CUST-00957,North America,WHOLESALE,SKU-1176,500pc Night Market,Puzzles,3,28.36,0.00,completed,16
ORD-001209,2026-06-10 15:49:04,CUST-01131,APAC,partner,SKU-1203,Trade Winds,Board Games,1,54.30,0.00,refunded,7
ORD-004851,2025-07-18 21:48:40,CUST-01545,EMEA,online,SKU-1293,Deck Box,ACCESSORIES,1,32.24,0.00,cancelled,6
ORD-000556,2025-06-20 13:21:31,CUST-01728,North America,partner,SKU-1116,Castle Siege,Board Games,5,30.22,0.00,completed,18
ORD-001996,13-Sep-2025,CUST-01549,North America,wholesale,SKU-1204,Season Pass,Digital,2,28.29,0.00,refunded,15
ORD-000847,05/27/2026,CUST-01346,NORTH AMERICA,online,SKU-1289,2000pc Star Chart,Puzzles,2,19.29,0.00,refunded,1
ORD-001542,2025-10-03 18:21:42,CUST-01299,North America,wholesale,SKU-1262,Starter Deck,Trading Cards,-1,$147.39,0.00,refunded,10
ORD-001706,2025-11-20 05:04:01,CUST-00008,LATAM,online,SKU-1073,Cosmetic Bundle,Digital,3,50.91,0.00,refunded,5
ORD-001144,2025-09-09 02:05:52,CUST-00650,LATAM,partner,SKU-1183,Playmat,accessories,1,13.88,0.00,cancelled,1
ORD-004800,2025-06-26 12:05:48,CUST-00920,APAC,wholesale,SKU-1110,Cosmetic Bundle,digital,1,30.63,0.05,pending,2
ORD-000829,2025-10-20T08:51:53Z,CUST-00664,LATAM,wholesale,SKU-1236,Collector Box,Trading Cards,1,168.64,0.00,pending,14
ORD-000663,08/22/2025,CUST-00329,LATAM,  wholesale ,SKU-1051,Collector Box,Trading Cards,3,112.43,0.00,cancelled,18
ORD-004224,01/27/2025,CUST-01234,EMEA,partner,SKU-1048,Card Sleeves,accessories,4,11.26,0.10,completed,21
ORD-004891,2026-05-04 11:24:38,CUST-00029,LATAM,online,SKU-1254,Season Pass,Digital,1,8.86,0.00,completed,9
ORD-002018,2025-04-16 15:31:59,CUST-01740,North America,partner,SKU-1242,Warband Set,Miniatures,2,109.04,0.10,cancelled,19
ORD-001773,2025-04-03 18:33:15,CUST-01598,North America,online,SKU-1261,Terrain Kit,Miniatures,1,30.91,0.00,refunded,20
ORD-002750,2025-10-14 21:27:25,CUST-01102,LATAM,,SKU-1216,Starter Deck,Trading Cards,2,36.32,0.00,pending,6
ORD-003207,2025-04-30 03:03:47,CUST-01520,APAC,partner,SKU-1110,Paint Set,MINIATURES,2,53.53,0.00,pending,11
ORD-000305,2026-04-30 21:24:06,CUST-00948,EMEA,retail,SKU-1240,Playmat,Accessories,1,5.88,0.00,pending,10
ORD-003872,09/18/2025,CUST-00480,LATAM,wholesale,SKU-1149,Cosmetic Bundle,Digital,1,4.80,0.25,completed,15
ORD-003771,2025-08-02 17:26:55,CUST-00114,APAC,wholesale,SKU-1027,Expansion Key,Digital,2,4.07,0.00,completed,5
ORD-003310,2025-05-30 18:59:58,CUST-01295,NORTH AMERICA,PARTNER,SKU-1010,Deck Box,Accessories,2,38.35,0.00,refunded,6
ORD-002506,2025-08-02T17:36:59Z,CUST-00688,  EMEA ,WHOLESALE,SKU-1187,Signal Fire,Board Games,1,49.14,0.00,pending,21
ORD-000162,15-Jun-2025,CUST-01797,NORTH AMERICA,partner,SKU-1158,Harvest Moon Valley,Board Games,8,17.38,0.00,cancelled,5
ORD-002413,03/08/2025,CUST-00650,North America,wholesale,SKU-1326,Castle Siege,Board Games,3,$24.47,0.00,completed,3
ORD-002309,2025-04-15 03:18:01,CUST-01613,latam,online,SKU-1328,Deck Box,Accessories,1,11.24,0.00,refunded,16
ORD-003863,2026-04-18 13:32:47,CUST-01673,APAC,online,SKU-1042,Booster Pack,Trading Cards,4,194.67,0.00,refunded,10
ORD-003871,2026-01-10 18:27:20,CUST-01096,APAC,retail,SKU-1376,500pc Night Market,  Puzzles ,1,31.91,0.00,pending,7
ORD-004095,03/25/2025,CUST-01390,LATAM,partner,SKU-1237,Terrain Kit,Miniatures,3,140.39,0.20,pending,15
ORD-004424,20-Mar-2026,CUST-01764,EMEA,retail,SKU-1342,Harvest Moon Valley,Board Games,1,30.81,0.00,pending,1
ORD-002236,2025-04-27 15:24:28,CUST-00002,North America,retail,SKU-1086,Hero Blister,Miniatures,1,96.73,0.25,refunded,11
ORD-002424,03/08/2025,CUST-01309,North America,RETAIL,SKU-1300,Bundle Case,Trading Cards,1,245.94,0.20,refunded,11
ORD-002675,2025-07-27 04:22:43,CUST-01148,North America,retail,SKU-1345,Castle Siege,Board Games,2,76.02,0.25,completed,17
ORD-000546,05/10/2026,CUST-00821,apac,retail,SKU-1035,Playmat,Accessories,3,12.88,0.00,completed,16
ORD-002075,2025-08-27 14:44:42,CUST-01113,LATAM,online,SKU-1188,Harvest Moon Valley,Board Games,4,35.88,0.00,completed,20
ORD-003696,2025-03-01 22:52:29,CUST-01284,APAC,online,SKU-1206,Starter Deck,TRADING CARDS,4,179.57,0.15,pending,12
ORD-002514,08-Nov-2025,CUST-00443,North America,online,SKU-1086,Signal Fire,Board Games,1,55.15,0.00,completed,7
ORD-001721,24-Aug-2025,CUST-00574,North America,online,SKU-1248,Expansion Key,Digital,1,35.16,0.00,pending,9
ORD-001702,13-Aug-2025,CUST-01450,LATAM,online,SKU-1380,Promo Tin,Trading Cards,2,$120.84,0.00,pending,18
ORD-000019,2025-10-24 02:27:10,CUST-00973,North America,ONLINE,SKU-1065,Cosmetic Bundle,Digital,2,13.34,0.00,refunded,1
ORD-000867,2026-05-28 06:18:49,CUST-00632,North America,retail,SKU-1113,Deck Box,Accessories,2,20.88,0.00,pending,4
ORD-002994,2026-01-19 05:21:03,CUST-00558,APAC,wholesale,SKU-1284,Starter Deck,Trading Cards,1,$4.61,0.00,cancelled,15
ORD-000474,2025-03-06 23:18:43,CUST-00727,North America,partner,SKU-1211,Hero Blister,MINIATURES,3,75.11,0.20,refunded,15
ORD-003979,2025-02-06 15:34:30,CUST-01625,North America,online,SKU-1238,2000pc Star Chart,Puzzles,5,20.16,0.00,completed,3
ORD-003315,03/13/2026,CUST-01226,EMEA,partner,SKU-1188,2000pc Star Chart,Puzzles,1,25.50,0.00,cancelled,18
ORD-001768,2025-04-19 20:46:45,CUST-00724,APAC,partner,SKU-1006,500pc Night Market,Puzzles,1,16.35,0.25,pending,13
ORD-003529,2025-07-17 00:24:21,CUST-01484,LATAM,retail,SKU-1247,Cosmetic Bundle,Digital,1,16.23,0.00,pending,7
ORD-003404,08/25/2025,CUST-01555,  APAC ,WHOLESALE,SKU-1372,Season Pass,Digital,2,33.46,0.00,pending,11
ORD-004111,2026-04-15 18:32:13,CUST-01307,APAC,WHOLESALE,SKU-1393,Dice Set,Accessories,8,37.85,0.00,pending,18
ORD-003219,2025-02-02 10:42:30,CUST-00215,APAC,retail,SKU-1055,Harvest Moon Valley,BOARD GAMES,1,52.74,0.00,cancelled,6
ORD-004791,2026-03-25 14:18:35,CUST-00476,EMEA,partner,SKU-1139,Expansion Key,Digital,4,33.01,0.10,refunded,5
ORD-003639,01/20/2025,CUST-00588,LATAM,retail,SKU-1028,Starter Deck,Trading Cards,1,184.54,0.00,completed,17
ORD-004139,2025-04-01 11:16:09,CUST-00678,EMEA,retail,SKU-1222,Expansion Key,Digital,12,1.37,0.15,cancelled,
ORD-004665,2025-09-10 13:45:35,CUST-01732,APAC,wholesale,SKU-1338,2000pc Star Chart,PUZZLES,1,30.33,0.00,pending,11
ORD-000987,04-Nov-2025,CUST-01528,north america,retail,SKU-1098,Booster Pack,trading cards,3,136.73,0.10,refunded,1
ORD-000840,08/07/2025,CUST-01234,LATAM,  partner ,SKU-1086,2000pc Star Chart,Puzzles,2,$32.24,0.25,refunded,4
ORD-003091,2025-01-09T16:34:57Z,CUST-01059,APAC,retail,SKU-1307,Expansion Key,Digital,8,53.94,0.00,completed,10
ORD-002843,2026-06-14 18:20:42,CUST-00570,latam,partner,SKU-1297,Playmat,accessories,12,16.43,0.00,completed,7
ORD-004790,2026-02-27 08:38:36,CUST-00123,LATAM,wholesale,SKU-1258,Collector Box,Trading Cards,3,101.34,0.00,cancelled,1
ORD-001369,2025-05-03T07:46:35Z,CUST-00324,LATAM,wholesale,SKU-1318,Cosmetic Bundle,Digital,5,12.60,0.20,pending,21
ORD-000389,29-Mar-2025,CUST-00740,  APAC ,wholesale,SKU-1340,Bundle Case,Trading Cards,3,184.48,0.25,completed,16
ORD-002953,11/11/2025,CUST-00887,LATAM,online,SKU-1100,Starter Deck,Trading Cards,8,164.37,0.20,completed,3
ORD-000354,2025-02-17 08:24:53,CUST-01650,LATAM,  wholesale ,SKU-1111,Bundle Case,Trading Cards,1,196.94,0.25,cancelled,11
ORD-003237,2026-04-03 14:18:57,CUST-00384,APAC,partner,SKU-1337,Booster Pack,trading cards,3,160.29,0.00,pending,18
ORD-002464,02/05/2026,CUST-00936,North America,partner,SKU-1254,Trade Winds,Board Games,2,70.89,0.00,refunded,1
ORD-000076,2026-01-04 07:01:37,CUST-00226,North America,partner,SKU-1025,Booster Pack,Trading Cards,4,222.58,0.00,pending,10
ORD-003055,2025-11-20 11:12:36,CUST-01480,EMEA,partner,SKU-1279,Deck Box,Accessories,1,25.33,0.15,cancelled,19
ORD-003971,2025-04-28 22:04:47,CUST-00118,EMEA,wholesale,SKU-1093,2000pc Star Chart,Puzzles,3,15.67,0.05,refunded,8
ORD-001861,2025-08-14 19:57:38,CUST-00013,LATAM,online,SKU-1106,Cosmetic Bundle,Digital,1,57.94,0.00,cancelled,18
ORD-003067,06/30/2026,CUST-00736,APAC,PARTNER,SKU-1136,500pc Night Market,PUZZLES,3,30.26,0.00,refunded,21
ORD-004081,2025-07-24 07:02:28,CUST-01147,APAC,wholesale,SKU-1205,500pc Night Market,Puzzles,1,28.17,0.00,refunded,18
ORD-001817,27-Jan-2026,CUST-00968,North America,retail,SKU-1150,500pc Night Market,Puzzles,2,33.88,0.00,pending,19
ORD-000318,09-Sep-2025,CUST-00178,APAC,retail,SKU-1334,Expansion Key,digital,4,33.96,0.00,pending,8
ORD-000516,2025-08-07 15:11:57,CUST-00129,North America,retail,SKU-1219,Trade Winds,Board Games,1,25.20,0.00,pending,21
ORD-001569,14-May-2026,CUST-01709,LATAM,retail,SKU-1307,Collector Box,trading cards,1,192.55,0.00,cancelled,20
ORD-003494,2026-04-06 19:29:53,CUST-00942,North America,partner,SKU-1181,Dungeon Delve,Board Games,2,70.56,0.00,cancelled,21
ORD-003116,2025-11-22 03:03:11,CUST-01342,  EMEA ,retail,SKU-1060,Dungeon Delve,board games,1,42.17,0.00,cancelled,16
ORD-002962,09/24/2025,CUST-01367,North America,wholesale,SKU-1160,Dungeon Delve,Board Games,2,$49.75,0.00,refunded,20
ORD-003079,2025-05-19T20:25:40Z,CUST-00946,APAC,online,SKU-1154,Dice Set,Accessories,8,$22.73,0.00,pending,7
ORD-000206,2025-06-17 15:23:31,CUST-01505,APAC,wholesale,SKU-1048,500pc Night Market,puzzles,1,12.61,0.00,cancelled,19
ORD-002738,06/19/2025,CUST-00637,north america,ONLINE,SKU-1125,Hero Blister,Miniatures,3,138.50,0.10,cancelled,21
ORD-001171,2025-04-05 15:53:16,CUST-00133,North America,wholesale,SKU-1005,1000pc Coastline,Puzzles,3,17.54,0.00,cancelled,20
ORD-003332,2025-03-28 20:35:43,CUST-01638,latam,partner,SKU-1231,Playmat,Accessories,1,$39.22,0.00,refunded,2
ORD-001422,2025-11-25T15:01:28Z,CUST-01459,LATAM,retail,SKU-1347,1000pc Coastline,Puzzles,2,17.27,0.00,pending,15
ORD-002679,2025-11-11T01:12:02Z,CUST-00785,North America,online,SKU-1330,Season Pass,Digital,4,2.89,0.00,completed,2
ORD-004522,21-Oct-2025,CUST-00986,EMEA,wholesale,SKU-1073,Promo Tin,TRADING CARDS,5,213.80,0.00,refunded,5
ORD-002372,10/07/2025,CUST-01120,LATAM,wholesale,SKU-1248,Castle Siege,Board Games,12,41.37,0.00,completed,15
ORD-002181,2025-08-20 02:24:58,CUST-00980,North America,online,SKU-1135,Bundle Case,Trading Cards,4,232.86,0.00,refunded,18
ORD-000075,2025-08-19 01:15:57,,EMEA,online,SKU-1232,Starter Deck,Trading Cards,2,238.09,0.00,refunded,6
ORD-002310,2025-02-06 10:41:51,CUST-01736,LATAM,online,SKU-1076,Deck Box,Accessories,2,39.92,0.00,completed,7
ORD-000923,2026-05-27 09:00:01,CUST-01616,EMEA,partner,SKU-1336,1000pc Coastline,Puzzles,1,29.08,0.05,completed,11
ORD-001864,10/01/2025,CUST-01062,North America,partner,SKU-1131,Harvest Moon Valley,Board Games,1,33.46,0.15,completed,8
ORD-002403,09/20/2025,CUST-01222,LATAM,partner,SKU-1340,500pc Night Market,Puzzles,4,29.95,0.00,cancelled,7
ORD-003687,01/12/2025,CUST-00149,LATAM,partner,SKU-1252,Signal Fire,Board Games,5,25.49,0.00,cancelled,8
ORD-001597,21-Jan-2026,CUST-01173,EMEA,wholesale,SKU-1026,Paint Set,Miniatures,1,41.71,0.00,cancelled,6
ORD-004143,01/19/2025,CUST-01559,emea,wholesale,SKU-1239,Cosmetic Bundle,DIGITAL,8,$34.20,0.00,refunded,6
ORD-000717,24-Jun-2025,CUST-00764,,wholesale,SKU-1388,Collector Box,Trading Cards,2,153.67,0.25,pending,19
ORD-004662,2025-08-03 12:56:13,CUST-01447,North America,retail,SKU-1239,Terrain Kit,Miniatures,1,52.08,0.10,refunded,10
ORD-002629,10/05/2025,CUST-00296,LATAM,retail,SKU-1091,Expansion Key,Digital,1,59.34,0.15,cancelled,1
ORD-002238,2025-07-23 12:08:06,CUST-00486,LATAM,partner,SKU-1299,1000pc Coastline,Puzzles,2,30.18,0.00,completed,19
ORD-002635,07-Feb-2025,CUST-00988,LATAM,online,SKU-1212,Dice Set,Accessories,2,21.36,0.00,pending,8
ORD-003668,09/18/2025,CUST-01561,APAC,retail,SKU-1265,Expansion Key,Digital,1,36.24,0.00,refunded,17
ORD-004731,2025-06-10T12:20:01Z,CUST-00431,North America,partner,SKU-1389,Terrain Kit,Miniatures,1,44.89,0.00,pending,2
ORD-003059,11/27/2025,CUST-01644,APAC,online,SKU-1112,Hero Blister,Miniatures,2,65.52,0.15,cancelled,3
ORD-001257,2025-06-27 10:11:54,CUST-01013,North America,ONLINE,SKU-1255,Promo Tin,Trading Cards,1,133.91,0.00,refunded,10
ORD-004799,2025-12-27 16:17:30,CUST-01667,LATAM,ONLINE,SKU-1305,500pc Night Market,puzzles,3,23.30,0.00,refunded,6
ORD-002175,2026-03-28 00:37:35,CUST-00337,LATAM,retail,SKU-1079,Starter Deck,trading cards,1,142.57,0.00,completed,16
ORD-003180,2025-06-10 09:58:54,CUST-00667,North America,retail,SKU-1115,Paint Set,  Miniatures ,2,103.01,0.00,refunded,18
ORD-003499,07/27/2025,CUST-00285,APAC,RETAIL,SKU-1136,500pc Night Market,Puzzles,1,29.60,0.00,cancelled,7
ORD-000960,2025-01-18 10:40:05,CUST-01338,  EMEA ,retail,SKU-1105,Playmat,Accessories,4,19.97,0.15,completed,16
ORD-001263,2026-02-15 16:18:34,CUST-00274,  APAC ,retail,SKU-1217,Warband Set,Miniatures,1,62.90,0.00,completed,21
ORD-002735,2026-03-03 21:18:04,CUST-01296,EMEA,online,SKU-1122,Dungeon Delve,Board Games,2,62.92,0.00,cancelled,6
ORD-004453,17-Jun-2026,CUST-01528,  APAC ,wholesale,SKU-1184,Terrain Kit,Miniatures,1,109.16,0.00,refunded,20
ORD-000521,03/26/2025,CUST-00727,NORTH AMERICA,wholesale,SKU-1049,Dungeon Delve,Board Games,3,69.11,0.00,cancelled,2
ORD-003308,2025-12-11 18:03:38,CUST-01030,North America,partner,SKU-1109,Card Sleeves,Accessories,3,$18.82,0.00,refunded,6
ORD-004305,2025-06-23 18:35:17,CUST-00082,North America,retail,SKU-1359,Dice Set,Accessories,1,35.67,0.00,refunded,9
ORD-001318,2025-10-16 13:25:08,CUST-01159,North America,retail,SKU-1352,Card Sleeves,Accessories,4,30.90,0.00,pending,7
ORD-001724,2025-02-08 08:18:17,CUST-00394,North America,ONLINE,SKU-1241,Starter Deck,Trading Cards,2,80.32,0.00,refunded,7
ORD-000096,2025-07-09 06:46:07,CUST-00972,EMEA,wholesale,SKU-1080,Dungeon Delve,Board Games,1,41.27,0.00,completed,11
ORD-002784,02-Mar-2025,CUST-00006,EMEA,wholesale,SKU-1061,Expansion Key,Digital,1,27.59,0.10,pending,17
ORD-003127,03/04/2026,CUST-01519,EMEA,partner,SKU-1228,Harvest Moon Valley,Board Games,12,16.84,0.00,completed,11
ORD-002810,2025-10-20 06:47:40,CUST-00102,APAC,  partner ,SKU-1241,Signal Fire,Board Games,8,77.97,0.00,refunded,2
ORD-003333,2025-11-04 12:55:48,CUST-00763,LATAM,retail,SKU-1193,1000pc Coastline,Puzzles,12,27.61,0.00,cancelled,21
ORD-004646,2026-01-16 06:06:49,CUST-01097,North America,PARTNER,SKU-1335,Booster Pack,Trading Cards,2,213.25,0.00,cancelled,19
ORD-001678,2025-05-15 04:20:29,CUST-00638,North America,partner,SKU-1064,Deck Box,  Accessories ,3,14.08,0.15,completed,18
ORD-002163,2025-07-28 22:20:29,CUST-00493,LATAM,retail,SKU-1070,Card Sleeves,Accessories,1,22.48,0.00,cancelled,19
ORD-003414,2025-10-08 00:41:04,CUST-00892,APAC,online,SKU-1322,Booster Pack,Trading Cards,8,238.74,0.10,pending,15
ORD-000468,04/12/2025,CUST-00604,LATAM,wholesale,SKU-1130,Expansion Key,Digital,5,30.92,0.00,refunded,11
ORD-003285,2025-09-25 16:34:01,CUST-00200,EMEA,RETAIL,SKU-1305,Dice Set,Accessories,1,14.54,0.00,refunded,14
ORD-002650,02/01/2026,CUST-01735,North America,partner,SKU-1367,Warband Set,Miniatures,-1,126.20,0.00,completed,10
ORD-004469,2026-04-22 11:22:34,CUST-01217,LATAM,retail,SKU-1016,Collector Box,Trading Cards,5,136.63,0.00,cancelled,19
ORD-000913,2025-07-28 11:48:49,CUST-01360,EMEA,online,SKU-1255,Expansion Key,Digital,4,49.80,0.20,pending,7
ORD-004016,06/16/2026,CUST-01069,APAC,online,SKU-1073,2000pc Star Chart,Puzzles,1,15.47,0.00,cancelled,6
ORD-001653,05/17/2026,CUST-01750,EMEA,,SKU-1324,Expansion Key,Digital,4,$42.46,0.00,refunded,21
ORD-002189,2025-08-23 21:54:21,CUST-00390,LATAM,wholesale,SKU-1146,Hero Blister,Miniatures,1,117.00,0.10,cancelled,10
ORD-004013,14-Oct-2025,CUST-00725,LATAM,online,SKU-1200,1000pc Coastline,  Puzzles ,3,28.89,0.00,pending,5
ORD-003959,03-May-2025,CUST-00048,APAC,online,SKU-1237,500pc Night Market,Puzzles,1,32.84,0.00,completed,15
ORD-001308,10-Apr-2026,CUST-00788,North America,wholesale,SKU-1165,Castle Siege,Board Games,2,46.54,0.10,pending,1
ORD-001019,2026-05-12 18:26:20,CUST-00426,NORTH AMERICA,partner,SKU-1167,Dice Set,Accessories,1,21.48,0.00,cancelled,15
ORD-001475,2025-01-14T09:39:56Z,CUST-01026,EMEA,retail,SKU-1359,Bundle Case,Trading Cards,3,32.07,0.00,refunded,1
ORD-004480,08/02/2025,CUST-00447,North America,partner,SKU-1297,500pc Night Market,Puzzles,1,12.14,0.00,cancelled,17
ORD-000065,2025-11-25 09:43:02,CUST-01706,EMEA,wholesale,SKU-1265,1000pc Coastline,PUZZLES,1,26.04,0.00,cancelled,15
ORD-002584,2026-05-24 17:59:06,CUST-00334,LATAM,retail,SKU-1186,Deck Box,Accessories,5,$23.81,0.25,refunded,6
ORD-003531,2025-03-09 20:09:46,CUST-00955,,partner,SKU-1136,Card Sleeves,Accessories,2,31.03,0.00,cancelled,1
ORD-004230,2025-12-07 08:33:18,CUST-00345,LATAM,wholesale,SKU-1350,Playmat,Accessories,3,24.74,0.00,cancelled,11
